A01;Q03;Q04;Q04A;Q04B;Q05;Q06A;Q06B;Q08;Q08C;Q09A1;Q09B1;Q10A1;Q10B1;Q19A;B08A;B08B;pm17B
10273;1;2; ; ;2;1;2;1;2;1;3;6;8;13; ; ;0,429990253
37216;1;1;2; ;1;2;3;1;1;1;1;2;7;14; ; ;0,429990253
9527;1;1;1; ;1;1;1;1;1;1;1;6;6;11;2;1;0,440840143
10279;1;1;1; ;1;1;1;1;1;1;1;6;6;14;4;2;0,440840143
10282;1;1;1; ;1;1;1;1;1;1;1;2;6;15;1;1;0,440840143
9508;1;1;1; ;1;1;1;4;1;4;1;3;6;10; ; ;0,442755008
10267;1;2; ;2;2;1;1;1;2;5;2;4;6;13;4; ;0,442755008
10560;1;1;1; ;1;1;1;1;2;1;1;4;4;15;1;1;0,442755008
8823;1;1;1; ;2;1;2;2;1;1;1;7;2;14;2;1;0,447449363
8825;1;1;1; ;1;2;1;1;1;1;1;4;4;14; ; ;0,447449363
8831;1;1;1; ;1;1;1;1;4;7;1;7; ; ;1;1;0,447449363
8843;1;1;1; ;1;1;1;1;1;1;3;9;8;15;2;1;0,447449363
8850;1;1;1; ;1;1;1;1;2;1;1;2;5;16;2;2;0,447449363
9497;1;1;1; ;1;1;1;1;1;1;1; ; ;12;3;3;0,447449363
9519;1;2; ;2;2;1;1;1;1;1;1;6;6; ;1;1;0,447449363
9530;1;1;1; ;1;1;1;1;1;1;1;6;5;2;2;1;0,447449363
9535;1;1;1; ;1;1;1;1;1;1;1;3;6;14;1;1;0,447449363
10249;1;1;1; ;1;1;1;1;4;1;7;6; ;15;1; ;0,447449363
10250;1;1;1; ;2;1;2;1;1;1;1; ; ;16;1;1;0,447449363
10284;1;1;1; ;2;1;1;1;1;1;1;6;6;6;2;2;0,447449363
10554;1;1;1; ;1;1;1;1;2;1;1;4;5;12;3;1;0,447449363
10558;1;1;1; ;1;1;1;1;1;1;3;2;8;16;1;1;0,447449363
10563;1;1;1; ;1;1;2;1;1;1;1;2;4;16;3;3;0,447449363
10565;1;1;1; ;1;1;1;1;1;1;1;2;7;16;3;2;0,447449363
10575;1;1;1; ;1;1;1;1;2;1;1;6;4;16;1;1;0,447449363
37203;1;1;1; ;1;1;2;1;1;1;6;2;8; ;3;3;0,447449363
37204;1;2; ;4;1;1;1;1;1;1;1;3;6; ;1;1;0,447449363
37205;1;1;1; ;2;1;2;2;1;1;1;6;6;16; ; ;0,447449363
37223;1;1;1; ;2;1;2;1;2;1;1;6;6;15;3;3;0,447449363
37230;1;1;1; ;1;1;1;1;1;1;1;7;6; ;5;3;0,447449363
8808;1; ;1; ;1;1;1;1;2;4;4; ; ;17; ; ;0,449392936
8821;1;1;1; ;1;1;2;1;2;1;1;3;6;10; ; ;0,449392936
8837;1;1;2; ;1;1;1;1;4;7;1;9;6;15; ;2;0,449392936
9502;1;1; ; ;1;2;1;1;1;1;1; ; ;15;1;1;0,449392936
10278;1; ;1; ;2;1;1;1;2;1;1;3;6;15;1;1;0,449392936
37194;1;1;2; ;2;2;1;2;1;1; ;7;2;14;1;1;0,449392936
35364;1;1;1; ;1;1;2;2;2;1;1;4;7;15;5;5;0,462418633
22327;1;1;1; ;1;1;1;2;1;1;1;2;2;14;4;4;0,464241104
35397;1;1;1; ;1;1;1;1;1;1;1;6;6;14;4;4;0,464241104
22322;1;1;1; ;1;2;1;1;1;1;1;6;6;13; ; ;0,483284599
22328;1;1;1; ;1;2;1;2;1;1;1;7;6;16;3;1;0,483284599
22338;1;1;1; ;1;1;1;1;1;1;3;5;8;12;2;1;0,483284599
22346;1;1;1; ;1;2;1;1;1;1;1;6;6;13;5;2;0,483284599
22358;1;1;1; ;1;1;1;2;2;1;1;6;6;15;1;1;0,483284599
22363;1;1;1; ;1;1;1;1;1;1;1;7;3; ;1;1;0,483284599
35358;1;1;2; ;2;1;3;1;1;1;1;7;6; ;2;1;0,483284599
35362;1;1;1; ;1;2;2;1;1;1;1;6;6;16;2;2;0,483284599
35374;1;1;1; ;1;1;1;1;2;7;1;9;6;16; ;1;0,483284599
35384;1;1;1; ;1;1;1;1;1;1;4;2;4;13;5;5;0,483284599
35395;1; ;2; ;1;1;2;1;1;4;1;8;6;12;1;1;0,485383828
35399;1;1;1; ;2;1;1;1;1;1;1;2;5;10;4;3;0,485383828
21795;1;1;1; ;1;1;1;1;2;1;1;3;3;13;3;2;0,508596956
21740;1;1;1; ;1;1;1;1;2;1;1;6;6;16;2;1;0,510806134
25026;1;1;2; ;2;1;2;1;2;1;1;7;6;14; ; ;0,525970001
25058;1;1;1; ;1;1;1;1;1;1;1;6;4;12;2;1;0,525970001
25060;1;1;1; ;2;1;1;1;1;1;1;2;2;9;1;1;0,525970001
8840;2;1;1; ;1;1;1;1;1;1;3;6;8;17; ; ;0,529164373
8810;2;2; ; ;2;1;2;4;2; ; ; ; ;14; ; ;0,531462889
21534;1;1;1; ;1;1;1;1;1;1;1;2;2;16;2;1;0,531546652
21538;1;1;1; ;1;1;1;1;2;1;1;4;4;15;4;4;0,531546652
21548;1;1;1; ;1;1;1;1;1;1;1; ; ;16;2;2;0,531546652
21554;1;1;1; ;1;1;1;1;1;1;1;2;5;16;3;3;0,531546652
21744;1;1;1; ;1;1;1;1;4;7;1; ; ;12; ;3;0,531546652
21750;1;1;1; ;1;1;1;1;2;1;1;4;5;14;2;5;0,531546652
21764;1;1;1; ;2;1;1;1;2;1;1;6;4; ;4;3;0,531546652
21767;1;1;1; ;1;1;1;1;2;1;1;2;5;16;5;4;0,531546652
21768;1;1;1; ;2;1;1;1;2;4;1;6;6;11;4;1;0,531546652
25005;1;1;1; ;1;1;1;4;2;1;1;2;6;13;2;1;0,531546652
25018;1;1;1; ;1;1;2;1;1;1;1; ; ;13;3;3;0,531546652
25040;1;1;1; ;1;1;1;1;1;1;1;6;6;15;3;2;0,531546652
25045;1;1;1; ;1;1;1;1;1;1;1;2;6;15;4;4;0,531546652
25061;1;1;1; ;1;1;1;1;1;1;1;4;5;14;1;2;0,531546652
25072;1;1;1; ;1;1;1;1;1;1;3;3;8;14;1;1;0,531546652
21549;1; ; ;4;1;1;1;1;1;1;1; ; ;18;2;2;0,533855516
21550;1; ;1; ;1;2;3;1;1;1;1;7;6;17;3;3;0,533855516
25009;1;1;1; ;1;1;2;1;2;1;1;6;2;15;4;4;0,533855516
25050;1;1;2; ;2;1;1;5;2;1;1;4;6;14;3;3;0,533855516
25087;1;1;1; ;1;1;2;1;1;1;1;2;2;15;2;2;0,533855516
8847;2;1;1; ;1;1;1;2;2;7;1;9;6;15;5;3;0,544873225
8816;2; ;1; ;1;1;1;1;2;1;1;5;5;14;5;3;0,553042143
9499;2;1;1; ;1;1;1;2;2;1;1;7;6;13;1;1;0,553042143
9512;2;1;3; ;1;1;1;1;1;5;1; ;6;16;1;1;0,553042143
9521;2;1;2; ;2;1;2;1;1;1;1;6;6; ; ; ;0,553042143
9523;2;1;1; ;1;1;1;1;1;1;4; ; ;15;4;1;0,553042143
10271;2;1;1; ;1;1;1;1;2;1;1; ; ;15; ;3;0,553042143
10555;2;1;1; ;1;1;1;1;2;1;1;7;6;17;2;3;0,553042143
10559;2;1;1; ;1;1;1;1;2;1;2;2;8;16;1;1;0,553042143
10571;2;1;1; ;1;1;1;1;1;1;1;2;7;16;2;2;0,553042143
10581;2; ;2; ;1;1;1;1;1;1;1; ;4; ;2;1;0,553042143
10582;2;1;1; ;1;1;1;1;1;1;1; ; ;16;2;2;0,553042143
10588;2;1;1; ;1;1;1;1;1;1;1;2;6;16;2;2;0,553042143
37192;2;1;1; ;1;1;3;1;1;1;1; ;6;17;3;1;0,553042143
37196;2; ;1; ;1;1;1;1;2;1;1;6;4;15;1;1;0,553042143
37206;2;1;1; ;1;1;1;1;1;1;4;6; ; ; ; ;0,553042143
37221;2; ; ; ;1;1;2;1;2;1;1;2; ;14; ;2;0,553042143
37227;2;1;1; ;1;1;2;1;1;1;4;2;2; ;2;1;0,553042143
37231;2;1;1; ;2;1;2;1;2;1;1;2; ;16;1;1;0,553042143
8827;2;1;1; ;2;1;1;1;1;1;1;6;6;15;5;3;0,555444377
8830;2;1;1; ;2;1;1;1;4;1; ;5; ;15;1; ;0,555444377
8848;2;1;1; ;1;1;1;2;1;4;1;8;2;15;1;1;0,555444377
10263;2;1;1; ;2;1;1;1;1;1;1;7;6;16;2;2;0,555444377
10265;2;1;1; ;1;1;1;1;2;1;2;6;8;16;1;1;0,555444377
37191;2;1;1; ;1;1;1;1;1;1;1;6;5;14; ; ;0,555444377
43895;2;1;1; ;1;1;1;1;1;1;1;7;6;13;4;4;0,583951375
41970;2;1;1; ;1;1;1;1;1;1;1;4;5;14;5;5;0,592706165
42064;2;2; ;1;2;1;1;1;1;1;3;6;8;14;3;3;0,592706165
43894;2;1;1; ;2;1;1;1;1;1;1;6;6;16;2;2;0,592943792
4955;2;1;1; ;1;1;1;2;2;1;1;5;4;12;2;5;0,595966859
5020;2;1;1; ;1;1;2;1;2;7;1;9;6;14; ; ;0,595966859
41377;2;1;1; ;1;1;1;1;1;1;3;3;8;16;4;4;0,602527126
4980;2;1;1; ;1;2;1;2;2;1;1;7;2;15; ; ;0,604901789
41291;2;1;1; ;1;1;1;1;1;1;1;7;7;15;3;2;0,604901789
41453;2;1;1; ;1; ;2;1;1;1;3;4; ;13;5;1;0,604901789
41404;2;1;1; ;2;1;1;1;2;1;1;6;7;14;5;2;0,605144306
11920;2;1;1; ;2;1;1;1;1;1;2;2;8;16;3;3;0,606590631
13854;2;1;1; ;1;1;1;1;1;4;1;8;6;14;4;2;0,606590631
14712;2;1;1; ;1;1;1;1;2;1;1;2;6;10;5;3;0,606590631
37573;2; ;1; ;1;1;1;1;2;1;1;6;4;12;3;1;0,606590631
43925;2;1;1; ;2;2;2;1;1;1;2;3;8;16;3;3;0,607905468
854;2; ;1; ;1;1;1;1;2;1;1;7;7;14;5;4;0,615684837
12231;2;1;1; ;1;1;1;4;2;1;1;1;4;7;5;5;0,615684837
21432;2;1;1; ;2;1;1;1;1;1;1;6;5;14;2;1;0,615684837
24374;2;2; ;2;1;1;2;3;2;3;1;8;6;14;4;1;0,615684837
2279;2;1;1; ;1;1;1;1;1;1;1;4;5;16;2;2;0,617019386
2285;2; ; ;2;1;1;1;1;1;1;3; ;8; ;2;2;0,617019386
2290;2;1;1; ;1;1;1;1;1;1;1;7;5; ;4;4;0,617019386
2294;2;1;1; ;1;1;1;1;2;1;1;7;6;15;4;3;0,617019386
2299;2;2; ;1;2;1;1;4;2; ;2; ;8; ;4;4;0,617019386
2304;2;1;1; ;1;2;1;1;1;1;1;6;6;13;4;3;0,617019386
2317;2;1;1; ;1;1;1;1;1;1;1;4;6;14;5;2;0,617019386
2318;2; ;2; ;2;1;1;1;1;1;3;7;8;16;3;2;0,617019386
28037;2;1;2; ;2;2;2;1;2;6;1; ;7;15; ;4;0,617019386
28067;2;2; ;4;1;2;1;1;1;1;1;2;6;17;4;1;0,617019386
36088;2; ;1; ;1;1;1;1;2;1;1;4;4;16;4;1;0,617019386
36106;2;1;1; ;1;1;1;1;1;1;1;6;6;16;3;3;0,617019386
41866;2; ;1; ;1;1; ;1;1;1;1;7;6;16;1;1;0,617019386
41882;2;1;1; ;2;2;1;1;5; ;4; ;6;16;3;1;0,617019386
41888;2;1;1; ;1;1;1;1;1;1;1;1;5;15;3;3;0,617019386
41891;2;1;1; ;1;1;1;1;1;1;1;7;4;17;4;3;0,617019386
41899;2;1;1; ;1;1;1;1;1;1;1;5;6;18;1;1;0,617019386
41917;2;1;1; ;1;1;1;1;1;1;1;6;6;15;3;2;0,617019386
41921;2;1;1; ;1;1;1;1;1;1;1;4;4;15;4;4;0,617019386
41934;2; ;1; ;2;2;1;2;2;1;4;6;8;16;3;1;0,617019386
41937;2; ;1; ;1;1;1;1;1;2;1;7;4; ;1;1;0,617019386
41953;2;1;1; ;1;2;2;1;1;1;1;2;5;15;2;2;0,617019386
41976;2;1;1; ;1;1;1;1;1;1;1;4;6; ;1;1;0,617019386
41982;2;1;1; ;1;1;1;1;1;5;1;8;7;16;2;2;0,617019386
41985;2;1;1; ;2;2;1;1;1;1;1;7;6;15;4;4;0,617019386
41989;2;1;1; ;1;1;2;1;1;5;1; ;7;16; ; ;0,617019386
41998;2;1;1; ;2;2;2;1;1;1;1;7;6;15;4;4;0,617019386
42013;2;1;1; ;1;2;2;1;2;6;3;8;8;17;2;2;0,617019386
42019;2; ;1; ;1;1;1;1;2;4;7;7; ;13;2; ;0,617019386
42024;2;1;1; ;1;1;2;1;1;5;3;9;9;16;1;1;0,617019386
42028;2;1;1; ;2;2;3;1;2;1;2; ;9;15; ;1;0,617019386
42041;2;1;1; ;1;1;1;1;4;1;7;4;9;14;3; ;0,617019386
42052;2;1;2; ;2;1;1;1; ;1;7;7;9;16;3; ;0,617019386
42062;2;1;1; ;1;1;1;1;2;1;1;4;6;15;3;3;0,617019386
42087;2;2; ;2;2;2;2;1;1; ; ;8;8;15;5;5;0,617019386
42093;2;1;1; ;1;1;1;1;1;1;4;4; ;16;2;1;0,617019386
42098;2;1;1; ;1;1;1;1;2;7;1;9;5; ; ;1;0,617019386
42101;2;1;1; ;1;2;2;1;2;1;3;7;8;15;1;3;0,617019386
42105;2;1;1; ;1;1;2;1;1;1;1; ; ; ;3;3;0,617019386
42118;2;1;1; ;2;1;2;1;2;1;3;5;7;15;1;4;0,617019386
42121;2;1;1; ;1;1;1;1;1;1;1;6;6; ;1;1;0,617019386
42123;2;1;1; ;1;1;1;1;2;1;1;2;4;13;4;4;0,617019386
42130;2;1;1; ;1;1;2;1;1;1;1;7;7;16;3;3;0,617019386
42138;2;1;1; ;1;2;3;1;1;1;4;7;8;15;2;1;0,617019386
42140;2;1;1; ;1;1;1;1;1;1;3;1;8;16;5;3;0,617019386
42150;2;1;1; ;1;1;1;1;1;1;1;4;4;15;2;3;0,617019386
42159;2;1;1; ;1;1;1;1;1;1;3;7;8; ;1;1;0,617019386
42162;2;1;1; ;1;2;2;1;1;1;1;7;5; ;5;1;0,617019386
42165;2;1;1; ;1;1;2;1;1;1;1;6;6;15;4;4;0,617019386
42174;2;1;1; ;1;1;1;1;1;1;1;4;4;15;2;2;0,617019386
43884;2;1;1; ;2;1;1;1;2;2;1;8;4;16; ;2;0,617019386
43898;2;1;2; ;1;1;1;1;2;1;1;7;7;14;4;4;0,617019386
43903;2;1;1; ;1;1;2;1;2;1;1;4;4;16;4;4;0,617019386
43913;2; ;1; ;2;2;2;2;1;1;3;3;8;17;2;2;0,617019386
43917;2;1;1; ;1;1;1;1;4;1;7;4;9;16;4; ;0,617019386
43935;2;1;1; ;1;1;1;1;1;1;1;4;5;15;4;4;0,617019386
43940;2;1;1; ;1;1;1;1;1;1;1;4;6;16;3;3;0,617019386
43944;2;1;1; ;1;1;2;1;2;1;1;4;4;16;5;5;0,617019386
43948;2;1;1; ;1;1;1;1;1;1;2;7;8;16;4;5;0,617019386
43959;2;1;2; ;2;2;1;1;2;1;1; ; ;16;2;2;0,617019386
43970;2;1;2; ;2;1;2;1;1;5;3; ; ;16;2;1;0,617019386
43974;2;1;1; ;1;1;1;1;1;1;1;4;5;16;2;2;0,617019386
43983;2;1;1; ;1;1;1;1;2;1;1;3;4;15;3;2;0,617019386
43987;2;1;1; ;1;1;1;2;1;1;1;7;7; ;2;2;0,617019386
43988;2;2; ;1;1;2;2;4;2;7;4;9;8; ;5;2;0,617019386
43992;2;1;1; ;1;1;1;1;1;1;1;1;4;14;4;1;0,617019386
43995;2;1;1; ;2;1;1;1;2;1;1;7; ;16;3;3;0,617019386
44004;2;1;1; ;1;1;2;1;1;1;3;2;8; ;1;1;0,617019386
44010;2;1;2; ;1;1;2;1;2;1;1;7;6;16;3;3;0,617019386
44024;2;1;1; ;1;1;3;2;2;1;3;6;5;17;4;5;0,617019386
44026;2;1;1; ;1;1;1;1;1;1;1;7;6;16;3;2;0,617019386
44029;2;1;1; ;1;2;2;1;4; ;1; ;6;16; ;1;0,617019386
44034;2; ;1; ;1;1;1;1;1;1;1;6;6;15;3;3;0,617019386
44045;2;1;1; ;2;1;2;1;1;1;3;6;8; ;1;1;0,617019386
44056;2;1;1; ; ;1;1;1;1;1;1;2;6;18;2;2;0,617019386
44059;2;1;1; ;1;1;1;1;1;1;1;7;5;16;5;1;0,617019386
44070;2;1;1; ;1;1;1;1;2;1;1;4;6;14;5;3;0,617019386
44071;2;1;1; ;2;1;2;1;1;2;3; ; ;16;2;1;0,617019386
44076;2;1;1; ;1;1;1;1;1;2;5;8;6;15;2;2;0,617019386
44082;2;1;1; ;1;1;1;1;2;5;1;8;2;16;5;2;0,617019386
2309;2;1;1; ;1;1;1;1;1;1;1;6;5;15;4;1;0,619699515
36085;2;1;1; ;2;2;1;2;1;1;1;3;4;15;5;1;0,619699515
41863;2;1;1; ;1;1;1;2;2;1;2;7;8;16;2;2;0,619699515
41885;2; ;1; ;2;1;1;2;1;1;2;4;8;15;2;5;0,619699515
41894;2;1;1; ;1;1;1;1;1;1;1;2;6;10;5;5;0,619699515
41961;2;1;1; ;1;1;1;1;1;1;1;7;6;13;4;4;0,619699515
42010;2; ;1; ;1;1;2;1;1;1;1;7; ;15;3;3;0,619699515
42030;2; ; ; ;2;1;2;5;2;1;1;7;6;16;1;1;0,619699515
42084;2;1;1; ;1;1;1;1;1;1;1;4;6;16;4;4;0,619699515
42132;2;1;1; ;2;1;1;2;2;1;2;7;8; ;3;3;0,619699515
42157;2;1;1; ;2;1;3;1;2;7;2;9;8;15;2;2;0,619699515
42164;2;1;1; ;1;2;2;1;2;1;1;4;6;15;3;3;0,619699515
42166;2;1;1; ;1;1;1;1;2;1;1;2;6;15;3;3;0,619699515
43904;2;1;1; ;2;2;1;1;1;1;3;6;8;17;2;1;0,619699515
43981;2;1;1; ;2;2;2;1;1;1;1;2;4;16;2;2;0,619699515
44003;2;1;2; ;2;1;1;1;2; ;1; ; ; ; ;3;0,619699515
44012;2;1;1; ;1;2;2;1;2;5;1;8;6;15;5;4;0,619699515
44038;2;1;1; ;1;1;1;1;4;7;1;9;4;15;1;2;0,619699515
44051;2; ; ;4;1;2;2;5;1;7;7;2;2;16;1;1;0,619699515
44064;2;1;1; ;1;1;1;3;4;6;7; ; ;13;5; ;0,619699515
5011;2;1;1; ;1;1;1;1;1;1;1; ; ;16;1;1;0,623108709
22834;2;1;1; ;1;1;2;1;2;1;1;4;4;15;2;2;0,623108709
41292;2;1;1; ;2;2;2;1;2;4;1; ; ;12; ;3;0,623108709
41364;2;1;1; ;1;1;1;1;1;1;1;7;7;15;4;4;0,623108709
35684;2; ;1; ;1;1;1;1;1;1;1;5;5; ;4;4;0,62720253
24381;1;2; ;2;2;3;3;1;1;6;6; ; ; ;1;1;0,629290934
825;1;1;1; ;2;1;1;1;1;5;6;7; ; ; ; ;0,629543228
28921;2;1;1; ;1;1;1;1;1;2;1;8;5;15;2;1;0,629674444
4950;2;1;1; ;1;1;1;1;1;1;1;6;6; ;1;1;0,629715283
4963;2;1;1; ;2;1;1;1;1;1;1;6;6;16;2;2;0,629715283
4971;2;1;1; ;1;1;1;1;2;7;4;9;6;15; ;1;0,629715283
4984;2;1;1; ;2;1;1;1;2;1;1; ;6;17;1;2;0,629715283
4988;2;1;1; ;2;2;1;1;1;1;1;7;6;17;1;2;0,629715283
4990;2;1;1; ;1;1;2;1;1;1;1;7;3;15;1;1;0,629715283
5000;2;1;1; ;1;1;1;1;2;7;1;9;6; ;5;1;0,629715283
5024;2;1;1; ;1;1;1;1;2;1;3;4;8; ;3;3;0,629715283
5028;2;1;1; ;2;1;1;1;4; ;3;9;8; ;1;1;0,629715283
5037;2;1;1; ;1;1;1;1;2;1;1;4;4;15;5;1;0,629715283
21605;2;1;1; ;2;1;1;1;1;1;1;6;6;14;4;1;0,629715283
21623;2; ;1; ;2;1;1;1;1;1;1;7;5;16;1;1;0,629715283
21650;2; ;1; ;1;1;1;1;1;6;1;8;6; ;1;1;0,629715283
22824;2; ;1; ;2;1;2;1;1;1;1;7;3;16;2;1;0,629715283
22832;2;1;1; ;1;1;1;1;1;1;1;6;6;17;2;2;0,629715283
22842;2;1;1; ;1;1;1;1;1;1;1;4;4; ;5;5;0,629715283
22844;2;1;1; ;1;1;1;2;1;1;1;4;6;12;5;4;0,629715283
22862;2;1;1; ;1;1;1;1;2;7;1;9;4;16; ;1;0,629715283
22869;2;1;1; ;1;1;1; ;2;1;1;7;7;14;2;4;0,629715283
22871;2;2; ;1;2;1;2;1;1;1;1;7; ;16;2;2;0,629715283
22881;2;1;2; ;2;2;1;1;1;1;1;7; ;13;2;1;0,629715283
22883;2;1;1; ;1;1;1;1;1;1;1; ;6; ;4;4;0,629715283
22889;2;1;1; ;1;1;1;1;1;1;1;5;5;14;4;1;0,629715283
39056;2; ;1; ;2;1;1;1;1;1;3;3;8;15;5;4;0,629715283
39075;2;1;1; ;1;1;1;2;1;1;1;2;2;12;2;2;0,629715283
39971;2;1;1; ;1;1;1;1;1;1;4;4;8;16;2;2;0,629715283
39975;2;1;1; ;1;2;3;1;1;1;1;5;6;15;1;2;0,629715283
39978;2;1;1; ;1;1;1;1;2;1;1;7;6;13;4;3;0,629715283
39981;2;1;1; ;1;1;1;1;1;1;1;7;4;18;2;2;0,629715283
39997;2; ;1; ;2;1;1;1;1;1;1;7;6;16;2;2;0,629715283
40004;2;1;1; ;1;1;1;1;2;1;1;4;5;14;3;3;0,629715283
40006;2;1;1; ;1;1;1;1;1;1;2; ;8;15;5;3;0,629715283
41300;2;1;1; ;1;2;1;1;1;1;1;4;5;7;5;5;0,629715283
41306;2;1;1; ;1;1;1;1;2;1;1;7;5;12;5;5;0,629715283
41326;2;1;1; ;1;1;1;1;1;1;1;4;5;14;1;2;0,629715283
41333;2;1;1; ;1;1;1;1;1;1;3;7;8;15;1;1;0,629715283
41334;2;1;1; ;1;1;1;1;2;1;1;7;4;16;5;3;0,629715283
41354;2;1;1; ;2;1;2;1;1;1;3;7;8;17;1;1;0,629715283
41355;2;1;1; ;2;1;1;1;1;3;3;8;8; ;1;1;0,629715283
41366;2;1;2; ;1;1;1;1;2;7;1;9;7;16; ;1;0,629715283
41374;2;1;1; ;2;1;1;1;2;3;1;8;5;15;4;4;0,629715283
41378;2;1;1; ;2;1;1;1;1;1;1;3;2;16;2;2;0,629715283
41396;2; ;1; ;1;1;1;1;1;1;3;5;8;16;3;3;0,629715283
41411;2;1;1; ;1;2;1;1;2;1;1;2;5;10;4;4;0,629715283
41416;2;1;1; ;2;1;1;1;1;1;2;7;8;17;1;1;0,629715283
41417;2;1;1; ;2;1;1;1;2;1;1;6;5;13;2;1;0,629715283
41420;2;1;1; ;1;1;1;1;1;1;1;4;4;16;4;4;0,629715283
41446;2;1;1; ;1;1;1;1;1;1;1;2;2;15;3;2;0,629715283
41463;2;1;1; ;1;1;1;1;1;1;4;4;5;9;4;3;0,629715283
41472;2;1;1; ;2;2;2;1;2;1;1;6;6; ;1;1;0,629715283
41477;2;1;1; ;2;2;2;1;1;1;1;3;3;16;2;1;0,629715283
11636;2;1;1; ;1;1;1;1;1;1;1;5;5;16;4;5;0,631334039
24104;2;1;1; ;1;2;2;1;1;1;1;2;6;14;4;1;0,631473403
21431;1; ;2; ;1;1;3;2;1;1;1;7;5;10; ; ;0,632024367
24103;1;1;1; ;1;1;1;1;1;5;3;3;5;14;3;4;0,632024367
24112;1;1;1; ;2;1;2;2;2;1;1;3;6;16;1;1;0,632024367
24121;1;1;2; ;2;1;1;1;1;1;1;6;6;12;5;4;0,632024367
12227;1;1;1; ;2;1;1;1;2;1;2;1;8; ; ; ;0,632277757
4961;2;1;1; ;2;1;1;1;2;1;1;7;7; ; ; ;0,632450559
4974;2;1;1; ;2;1;1;1;1;1;1; ;6;14;2;2;0,632450559
5008;2;1;1; ;1;1;1;1;2;1;1;3;6;15;1;5;0,632450559
5013;2;1;1; ;1;1;1;1;1;1;1;6;6;15;2;2;0,632450559
16506;2;1;1; ;1;1;1;1;1;1;1;7;6;16;3;2;0,632450559
21608;2;1;1; ;2;1;1;1;1;1;1;5;5;15;4;4;0,632450559
21646;2;1;1; ;2;1;2;1;1;1;1;2;4;16;1;1;0,632450559
22860;2;1;2; ;1;2;2;4; ;7;1;9; ;14;1;3;0,632450559
22886;2; ;2; ;2;2;2;1;2; ;1; ; ;10; ;2;0,632450559
33124;2; ;1;2;2;2;2;1;1;1;3;7; ;16;1;1;0,632450559
39046;2;1;1; ;2;2;2;1;1;1;1;1;1;13; ; ;0,632450559
41298;2;1;1; ;1;1;2;1;1;1;1;2;6;16;5;5;0,632450559
41308;2;2; ;3;2;1;1;1;2;1;1; ; ; ;3;1;0,632450559
41338;2;1;1; ;1;1;1;1;1;1;1;4;6;13;3;3;0,632450559
41344;2;1;1; ;1;1;1;1;2;6;1;8;4;15;4;2;0,632450559
41348;2;1;1; ;1;1;1;1;2;1;1;6;6;12; ; ;0,632450559
41384;2;1;1; ;1;1;1;1;2;1;1;7;6;15;3;3;0,632450559
41401;2;1;1; ;2;1;1;2;2;1;1;7;7;16;1;1;0,632450559
41408;2;1;1; ;1;1;1;2;1;1;1;4;6;12;5;5;0,632450559
41438;2; ;2; ;2;1;1;1;1;1;1;6;6;14;4;4;0,632450559
41444;2; ;2; ;1;1;2;1;1;1;2;2;1;14;5;5;0,632450559
41451;2;1;1; ;1;1;1;2;1;1;1;4;4;14;4;4;0,632450559
41459;2;1;1; ;1;1;1;2;1;1;1;5;5;16;5;5;0,632450559
41461;2;1;1; ;1;1;2;1;2;1;1;7; ;15;2;3;0,632450559
2280;1; ;1; ;2;1;2;1;1;1;1;2;2;16;4;4;0,632938788
27751;1;1;1; ;2;1;1;2;2;1;1;5;7;15;4;4;0,634294704
35791;1; ;2; ;1;1;2;1;1;1;1;7;6;10;2;2;0,634294704
36102;1;1;1; ;2;1;1;1;2;2;3;8;8;12;5;4;0,635688066
41904;1;1;1; ;1;1;1;1;2;5;1; ; ;13;1;5;0,635688066
27907;1;1;1; ;1;1;1;4;2;3;1;8;3;12;4;5;0,636189071
12352;2;1;1; ;1;1;1;2;1;1;1;5;6;10;4;4;0,636737629
37024;1;1;1; ;1;1;1;1;2;1;1;3;4;13;5;5;0,636794569
1699;1;1;2; ;1;1;2;1;1;1;3;4;8;10;5;4;0,638696402
27969;1;1;1; ;2;1;2;2;2;1;1;7;6;12;5;3;0,638696402
2404;1;1;2; ;2; ;2;1;1;1;3;7;8;14; ; ;0,638952467
12139;2;1;2; ;1;1;1;4;2;2;1;8;6;19;3;2;0,640799206
586;2; ;1; ;1;2;2;1;1;1;1;6;7;15;2;2;0,640940659
840;2;1; ; ;1;2;2;1;1;1;1;7;6; ;4;2;0,640940659
844;2; ;1; ;2;1;1;1;1;1;3;7;8; ;1;1;0,640940659
845;2;1;1; ;1;1;1;1;1;1;3;7;8;15;2;2;0,640940659
846;2;1;1; ;2;2;1;1;2;2;1;8;7;13;3;3;0,640940659
858;2; ;1; ;2;2;2;1;1;1;1;2;2;16;2;1;0,640940659
861;2;1;1; ;1;1;1;2;1;1;1;2;4;15;5;4;0,640940659
9856;2;1;1; ;1;2;1;1;1;1;1;6;6;14;2;2;0,640940659
11586;2;1;1; ;1;1;2;1;1;1;2;7;8;14;4;4;0,640940659
11938;2;1;1; ;2;1;1;1;1;1;1;6;6;17;3;3;0,640940659
12643;2;1;1; ;1;1;1;1;1;1;5;7;5;15;5;2;0,640940659
13010;2;1;1; ;2;1;2;1;1;1;1; ;6;14;1;1;0,640940659
13017;2;1;1; ;1;2;1;1;1;1;1;4;4;14;2;2;0,640940659
13020;2;1;1; ;1;2;2;1;1;1;1;7;6;16;5;5;0,640940659
13025;2;1;1; ;1;1;1;1;1;1;1;1;4;13;2;1;0,640940659
14743;2;1;1; ;1;1;2;1;1;2;1;8;4;16;5;1;0,640940659
16398;2;1;1; ;1;2;2;1;1;1;1;7;4;16;2;2;0,640940659
16410;2;1;1; ;1;1;1;1;1;1;1;7;5;14;4;4;0,640940659
16414;2;1;1; ;2;2;2;1;1; ;3;8;8;15;2;2;0,640940659
16422;2;1;1; ;2;1;2;1;2;1;1;7;7; ;4;4;0,640940659
21427;2;1;1; ;1;2;2;1;1;1;1;7;5;10;4;4;0,640940659
21444;2;1;1; ;1;1;1;1;1;1;1;7;7;13;4;4;0,640940659
24042;2;2; ;4;2;1;1;1;2;6;2;8;6;15;4;1;0,640940659
24097;2;1;1; ;1;2;1;1;2;1;1;6;6;14;2;2;0,640940659
24102;2; ;1; ;2;1;1;1;2;1;4;5;8;16;1;1;0,640940659
24108;2;1;1; ;1;2;1;2;1;1;4;7;8;13; ; ;0,640940659
24118;2;1;1; ;1;1;1;1;2;1;1;7;6;15;3;3;0,640940659
24359;2; ;2; ;1;1;2;1;2;1;1;6;6;15;2;1;0,640940659
24368;2; ;1; ;1;1;1;1;2;1;1;7;7; ;1; ;0,640940659
25035;2;1;1; ;1;1;1;1;1;1;3;1;8;13; ; ;0,643546813
11935;2;1;1; ;2;1;1;1;1;1;1;6;5; ;3;3;0,643724694
12213;2; ;1; ;2;1;2;2;1;1;1;2;2;15;2;2;0,643724694
13030;2; ; ;2;1;1;1;4;2;5;3;8;8;16;2;2;0,643724694
13032;2;1;1; ;2;1;1;1;2;6;1;9;2;15; ;3;0,643724694
16396;2; ;2; ;1;2;2;1;1;2;2;8;8;16;3;1;0,643724694
16404;2;2; ; ;2;2;3;4;2;1;1; ;6; ;2;1;0,643724694
21433;2;1;2; ;2;1;1;1;1;1;1;6;6;15;3;2;0,643724694
23978;2;1;1; ;1;1;1;2;1;1;2;4;4;15;4;3;0,643724694
24096;2;2; ;1;2;1;2;1;1;4;1; ;7;16;5;3;0,643724694
24388;1;1;1; ;1;1;1;1;1;1;1;7;6;16;4;4;0,643804258
28069;1;1;2; ;2;1;1;1;4;7;1;9;7; ; ;3;0,64521851
43920;1; ;1; ;2;1;1;1;1;1;1;6;6;14;5;2;0,64521851
44048;1;1;1; ;1;1;1;1;2;1;4;4;6;16;3;2;0,64521851
29101;2;1;1; ;1;1;1;1;1;2;3;2;8;16;1;1;0,645821758
12358;2; ;1; ;1;1;1;1;2;1;1;7;7;13;1;1;0,646283808
12362;2;1;2; ;2;1;2;1;1;2;3;5;8;15;2;2;0,646283808
12688;1;2; ;1;2;1;2;1;4;4;7;7;7;16; ; ;0,646341602
24406;1;1;2; ;1;2;2;1;2;7;1;9;7;12; ;4;0,646341602
40018;1;1;1; ;2;1;2;3;5;7;3; ; ; ; ;2;0,646341602
40022;1;1;1; ;1;1;1;1;1;1;1;5;5;15;4;4;0,646341602
7724;2;1;2; ;1;1;1; ;2;1;7;7;9;14;5; ;0,647843675
12235;1;1;1; ;1;2;1;2;1;1;1;5;6;15;4;4;0,648231942
16409;1;1;1; ;2;1;1;1;1;1;1;6;5;14;5;5;0,648231942
21438;1;1;1; ;1;1;1;1;1;1;1;2;6;16;4;4;0,648231942
1684;1;1;1; ;2;1;2;1;2;6;1; ;6;13; ; ;0,648271948
1710;1;1;2; ;1;1;2;1;1;1;1;7;6;13;1;1;0,648271948
27904;1;1;1; ;1;1;1;1;1;1;1;4;4;13;2;2;0,648271948
27981;1;1;1; ;2;1;1;1;2;7;1;9;6;13;1;1;0,648271948
25108;1;1;1; ;2;2;3;3;1;1;2; ; ;16;1;1;0,648531852
37515;2;1;1; ;1;1;1;1;2;1;1;4;5;12;3;3;0,648626995
14721;1;1;1; ;2;1;2;2;1;1;1;7;5;10;4;2;0,651047648
16399;1;1;1; ;1;1;1;1;4; ;1; ;6;14; ;1;0,651047648
21429;1;1;2; ;1;1;1;1;2;1;4;6;4;12;4;4;0,651047648
23997;1;1;1; ;2;1;1;1;1;1;1;3;6;14; ; ;0,651047648
21539;2;1;2; ;1;1;1;1;2;1;1;4;6;15;5;5;0,653195078
21546;2;1;1; ;1;1;1;1;2;1;1;6;5;15;2;2;0,653195078
21737;2; ; ;4;1;1;1;1;2;5; ;6;9;15;1; ;0,653195078
21748;2; ;1; ;1;1;1;1;1;1;1;4;4;15;2;2;0,653195078
21757;2;1;1; ;1;1;1;1;2;1;1;7;7; ;5;1;0,653195078
21766;2;1;1; ;2;1;1;1;2;2;4;8;8;15; ;2;0,653195078
21798;2;1;1; ;1;1;1;1;2;1;1;4;6;17;1;1;0,653195078
25021;2;1;1; ; ;1;1;1;2;1;1;2;4;18;2;2;0,653195078
25065;2;1;1; ;1;1;1;1;1;1;1;5;6;16;2;1;0,653195078
25081;2; ;2; ;1;1;2;1;2;2;6;8;9;17;1; ;0,653195078
20609;2;1;1; ;2;2;2;1;1;1;1;7;6; ;4;2;0,65497499
33254;2;1;2; ;1; ;2;1;1;5;1;7;6;16;5;1;0,65497499
28344;2;1;1; ;1;1;1;1;1;1;1;4;4;13;2;2;0,655504129
28362;2;1;1; ;1;1;1;1;1;1;1;4;4;10;4;4;0,655504129
28911;2; ;1; ;1;2;2;2;2;6;3; ;8;14;1;1;0,655504129
28914;2;1;1; ;1;1;1;1;1;1;1;6;6;15;5;5;0,655504129
28916;2;1;1; ;1;1;1;1;1;1;2;4;8;10;4;4;0,655504129
28926;2;1;1; ;2;2;2;3;2;1;2;7;8;17;4;1;0,655504129
28930;2;1;1; ;1;1;1;1;1;1;1;7;5; ;3;2;0,655504129
28936;2;1;1; ;1;1;1;1;1;1;1;7;7;15;3;2;0,655504129
28941;2;1;1; ;1;1;1;1;1;1;1;4;4;16;3;3;0,655504129
28945;2;1;1; ;1;1;1;1;2;1;1;7;2;15;4;1;0,655504129
28969;2;1;1; ;1;1;1;2;1;1;1;6;6;15;4;4;0,655504129
28978;2;1;1; ;1;3;3;1;2;1;1;7;6;15;1;3;0,655504129
28987;2;1;1; ;1;1;1;1;2;1;1;7;6;11;3;2;0,655504129
29006;2; ;1; ;1;1;1;1;1;1;1;7;5;15;1;1;0,655504129
29011;2;1;1; ;1;1;1;1;1;1;3;4;4;15;5;2;0,655504129
29015;2;1;1; ;2;2;2;1;1;1;3;7;8;14;2;2;0,655504129
29018;2;1;1; ;1;1;1;1;2; ;1; ;6;15; ;4;0,655504129
29020;2;1;1; ;1;1;1;1;1;1;1;3;6;15;3;4;0,655504129
29028;2;1;1; ;1;1;2;1;1;5;1;8;5;16;2;2;0,655504129
29090;2;1;1; ;1;1;1;1;1;1;1;7;6; ;2;1;0,655504129
29091;2;1;1; ;1;1;1;1;1;1;1;7;7;17;2;2;0,655504129
29104;2;1;1; ;2;1;1;1;1;1;1; ; ; ;2;2;0,655504129
29111;2;1;1; ;1;1;1;1;1;1;1; ; ;15;3;3;0,655504129
29180;2; ;1; ;1;1;1;1;2;1;1;4;5;16;4;4;0,655504129
29205;2;1;1; ;1;1;1;1;1;2;4;8;8; ;4;4;0,655504129
29209;2;1;1; ;1;1;1;1;1;1;1;7;6;16;2;2;0,655504129
29215;2;1;1; ;2;1;1;1;1;1;3;7;8; ;2;1;0,655504129
29222;2;1;1; ;1;1;1;1;1;1;1;6;6;12;3;3;0,655504129
29229;2;1;1; ;1;2;3;1;1;1;1;7;7;19;4;4;0,655504129
29230;2;1;1; ;2;2;2;1;1;1;1;2; ;16;2;2;0,655504129
29234;2; ;1; ;1;1;1;1;1;1;2;7;8;14;3;3;0,655504129
29240;2;1;1; ;1;1;2;1;2;1;3; ;8; ;1;1;0,655504129
29250;2;1;1; ;1;1;1;1;1;1;1;4;7;15;3;3;0,655504129
29371;2;1;1; ;1;1;1;1;1;1;4;6;8;17;2;2;0,655504129
29411;2;1;1; ;1;2;1;1;1;1;3;7;8;17;3;3;0,655504129
29416;2; ;1; ;2;2;1;1;2;2;3;8;8;16;3;2;0,655504129
29418;2;1;1; ;1;1;1;1;2;1;1;7;6;14;3;2;0,655504129
29422;2;1;1; ;1;1;1;1;2;1;1;6;4;15;5;2;0,655504129
30255;2;2; ;1;2;1;1;1;1;1;1;7;6;15;4;1;0,655504129
35690;2;1;1; ;1;1;1;1;1;1;1;4;4;10;3;3;0,655504129
35695;2;1;1; ;1;1;1;1;2;4;1;9;6;13;2;2;0,655504129
35702;2;1;1; ;1;1;1;1;1;1;1;7; ;16;2;1;0,655504129
35704;2;1;1; ;2;1;1;1;2;1;1; ;6;15;1;3;0,655504129
35707;2;1;1; ;2;1;1;1;2;2;1;8;8;16;5;2;0,655504129
35709;2;1;1; ;1;1;1;1;2;1;1; ;6; ;4;2;0,655504129
35712;2;1;1; ;1;1;1;1;1;1;1;2;4;16;2;2;0,655504129
37236;2;1;1; ;2;1;1;1;1;1;3;6;8; ;1;1;0,655504129
37251;2;1;1; ;1;1;1;1;1;1;1;7;6;14;5;4;0,655504129
37262;2;1;1; ;1;1;2;1;1;2;1;8;6;13;4;4;0,655504129
37268;2;1;1; ;1;1;1;1;1;5;1;8;5; ;1;1;0,655504129
37275;2;1;1; ;1;3;3;2;1;1;1;3;3;12;5;5;0,655504129
37502;2;1;1; ;1;1;1;1;1;1;4;4;8;15;2;2;0,655504129
37503;2; ; ;2;2;2;3;1;1;2;3;8;8;15;1;2;0,655504129
37509;2;1;1; ;1;1;1;1;2;1;3;6;8;10;3;3;0,655504129
37527;2; ; ;2;2;1;1;1;1;1;3; ;8;16;3;1;0,655504129
37532;2;1;1; ;2;1;1;1;1;1;3;7;8; ;2;2;0,655504129
37533;2;1;1; ;1;1;1;1;1;1;3;4;8; ;1;1;0,655504129
37536;2;2; ;2;1;1;1;1;1;1;1; ; ;15;3;3;0,655504129
37540;2;1;1; ;1;1;1;2;1;1;1;2;6;13;2;2;0,655504129
21536;2;1;1; ;1;1;2;1;1;1;4;7;5;15;2;1;0,656032343
21537;2;1;1; ;1;1;1;1;1;1;3;6;8;14;4;4;0,656032343
21753;2;1;2; ;1;1;1;1;1;1;1; ;6;15;4;1;0,656032343
21772;2;1;1; ;2;2;2;1;1;1;1;2;2;16;1;1;0,656032343
21776;2;1;1; ;2;1;1;1;5; ;3; ;8;13; ;3;0,656032343
21783;2;1;1; ;1;1;1;1;1;1;1;6;6;15;1;1;0,656032343
25030;2;1;1; ;1;1;1;1;2;1;1;4;4;13;3;3;0,656032343
25036;2; ;1; ;1;1;1;1;2;1;1;7;6;11;3;2;0,656032343
25074;2;2; ;2;2;2;2;1;1;2;1;8;6;17;4;1;0,656032343
11712;2;2; ;2;2;1;2;1;1;2;1;1;7;12;1;1;0,657231803
7717;2; ;2; ;1;1;1;1;2;1;1; ;7;13;2;1;0,657556359
826;1;2; ;2;1;1;1;4;1;1;1;2;4;15;2;2;0,657950447
827;1;1;2; ;2;2;2;1;1;1;1;7;5;14;2;2;0,657950447
832;1; ;1; ;1;3;3;1;1;1;1;2;6;15;4;1;0,657950447
841;1;1;1; ;2;2;3;1;1;1;1;7;5; ;3;3;0,657950447
11577;1;1;1; ;2;1;1;2;1;1;1; ;6;15;5;5;0,657950447
11913;1;1;1; ;1;1;1;1;1;3;1;8;6;10;3;3;0,657950447
12232;1;1;1; ;2;1;1;1;1;1;1;2;6;14;4;4;0,657950447
12634;1;1;1; ;1;1;1;1;1;1;3;7;8; ;1;1;0,657950447
13014;1;1;1; ;2;1;1;1;2;1;1;6;6;12;2;2;0,657950447
13026;1;1;1; ;1;1;1;1;1;1;1;1;2;14;5;2;0,657950447
13027;1;1;1; ;1;1;1;1;1;1;1;7;6; ;1;1;0,657950447
13847;1;1;1; ;1;1;1;1;1;2;3;7;8;14;1;1;0,657950447
13859;1;1;1; ;1;1;1;1;1;1;1;6;6;15;4;3;0,657950447
13862;1;1;1; ;2;1;2;1;1;2;2;8;8; ;1;1;0,657950447
13867;1;1;1; ;1;1;2;1;1;1;1;7;2;15;4;3;0,657950447
13880;1;1;1; ;2;2;2;1;4; ;1; ;4;13; ;3;0,657950447
14728;1;1;1; ;1;1;1;1;1;1;1;6;5;15;2;2;0,657950447
14730;1;1;1; ;2;2;1;1;2;1;1;3;5;14;5;3;0,657950447
16393;1;1;1; ;2;2;2;2;2;3;1;2;6;10; ; ;0,657950447
16419;1;1;1; ;1;1;1;1;1;1;3;4;8; ;1;1;0,657950447
16420;1;1;1; ;1;1;1;1;1;1;1;4;6;15;4;4;0,657950447
23969;1;1;2; ;1;1;1;2;1;1;1;7;6;14; ; ;0,657950447
23990;1;1;1; ;1;1;1;1;1;1;1;5;1;12;2;1;0,657950447
24003;1;1;1; ;2;1;1;1;1;1;1;2;2;15;3;3;0,657950447
24005;1;1;1; ;1;1;1;2;1;1;1;7;7;16; ; ;0,657950447
24018;1;1;2; ;2;3;2;1;1;1;2; ; ;17;1;1;0,657950447
24046;1;1;1; ;1;1;3;1;1; ; ; ; ;16;3;3;0,657950447
24106;1;1;1; ;1;1;2;1;1;2;1;8;5;15;3;2;0,657950447
24111;1;1;1; ;1;2;2;1;2;1;1;5;6;15;3;2;0,657950447
24345;1;1;1; ;2;1;1;1;1;1;1;7;6;14;4;2;0,657950447
24350;1;1;1; ;1;1;1;1;1;1;1;1;6;12;2;1;0,657950447
24353;1;1;1; ;2;2;2;1;2;1;1;6;6;9;5;1;0,657950447
24355;1;1;1; ;1;1;2;1;2;1;1;7;6;14;3;2;0,657950447
24360;1;1;1; ;2;2;2;1;1;1;1;6;5; ;2;2;0,657950447
24365;1; ;1; ;2;1;2;1;1;1; ; ; ; ;3;1;0,657950447
24366;1;1;3; ;1;1;2;1;1;1;1;6;6;14;3;3;0,657950447
24373;1;1;1; ;1;2;1;1;1;1;1;5;6;16;4;3;0,657950447
24377;1; ;1; ;1;1;1;1;1;1;1;1;5;14;2;1;0,657950447
28349;2;1;1; ;2;1;1;1;1;4;1;8; ; ;1;1;0,658351423
28357;2;2; ;2;2;1;2;1;2;1;1; ; ;13; ; ;0,658351423
28922;2;1;1; ;1;1;1;1;1;2;1;3;4;15;5;2;0,658351423
28958;2;1;1; ;1;1;1;1;2;1;3;2;8;15;1;2;0,658351423
28974;2; ;2; ;1;1;1;1;1;1;1;7;7;15;4;4;0,658351423
28996;2;1;1; ;1;1;1;1;1;1;3;7;8;13;1;1;0,658351423
29007;2;1;1; ;1;1;1;1;2;1; ;7;8;15;4;2;0,658351423
29117;2;1;1; ;2;2;2;1;1;1;3;4;8;16;1;1;0,658351423
29236;2;1;1; ;2;1;2;1;2;5;3;2;8;15; ;4;0,658351423
29251;2;1;1; ;1;1;2;1;2;7;1;9;5;15;5;2;0,658351423
29390;2;1;1; ;1;1;1;1;1;1;1;2;5;16;3;3;0,658351423
29405;2;1;1; ;1;1;1;1;1;1;1;6;6;14;2;2;0,658351423
29430;2;1;1; ;1;1;2;1;2;6;1;9;7;13; ;1;0,658351423
29432;2;1;1; ;2;1;1;1;2;7;4;7;6;14;1;1;0,658351423
35678;2;1;1; ;1;1;1;1;1;1;1;7;6; ;4;4;0,658351423
35687;2; ; ;1;1;1;2;1;4; ;1; ; ;15;1;1;0,658351423
35692;2;1;1; ;1;1;1;1;1;1;1;7;6;14;3;3;0,658351423
37249;2;2; ;2;2;2;2;1;1;5;3; ;8; ;1;1;0,658351423
37253;2;1;1; ;1;1;1;1;2;1;1;2; ;16;4;4;0,658351423
37497;2;1;1; ;2;3;2;1;1;1;1; ; ;16;1;1;0,658351423
37511;2;1;1; ;1;1;1;1;1;1;3;6;8;16;4;4;0,658351423
37524;2; ;2; ;1;1;1;1;2;2;1;8; ; ; ;2;0,658351423
610;1;1;2; ;2;1;1;1;2;1;1;7; ;13;5;1;0,660808368
828;1; ;1; ;2;1;2;1;1;4;1;8;6;14;2;2;0,660808368
11911;1;1;1; ;1;1;1;1;1;1;1;6;6;16;5;5;0,660808368
21426;1;1;2; ;2;2;1;1;1;1;1; ; ;17;1;1;0,660808368
24382;1;1;1; ;2;3;3;1;1;6;1; ; ; ; ; ;0,660808368
41955;1;1;1; ;1;1;1;1;2;1;1;6;6;7;2;3;0,661764434
42096;1;1;2; ;2;3;3;1;1;1;1; ; ;18;3;1;0,661764434
42172;1; ;1; ;1;1;1;1;1;1;1;4;5;16;3;3;0,661764434
10843;2;1;1; ;1;1;2;2;1;1;1;1;6;14;4;4;0,662857051
21220;1;1;2; ;1;1;1;1;1;1;1;2;5;12;3;2;0,662916327
21225;1;1;1; ;2;2;1;1;1;1; ;1;6;10;2;2;0,662916327
37017;1;1;1; ;2;1;2;1;1;1;1;6;6;16;5;5;0,662916327
37028;1;1;2; ;1;1;1;1;1;1;1;4;4;15;3;2;0,662916327
37027;2;1;2; ;1;2;3;4;4;7;1;2;5;13;1;1;0,664568431
41993;1;1;1; ;2;3;3;1;2;1;1;3;3;13;5;5;0,664638922
42063;1;1;1; ;1;1;3;1;1;5;1;2;6;13;3;2;0,664638922
42178;1;1;1; ;2;1;1;2;1;1;1;4;5;14;4;4;0,664638922
43936;1;1;1; ;1;1;1;1;2;5;1;4;6;13;4;1;0,664638922
44054;1;1;1; ;2;1;1;1;1;5;1;8;6;14;4;4;0,664638922
16171;1;2; ;1;1;1;1;1;1;2;2;8;8;14;1;5;0,664896174
25116;1; ;1; ;1;2;2;1;1;1;1;3;2;12;1;1;0,664896174
10851;2;1;1; ;1;1;1;1;1;2;1;4;2;15;5;5;0,665736284
10952;2;1;1; ;2;1;2;1;5;1;3;6; ;12;2;2;0,665736284
35959;2;1;1; ;1;1;2;1;1;1;1;1;7;11;2;2;0,665736284
43429;2;1;1; ;1;1;1;3;1;1;1; ;6;15;1;1;0,665736284
21218;1;1;1; ;1;1;1;1;1;1;1;4;6;8;5;5;0,665795818
35773;1;1;2; ;1;2;3;1; ;7;1; ; ;11;1;1;0,665795818
40039;1;1;2; ;1;1;1;1;1;1;1;2;6;13; ; ;0,665795818
11614;2;1;1; ;1;1;1;1;1;1;1;6;6;14;3;3;0,667085237
11626;2;1;1; ;2;2;3;1;1;1;3;7;8;16;3;3;0,667085237
11629;2;1;1; ;2;1;1;1;1;1;1;5;5;14;3;2;0,667085237
11631;2;1;1; ;1;1;1;1;1;2;3;7;8; ;1;1;0,667085237
11639;2;1;1; ;1;1;1;1;1;1;3;4; ;17;4;4;0,667085237
11692;2;1;1; ;1;1;1;1;1;1;3;4;8;15;4;4;0,667085237
11693;2;1;1; ;1;1;1;1;1;5;3;7;8; ;1;1;0,667085237
11704;2;1;1; ;1;2;1;1;2;2;1;8;7;15;2; ;0,667085237
11724;2;1;1; ;1;1;1;1;1;1;1;7;5;15;3;3;0,667085237
11725;2;1;1; ;2;1;2;2;1;1;1;6;6;17;3;3;0,667085237
11729;2;1;1; ;1;1;1;1;2; ;1; ;6;16; ;1;0,667085237
11730;2;1;1; ;1;1;1;1;2;1;1;6;7;13;5;5;0,667085237
12109;2;1;1; ;1;1;1;1;2;1;1;6;6;9;4;3;0,667085237
12113;2;1;1; ;1;1;1;2;4;7;1;8;6;14;1;1;0,667085237
12116;2; ;1; ;2;2;2;1;1;1;1;2;2;17;5;1;0,667085237
12133;2;1;1; ;1;1;1;1;1;1;1;2;7;16;2;2;0,667085237
12140;2;1;2; ;2;1;1;1;2; ;2; ;8;16; ;2;0,667085237
12147;2;1;1; ;2;1;1;1;1;1;1;7;6; ;3;3;0,667085237
12157;2;1;1; ;1;1;1;2;2;1;1;6;5;15;4;5;0,667085237
12162;2;1;1; ;1;1;2;1;1;1;1;5;5;13;4;4;0,667085237
12171;2;1;1; ;1;1;1;1;1;1;1;7;6; ;5;5;0,667085237
12187;2;1;1; ;2;2;1;1;2;1;1;7;6; ;1;1;0,667085237
12191;2;1;1; ;1;1;1;1;1;1;1;4;4;16;4;4;0,667085237
17456;2;1;1; ;2;2;1;1;2;1;1;2;6;15;5;3;0,667085237
17474;2;1;1; ;2;1;2;1;2;1;1;2;5;16;4;1;0,667085237
17476;2;1;1; ;2;1;3;1;4; ;1; ;1;15; ;5;0,667085237
17480;2;1;1; ;2;1;1;1;1;1;1;7;7;16;4;4;0,667085237
17482;2;1;1; ;2;1;1;1;2;5;1;8;7;17;3;1;0,667085237
17554;2;1;1; ;1;1;1;1;1;1;1;4;1;10;3;3;0,667085237
17556;2;1;1; ;2;1;1;1;1;1;1; ;6;14;2;2;0,667085237
17558;2;1;1; ;1;1;1;1;1;1;1;6;5;16;1;1;0,667085237
17565;2;1;1; ;1;1;1;1;2;7;1;9;6;12; ;4;0,667085237
17572;2; ;1; ;1;1;1;1;2;5;1;1;7;10;5;3;0,667085237
17574;2; ;1; ;2;2;1;3;4; ; ; ; ; ; ; ;0,667085237
27876;1;1;2; ;2;2;2;1;2;1;3;2;8;16;5;3;0,667784265
11606;2;2; ;3;1;1;1;3;2;1;1;2;2;16;2;2;0,669982836
11622;2;1;1; ;1;1;1;1;2;1;2;6;8;17;4;2;0,669982836
11642;2;1;1; ;1;1;1;1;1;1;1;4;6;15;2;2;0,669982836
11718;2;1;1; ;1;2;2;1;4;7;4;9;6;17;1;1;0,669982836
12110;2;1;1; ;2;1;1;1;2;2;2;7;8;17;1; ;0,669982836
12120;2;1;1; ;1;1;1;1;1;1;1;5;5;12;4;4;0,669982836
17563;2;2; ;2;1;1;2;1;2; ;1;7;7;16;4;1;0,669982836
17575;2;1;1; ;1;1;1;1;1;1;1; ; ;16;4;4;0,669982836
17583;2;1;1; ;2;2;2;2;1;2;1; ; ;17; ; ;0,669982836
2292;1;1;1; ;2;1;1;1;1;1;1;7;4;15;4; ;0,671685824
2298;1;1;1; ;1;1;2;1;1;1;6;2;8;10;3;3;0,671685824
2303;1; ;2; ;2;2;3;1;4;7;1; ;7;13; ;2;0,671685824
2310;1;1;1; ;1;1;1;1;1;1;1;4;6;15;5;5;0,671685824
2314;1;1;1; ;1;1;1;1;2;1;1;2;6;15;3;3;0,671685824
28050;1;1;1; ;2;1;1;1;1;1;1;2;6;16; ; ;0,671685824
28057;1;1;1; ;1;1;2;1;1;1;1;5;5;16;2;2;0,671685824
28060;1;1;1; ;1;1;1;1;1;1;1;4;5;14;4;4;0,671685824
28061;1;1;1; ;1;1;1;1;2;1;1;3;4; ;1;4;0,671685824
28065;1;1;3; ;1;1;1;4;1;1;4;2;5;13;4;1;0,671685824
36094;1;1;1; ;2;1;2;1;1;1;1;7;6; ;4;4;0,671685824
36101;1;1;1; ;1;2;2;1;2;7;1;9;6;15; ;5;0,671685824
36113;1;1;1; ;1;1;1;1;1;1;1;7;6;15;4;4;0,671685824
36116;1;1;1; ;1;1;1;1;2;1;1;7;7;14;1;1;0,671685824
41872;1;1;1; ;1;2;2;1;1;1;1;3;6;13;5;4;0,671685824
41873;1;1;1; ;1;1;2;1;1;1;1;4;4;14;3;3;0,671685824
41876;1;1;1; ;1;1;1;1;1;1;1;4;4; ;5;4;0,671685824
41919;1;1;1; ;2;1;1;1;2;1;1;2;6;15;5;3;0,671685824
41924;1;1;1; ;2;1;2;1;1;1;1;2;2; ;1;1;0,671685824
41926;1;1;2; ;1;1;1;1;2;1;1;4;7;15;4;2;0,671685824
41940;1;1;1; ;2;1;1;1;2;1;1;7;5;17;2;2;0,671685824
41941;1;1;1; ;2;1;1;1;1;1;1; ; ; ;5;2;0,671685824
41946;1;1;1; ;1;1;1;1;1;1;4;7;5;16;2;2;0,671685824
41958;1;1;1; ;2;1;2;1;2;7;1;9;4; ;1;1;0,671685824
41973;1;1;1; ;2;1;1;1;1;1;1;2;7;15;5;1;0,671685824
41994;1; ;1; ;1;1;1;1;1;1;1;6;4; ;2;2;0,671685824
41995;1;1;1; ;2;2;2;1;2;5;6;5;6;15;1;1;0,671685824
42002;1;1;1; ;1;2;2;2;1;1;1;4;6;14;5;5;0,671685824
42014;1;1;1; ;1;1;1;1;1;1;1;3;4;16;1;1;0,671685824
42038;1; ;2; ;2;1;1;1;1;1;1;6;6;16;3;3;0,671685824
42045;1;1;1; ;2;3;3;1;1;1;1;2;2;14;2;1;0,671685824
42048;1; ;2; ;2;1;1;1;2;1;1;6;6;12;4;1;0,671685824
42072;1;1;1; ;2;1;1;1;1;5;1;7;7; ;1;1;0,671685824
42073;1;1;1; ;1;1;1;1;2;1;1;7;6;15;4;4;0,671685824
42077;1;1;1; ;1;1;2;1;1;1;1; ; ;17;4;4;0,671685824
42080;1;1;1; ;1;1;1;1;1;1;1;4;2;15;3;2;0,671685824
42089;1;1;2; ;1;1;2;1;1;1;1;6;6; ;5;2;0,671685824
42112;1;1;2; ;1;2;2;1;1;1;3;7;8;15;1;1;0,671685824
42114;1;1;1; ;1;1;1;1;1;1;1;6;6;16;5;4;0,671685824
42135;1;1;1; ;2;1;1;1;1;1; ;7;6;15;4;4;0,671685824
42145;1;1;1; ;1;1;1;1;4;1;1;5;5;15;3;2;0,671685824
42182;1;1;1; ;2;2;2;1;1;1;1;3; ;15;4;4;0,671685824
42189;1;1;1; ;1;1;1;1;1;5;1; ;7; ;1;1;0,671685824
43878;1;1;1; ;1;1;1;1;2;1;1;7;2;13; ; ;0,671685824
43883;1;1;1; ;2;2;2;1;1;4;3;8;8; ;3;1;0,671685824
43888;1;1;1; ;1;1;1;1;1;1;3;4;8;17;4;4;0,671685824
43900;1;1;1; ;1;2;1;1;1;1;1;6;6; ;1;3;0,671685824
43909;1;1;1; ;1;1;1;1;1;1;1;3;6;16;2;1;0,671685824
43912;1;1;1; ;1;1;2;1;2;1;1; ;6; ;2;1;0,671685824
43924;1;1;1; ;1;1;1;1;1;1;1;7;4;10;3;3;0,671685824
43927;1;1;1; ;1;1;1;1;2;1;1;4;4;15;1;5;0,671685824
43949;1;1;1; ;1;1;1;1;1;1;1;6;6;16;2;1;0,671685824
43957;1;2; ;4;1;2;2;1;1;5;1;8;6;15;3;2;0,671685824
43964;1;1;1; ;2;1;2;1;1;4;1;7;6;15;5;1;0,671685824
43980;1;1;1; ;2;1;1;2;1;1;1;2;6;16;4;1;0,671685824
44027;1;1;1; ;1;1;1;1;2;1;1;4;4;16;1;2;0,671685824
44040;1;1;1; ;2;1;1;1;1;1;1;2;6;14;3;3;0,671685824
44067;1;1;1; ;1;1;1;1;2;1;2;7;8;16;1;4;0,671685824
5102;2; ;2; ;1;1;1;1;1;1;1;6;6;15;2;2;0,672794821
5107;2;1;1; ;2;2;2;2;1;1;1; ; ;11;4;4;0,672794821
5112;2; ;1; ;1;1;1;1;4;7;4;9;9;10; ;3;0,672794821
5113;2;1;1; ;1;1;1;1;2;1;1;7;6; ;3;3;0,672794821
5132;2; ;1; ;2;1;2;1;1;1;1;6;6;13;4;4;0,672794821
10824;2;1;1; ;1;1;1;1;1;1;1;6;6; ;4;4;0,672794821
10833;2; ;1; ;1;1;1;1;1;1;2;4;6;13;4;2;0,672794821
10835;2;1;1; ;1;1;2;1;1;1;1;6;6;12;4;1;0,672794821
10849;2;1;1; ;2;2;2;1;1;1;1;7;7;15;2;2;0,672794821
10852;2;1;1; ;2;1;1;1;2;1;4;7;8; ;2;1;0,672794821
10969;2;1;1; ;1;1;1;1;2;3;1; ;5;10; ;4;0,672794821
10971;2;1;1; ;1;1;1;1;1;1;1;4;4; ;4;3;0,672794821
10980;2;1;1; ;1;1;1;1;1;1;1;2;7;16;3;3;0,672794821
10993;2;1;1; ;1;1;1;1;1;1;4;7;8;16;4;4;0,672794821
12334;2;1;1; ;2;1;1;1;1;1;1;3;6;13;2; ;0,672794821
12346;2;1;1; ;1;1;1;1;1;1;1;4;4;15;4;3;0,672794821
12349;2;1;1; ;1;1;1;2;4;1;7;4;9;14;4; ;0,672794821
12369;2;1;1; ;1;2;1;1;2;1;1;7;6;14;5;3;0,672794821
13804;2;1;1; ;1;1;1;1;1;1;1;4;4;15;1;1;0,672794821
17244;2;1;1; ;1;1;2;1;2;1;1;6;6; ;2;1;0,672794821
17245;2;1;1; ;2;1;2;1;2;1;1;5; ;13;3;3;0,672794821
17253;2;1;1; ;1;1;1;1;1;1;1; ; ; ;2;2;0,672794821
33805;2; ;1; ;1;1;1;1;1;1;1; ; ;16;5;2;0,672794821
33819;2;1;1; ;1;1;2;1;1;1;1;1;1;12;2;1;0,672794821
33820;2;1;1; ;1;1;1;1;2;1;1;6;6; ;2;2;0,672794821
33836;2;1;1; ;2;1;1;1;1;1;1;7;6;14;1;1;0,672794821
33841;2; ;1; ;1;1;1;1;1;1;1;7;7;13;4;3;0,672794821
33845;2;1;1; ;1;1;1;1;2;1;1;4;4;6;3;4;0,672794821
35965;2;1;1; ;1;2;2;1;1;1;1;7;6;17;2;2;0,672794821
35970;2;1;1; ;1;1;1;1;1;1;1;1;6;12;3;3;0,672794821
35974;2;1;1; ;1;1;2;2;1;1;1;2;6;15;4;4;0,672794821
36679;2;1;1; ;1;1;1;2;1;1;4;4;6;13;2;2;0,672794821
36715;2;1;1; ;1;1;1;1;1;1;1;5;5;13;5;4;0,672794821
40425;2;1;1; ;2;1;2;1;1;1;1;6;6;16;4;4;0,672794821
40438;2;1;1; ;1;1;1;1;1;1;1;4;4;15;4;4;0,672794821
40442;2;2; ;3;2;2;3;1;2;7;1;9;6;16;5;2;0,672794821
40450;2;2; ;2;2;1;2;4;2;5;1;8;6; ;1;1;0,672794821
43393;2;1;1; ;1;1;1;1;2;7;1;9;5;15;4;4;0,672794821
43415;2;1;1; ;2;2;2;1;1;1;1;7;6; ;5;2;0,672794821
43425;2;1;1; ;2;1;2;1;1;1;1;3;3;14;4;3;0,672794821
43430;2;1;1; ;1;1;2;1;1;1;1;4;6;14;4;4;0,672794821
4911;1;1;1; ;1;1;1;1;1;1;1;5;5;16;2;2;0,672854986
4915;1;1;1; ;2;1;1;1;4;7;2;9;8; ;1;2;0,672854986
4917;1;1;1; ;1;1;1;1;1;1;1;3;6; ;2;1;0,672854986
4926;1;1;1; ;2;1;1;1;1;1;1;7;4;17;1;1;0,672854986
4927;1;1;1; ;1;2;2;1;1;1;1; ; ;15;3;3;0,672854986
4931;1;1;1; ;1;1;1;1;2;1;1;6;4;15;3;2;0,672854986
4933;1;1;1; ;1;1;1;1;1;1;1;7;6; ;1;1;0,672854986
4934;1;2; ; ;2;1;2;1;1;1;1;7;7; ;1;1;0,672854986
4940;1;1;1; ;1;1;1;1;1;1;1;6;6;16;3;3;0,672854986
12668;1;1;1; ;2;1;1;1;2;3;7;8;9;11;1; ;0,672854986
12684;1;1;1; ;1;1;2;1;1;1;1;6;6; ;2;2;0,672854986
12687;1;1;1; ;2;2;1;1;2;1;1;6;6;16; ; ;0,672854986
12689;1;1;1; ;1;1;1;1;1;1;1;7; ;14;1;1;0,672854986
12702;1;1;1; ;1;1;1;1;2;1;1;2;2;15;4;4;0,672854986
12708;1;1;1; ;1;1;2;1;1;1;1;6;6;15;4;4;0,672854986
12710;1;1;1; ;1;1;1;1;1;1;1;5;5; ;2;2;0,672854986
13279;1;1;1; ;1;1;1;1;2;4;7;8;9; ;4;1;0,672854986
13281;1;1;1; ;1;1;1;1;1;1;1;3;4; ;1;1;0,672854986
13283;1;1;1; ;1;1;1;1;2;5;1;8;7;15;4;2;0,672854986
13291;1;1;1; ;1;1;1;1;1;1;1;4;5;13;4;4;0,672854986
13292;1;1;1; ;1;1;2;1;2;4;1;2;7;9;5;3;0,672854986
13296;1;2; ;2;2;1;1;1;2;1;1;6;5;17;4;1;0,672854986
13299;1;1;2; ;2;1;1;1;1;1;1;1;4;16;2;2;0,672854986
13314;1;1;1; ;1;1;2;2;1;1;6;6;6;15;1;1;0,672854986
21223;1;1;1; ;1;1;2;1;2;1;1;6;6;16;2;2;0,672854986
21234;1;1;1; ;1;1;1;1;1;1;3;5;8;15;2;2;0,672854986
21246;1;1;1; ;2;1;1;1;2;1;1;6;6;10;4;1;0,672854986
24396;1;1;1; ;2;2;1;1;1;1; ;6;7; ;4;4;0,672854986
24413;1;1;1; ;2;1;1;1;1;1;1;7;6;15;2;1;0,672854986
24425;1;1;1; ;1;1;1;1;1;1;1;4;4; ;3;3;0,672854986
24426;1;1;1; ;1;1;1;1;2;5;1;8;6; ; ; ;0,672854986
24431;1;1;1; ;1;1;1;1;1;1;2;2;8;14;4;1;0,672854986
35764;1;1;1; ;1;1;1;1;1;1;1;4;4;16;3;2;0,672854986
35765;1;1;1; ;1;1;1;1;1;1;1;5;6;14;4;4;0,672854986
35772;1;1;2; ;1;1;1;1;1;1;2;7;8;12;3;3;0,672854986
35796;1;1;1; ;1;1;1;1;1;2;1;6;6;11;2;2;0,672854986
35802;1;1;1; ;1;1;1;2;1;1;1;1;5;14;2;2;0,672854986
37033;1;2; ;2;1;1;1;1;1;1;3;7;8; ;1;1;0,672854986
37035;1;1;1; ;1;1;1;1;1;1;1; ;6; ;1;1;0,672854986
40025;1;1;1; ;1;1;1;1;2;1;1;7; ;14;2;2;0,672854986
40031;1;1;1; ;1;2;1;1;1;1;1;7;4; ;5;2;0,672854986
40033;1; ;1; ;2;3;3;1;1;1;1; ; ;16;5;2;0,672854986
23942;2;1;1; ;1;1;1;1;1;1;1;2;4;13;3;2;0,674418675
23943;2;1;1; ;1;1;1;1;1;1;1;5;6;16;3;1;0,674418675
12677;2;1;1; ;1;1;1;1;1;1;1;4;5; ;5;5;0,674531858
35775;2;1;2; ;1;1;1;4;2;1;1;7;7;16; ; ;0,674531858
37042;2;1;1; ;1;1;1;1;1;1;1;6;6;16;3;2;0,674531858
28034;1;1;2; ;1;2;2;1;1;1;1;2;5;14; ; ;0,674603406
28039;1;1;1; ;1;1;1;1;1;1;1;1;6;6;1;1;0,674603406
36097;1;1;1; ;1;1;1;1;2;1;1;6;4;14;5;5;0,674603406
36111;1;1;2; ;1;1;1;1;1;1;3;7;8;14;3;1;0,674603406
41869;1;1;1; ;1;1;2;2;1;1;1;2;4;15;4;3;0,674603406
41901;1;1;1; ;1;1;1;1;4;7;1;9;4;11;4;4;0,674603406
41914;1;1;2; ;2;1;1;1;4; ;1; ;6;16; ;5;0,674603406
41927;1;1;1; ;1;1;2;1;1;1;1;2;2;14;1;2;0,674603406
41966;1;2; ;2;2;2;2;1;5;1;1;7;6;14;3; ;0,674603406
41968;1;1;1; ;1;1;1;1;1;1;3;7;8;14;5;5;0,674603406
41991;1; ;1; ;1;2;1;2;1;1;1;1;2;15;5;4;0,674603406
42009;1;1;1; ;2;2;2;1;2;1;2;2;6;14;5;4;0,674603406
42051;1;2; ;1;2;1;2;3;2;5;7; ; ;14;4; ;0,674603406
42107;1;1;2; ;2;2;2;1;1;1;1;1;7;15;4;1;0,674603406
42125;1;1;2; ;1;1;2;1;1;1;1;7;6;16;1;1;0,674603406
42146;1;1;1; ;1;2;2;1;1;1;1;2;6;15;4;4;0,674603406
43971;1;1;2; ;2;2;3;1;1;1;1;7;3;12;2;2;0,674603406
44078;1;1;1; ;2;1;1;1;1;1;1;2;2;2;4;4;0,674603406
44085;1; ;2; ;1;2;2;1;1;1;1;7;7;14;3;1;0,674603406
45099;1;1;2; ;1;1;1;5;2;7;1;2;6;13;5;2;0,674603406
12707;2;1;1; ;1;1;2;1;2;1;1;6;6;14; ; ;0,674802291
1510;1;1;1; ;1;1;2;1;2;1;1;6;6;16;5;5;0,674864516
1519;1;1;2; ;1;1;1;1;1;1;1;6;6;15;3;3;0,674864516
1539;1;1;1; ;1;1;1;1;1;1;1;1;5; ;1;2;0,674864516
1542;1;1;1; ;1;1;1;1;1;1;1;3;6;15;4;4;0,674864516
1677;1;1;1; ;1;1;1;2;2;1;3; ; ;14;3;3;0,674864516
1681;1;1;1; ;1;1;2;1;2;1;4;2;8; ;4;3;0,674864516
1693;1;2; ;4;1;1;2;1;1;1;1;1;6;12;1;1;0,674864516
1714;1;1;1; ;2;1;1;5;4;7;3;9;8; ;1;1;0,674864516
2328;1; ;1; ;2;1;2;1;1;1;1;6;6;13;3;1;0,674864516
2346;1;1;1; ;2;1;1;1;1;1;1;1;6;11;5;3;0,674864516
2347;1;1;2; ;1;1;1;1;2;1;4;7;8;17;5;5;0,674864516
2355;1;1;1; ;1;1;1;1;1;5;5; ; ;14;1;1;0,674864516
2357;1;1;2; ;2;1;1;1;2;2;7; ; ;17;1; ;0,674864516
2364;1;1;1; ;1;1;1;2;1;5;1;5;4;16;5;4;0,674864516
2402;1;1;1; ;1;1;1;1;1;1;1;7;7;16;3;2;0,674864516
2417;1;1;1; ;1;1;1;1;1;1;1;2;2; ;5;5;0,674864516
2425;1; ;2; ;2;1;1;1;2;5;1;3;1;17;3;3;0,674864516
2433;1;1;1; ;2;2;2;1;1;1;6;6;8;15;2;2;0,674864516
2436;1; ;2; ;1;1;1;1;1;1;1;6;6; ;1;1;0,674864516
14834;1;1;1; ;1;1;1;1;1;1;1;7;7;14;4;4;0,674864516
25113;1;1;1; ;2;1;1;2;2;5;1;3;5;15; ; ;0,674864516
27879;1; ;2; ;1;1;1;3;4;1;7;6;9;13;5;1;0,674864516
27893;1;1;1; ;1;1;1;1;2; ;1;6;6;14; ; ;0,674864516
27898;1;1;1; ;1;1;1;1;1;1;2;6;8;16;2;2;0,674864516
27949;1;1;1; ;1;1;1;1;1;1;4; ; ; ;2;1;0,674864516
27971;1;1;1; ;2;2;2;1;1;1;1;7;7;16;4;3;0,674864516
27974;1; ;1; ;2;2;3;1;2; ;2; ; ;15; ;1;0,674864516
27982;1;1;1; ;1;1;1;1;2;1;1;7;4;12;2;1;0,674864516
10827;2;1;1; ;1;1;1;2;4; ;1; ;7;15;1;1;0,675717221
10951;2; ;1; ;2;1;1;1;5;1;7;7;9;16;2; ;0,675717221
10974;2; ;1; ;1;1;1;1;1;1;2;4;8;15;2;2;0,675717221
12336;2;1;1; ;1;1;2; ;1;1;1;7;6;12;2;2;0,675717221
17266;2; ;1; ;2;1;1;2;1;1;1;6;6;16;5;1;0,675717221
33823;2;1;1; ;1;1;1;2;1;1;4;6;2;15;5;5;0,675717221
35946;2;1;1; ;1;1;1;2;2;1;1;3;5;15;3;3;0,675717221
35951;2;1;1; ;2;1;2;1;1;1;1;2;6;16;2;1;0,675717221
36691;2;1;2; ;1;1;2;4;1;1;1;2;6;14;2;2;0,675717221
36692;2;2; ;2;1;1;1;1;4;1;2;9;4;16;3;1;0,675717221
36712;2;1;1; ;1;2;2;1;1;1;1;4;6;14;4;1;0,675717221
40433;2;1;1; ;2;2;2;2;1;1;1;6;6;6;4;4;0,675717221
40446;2;1;1; ;2;1;1;1;4;7;2;9;6;14; ;4;0,675717221
43386;2;1;1; ;2;1;2;1;4;7;1;9;6;10; ;3;0,675717221
43396;2;1;1; ;1;1;1;1;1;1;1;6;4;16;2;2;0,675717221
43410;2;1;1; ;1;1;1;1;1;1;1;2;5; ;4;3;0,675717221
43419;2;1;1; ;1;1;1;1;1;1;2;7;8;14;5;5;0,675717221
4909;1;1;1; ;2;1;1;1;4;7;2;9;9;16;1;1;0,675777647
13315;1; ;2; ;1;1;1;1;4;7;1;7;5;18;1;1;0,675777647
24395;1;2; ;3;2;1;1;1;4;7;1;9;4;15;1;1;0,675777647
24400;1;1;1; ;1;1;1;1;3;1;1;6;6;14;2;2;0,675777647
37047;1;1;1; ;2;1;1;1;1;1;1;7;6;16;1;1;0,675777647
37050;1;1;1; ;1;1;1;1;1;1;1;6;6;14;2;2;0,675777647
40043;1;1;1; ;2;2;1;2;4;7;1;9;8;15; ; ;0,675777647
17430;2;1;1; ;2;1;1;1;2;1;1;2;6;10;3;2;0,67726707
1526;1;1;1; ;2;1;1;1;2;1;7;3;9;11;4; ;0,677795905
1545;1; ;1; ;2;1;1;1;1;1;1; ; ;14;5;1;0,677795905
2332;1;1;1; ;1;1;1;1;1;4;2; ;6;15;1;1;0,677795905
13571;1;1;1; ;2;2;2;1;1;4;1; ;4; ; ; ;0,677795905
27885;1;1;2; ;1;2;3;1;1;1;1;2;6;15;4;4;0,677795905
27977;1;1;1; ;2;2;2;1;2;1;2;2;8;15;4;1;0,677795905
3499;1;1;1; ;2;1;1;1;2;1;1;4;4;13;5;2;0,678160199
43331;1;2; ;1;2;1;2;1;2; ;4; ;8;16; ;1;0,678432086
22320;2;1;1; ;2;3;2;1;2;2;1;2;2;12;5;2;0,6810558
22324;2;1;1; ;2;1;1;2;1;1;1;7;6;16;3;3;0,6810558
22343;2;1;1; ;1;1;2;1;1;1;1;6;6;15;3;2;0,6810558
22354;2;1;1; ;1;2;2;3;2;1;4;7;8; ;5;1;0,6810558
22359;2; ; ;2;2;1;2; ;1;2;1;8;6;16;2;2;0,6810558
35373;2; ;1; ;2; ;2;2; ; ;1;1;6;16;5;4;0,6810558
35378;2; ;1; ;1;1;1;4;4;7;1;9;6;15; ;1;0,6810558
35385;2;1;1; ;1;1;1;1;1;1;1;4;6;16;3;3;0,6810558
22335;2; ;1; ;1;1;2;1;2;1;1;6;6;16;3;3;0,684014083
35387;2;2; ;2;2;1;2;4;2;2;2;5;5;14;2;2;0,684014083
3950;2; ;1; ;1;1;1;1;1;1;1; ;6;15;3;3;0,68452978
3956;2;1;1; ;2;1;2;1;2;1;1;6;4;15;1;4;0,68452978
3957;2;1;1; ;2;1;1;1;4;7;1;9;6;17;1;2;0,68452978
3960;2;1;1; ;1;1;1;2;4;1; ;3;9;16;2;3;0,68452978
3967;2;1;1; ;2;1;1;2;1;1;1;2;6;16; ; ;0,68452978
3976;2;1;1; ;1;1;1;1;1;1;1;4;4;15;3;3;0,68452978
3981;2;1;1; ;2;1;1;1;1;1;1;6;5;15;4;3;0,68452978
3985;2;1;1; ;1; ;1;1;1;1;1;6;6;16;4;4;0,68452978
5171;2;1;1; ;2;1;1;1;1;1;3;3;1; ;4;4;0,68452978
5299;2; ;1; ;1;1;1;1;2;2;2;8;8;12;3;3;0,68452978
7676;2;1;1; ;1;1;1;1;1;1;1;4;2; ;4;4;0,68452978
7684;2;1;1; ;1;2;1;1;2;1;1;7;6;15; ;4;0,68452978
7686;2;1;1; ;2;1;1;1;1;1;1;7;7;15;2;2;0,68452978
7689;2;1;1; ;1;1;1;1;1;1;1;6;6;16;2;2;0,68452978
7692;2;1;1; ;2;1;1;1;1;1;1;6;5;15;4;4;0,68452978
7697;2;1;1; ;1;1;1;1;2;1;1;6;5;11;2;2;0,68452978
7700;2; ;1; ;1;1;1;1;1;1;1;1;6;14;3;3;0,68452978
7708;2;1;1; ;1;1;1;1;1;1;1;4;6;16;4;4;0,68452978
7714;2; ;1; ;1;1;1;1;1;1;4;7;7; ;3;3;0,68452978
7720;2;1;1; ;1;1;2;1;2;7;1;9;6;14; ;2;0,68452978
7736;2;1;1; ;2;1;2;1;1;1;1; ;6;11;1;1;0,68452978
7744;2;1;1; ;1;1;1;1;1;1;1;4;5;15;4;4;0,68452978
7750;2;1;1; ;1;2;2;1;2;1;1;5;5;16;4;4;0,68452978
7752;2;1;2; ;2;2;2;1;1;1;1;2;6;15;2;2;0,68452978
7801;2;1;1; ;1;1;1;1;1;1;1;4;4;15;3;3;0,68452978
7807;2;1;1; ;1;1;1;1;1;1;1;3;3;16;3;2;0,68452978
7809;2;1;1; ;1;1;1;4;1;1;1;2;6;15;5;5;0,68452978
7830;2; ;1; ;2;2;2;1;4;7;1; ; ;16; ;4;0,68452978
7837;2;1;1; ;1;1;1;2;1;1;1;6;6;16;2;2;0,68452978
7844;2;1;1; ;1;2;1;1;1;1;1;7;6;15;4;4;0,68452978
7848;2;1;1; ;1;1;1;1;1;1;1;6;6; ;2;1;0,68452978
7853;2;1;1; ;1;1;1;2;1;1;1;4;6;14;5;5;0,68452978
7856;2;1;1; ;2;2;2;1;2;1;1; ; ;15;4;3;0,68452978
7863;2;1;1; ;1;1;1;1;1;1;1;5;4;10;2;2;0,68452978
7871;2;1;1; ;1;1;1;1;1;1;1;6;4;15;4;1;0,68452978
20633;2;1;1; ;1;1;1;1;1;5;1; ;6;16;5;5;0,68452978
20642;2;1;1; ;1;1;1;1;5;6;1; ;5;14; ;1;0,68452978
20647;2; ;1; ;1;1;1;1;5; ;1; ;6;14; ;4;0,68452978
20655;2;1;1; ;1;1;1;1;2;2;1;8;2;15;4;4;0,68452978
20657;2;1;1; ;1;2;2;2;1;1;1;7;5;16;4;3;0,68452978
20663;2;1;1; ;1;1;1;1;1;1;1;4;5;16;3;3;0,68452978
20666;2;1;1; ;1;1;1;1;1;1;4;6;8;15;5;2;0,68452978
20670;2;1;1; ;1;3;2;1;1;1;1;5;6;15;4;3;0,68452978
20678;2; ;1; ;1;1;1;1;1;1;1;5;2;15; ; ;0,68452978
20680;2;1;1; ;1;1;2;1;1;1;1;6;6;14;1;1;0,68452978
20687;2;1;1; ;1;1;1;1;1;1;2; ; ;16;3;3;0,68452978
20694;2;1;1; ;1;1;1;1;1;1;1;4;7;11;2;2;0,68452978
20695;2;1;1; ;1;1;1;1;2;1;1;4;4;12;4; ;0,68452978
20698;2;1;1; ;1;1;1;1;1;1;1;4;4;16;3;1;0,68452978
23922;2;1;1; ;1;1;1;1;1;1;1;5;6;15;1;1;0,68452978
23929;2;1;1; ;1;1;1;1;1;1;1;4;4;15;2;2;0,68452978
23936;2;1;1; ;1;1;1;1;2;6;1;9;7;12;5;5;0,68452978
33219;2; ;1; ;1;1;1;1;1;1;1;6;6;16;3;3;0,68452978
33226;2;1;1; ;1;1;1;1;1;1;1;7;5;16;3;2;0,68452978
33233;2;1;1; ;1;1;1;1;1;1;1;2;4; ;4;3;0,68452978
33234;2;1;1; ;1;1;1;1;1;1;1;4;6;14;4;4;0,68452978
33236;2;1;1; ;1;1;2;1;1;1;1;1;4;15;3;2;0,68452978
33243;2;1;1; ;1;1;1;1;1;1;1;3;2;15;4;4;0,68452978
44705;2; ;1; ;2;1;1;2;1;1;3; ;8;15;2;2;0,68452978
44712;2;1;1; ;2;1;2;1;2;1;3;7;2;5; ; ;0,68452978
44730;2;1;1; ;2;1;1;1;1;1;1;5;6;13;4;4;0,68452978
44737;2;1;1; ;1;1;1;1;2;1;1;5;6;12;2;1;0,68452978
44742;2;1;1; ;1;1;1;1;1;1;1;5;6;16;1;1;0,68452978
17320;2; ;1; ;1;1;1;2;2;7;1;9;5;15;1;1;0,684722272
17250;1;1;1; ;1;1;1;1;1;1;1;7;7;10;3;3;0,685192473
9374;2;1;1; ;1;2;2;1;1;1;1;5;6;14;1;4;0,68742088
3948;2; ;1; ;1;1;1;1;1;1;1;5;5;15;2;2;0,687503153
7707;2;1;1; ;2;1;1;1;2;1;1;3;6;16;5;4;0,687503153
7753;2;1;1; ;2;1;1;1;2;1;1;6;6;14;5;5;0,687503153
7810;2;1;2; ;1;1;1;4;1;1;1;1;7;13;4;4;0,687503153
23876;2;1;1; ; ;3;3;5;1;1;1;1;6;13;4;4;0,687503153
23924;2;1;1; ;1;1;1; ;1;1;1;4;6;12;5;4;0,687503153
23935;2;1;1; ;1;1;1;1;1;1;1;4;6;15;3;3;0,687503153
23950;2;1;2; ;2;1;1;1;1;1;3;7;8;16;3;1;0,687503153
23959;2;1;1; ;1;1;1;1;1;1;2;6;8;15;2;1;0,687503153
33242;2;1;1; ;2;1;1;1;2;2;1;8;6;15;4;4;0,687503153
44708;2;1;1; ;1;1;1;2;2;1;1;6;4;14;5;2;0,687503153
5093;1;1;2; ;2;2;2;4;2;1;1; ; ;9; ; ;0,688168724
10831;1;1;1; ;2;2;1;1;1;1;1;3;7;14;3;2;0,688168724
14686;1; ;1; ;1;1;1;1;1;1;1;2;2;15;1;1;0,688168724
17286;1;1;1; ;2;1;1;1; ;1;1;6;6;12; ; ;0,688168724
36706;1;1;1; ;2;1;2;1;2;1;1;2;6;13;5;4;0,688168724
40455;1;1;2; ;2;1;1;1;4;7;2;9;8;15; ; ;0,688168724
43397;1;2; ;2;2;1;2;1;1;1;1;7;7;13;1;1;0,688168724
20537;2;1;1; ;2;1;1;1;1;1;1;6;6;15;4;4;0,695596035
10956;1;1;1; ;1;1;1;2;2;2;1;9;4;17;3;3;0,695743928
1893;2;1;1; ;1;1;2;1;2;1;1;6;6;13;3;3;0,698449822
5109;1;1;1; ;2;1;1;2;1;1;1;6;6;15;4;4;0,698485975
33810;1;1;1; ;1;1;2;1;1;1;1;2;2;11;5;4;0,698485975
40426;1; ;2; ;2;2;3;1;2;1;1;6;6;15; ; ;0,698485975
43401;1;1;1; ;1;1;1;1;1;1;1;7;6;15;5;5;0,698485975
3488;1;1;2; ;2;3;3;1;2; ; ;7;7;14;5;3;0,698572122
3516;1;1;2; ;1;1;1;1;2;1;1; ; ;15;1;1;0,698572122
43316;1;1;1; ;1;2;2;1;1;1;1;1;1;14;5;4;0,698572122
3483;2; ;1; ;2;1;1;1;2;1;1;5;5;13;3;3;0,700174422
43253;2;1;1; ;2;1;1;1;1;1;4;4;8;14;1;1;0,700174422
5448;2;1;1; ;1;1;1;1;2;1;7;6;9;14;3; ;0,701202533
12558;2;1;1; ;1;1;1;4;2;2;3;8;8; ;2;1;0,701202533
31112;2;1;1; ;1;1;1;1;1;1;1;6;6;14;5;5;0,701202533
16674;2;1;1; ;2;1;1;2;1;1;1; ; ;15;4;1;0,701483658
4924;2; ;1; ;2;1;1;1;1;1;1;7; ; ;1;1;0,702201626
4929;2;1;1; ;1;1;1;1;1;1;1;4;6;15;5;5;0,702201626
12674;2;1;1; ;1;1;1;1;1;5;3; ;8; ;2;1;0,702201626
12680;2;1;1; ;1;1;1;1;2;4;2;7;8;14;5;5;0,702201626
12686;2;1;1; ;1;1;1;1;1;1;3;4;8;13;4;2;0,702201626
12695;2;1;1; ;1;1;1;1;2;1;1;7;7;16;2;2;0,702201626
12700;2;1;1; ;1;1;1;1;2;7;2;1;6; ; ;2;0,702201626
13286;2;1;1; ;1;2;2;1;1;1;2; ; ;15;4;4;0,702201626
13306;2; ;1; ;1;1;1;1;4;7;1;9;5;14; ;2;0,702201626
13307;2;1;1; ;1;1;1;1;1;1;1;7;6;10;5;5;0,702201626
13309;2;1;1; ;1;1;1;1;1;1;1;7;6;16;2;2;0,702201626
13322;2; ;1; ;1;2;2;1;1;1;1;6;6;16;4;2;0,702201626
21230;2;1;1; ;1;1;1;1;1;1;1;1;6;15;3;3;0,702201626
21252;2;1;1; ;2;1;2;2;1;1;1;4; ;17;2;2;0,702201626
21254;2;1;1; ;1;1;1;1;1;5;1;8;6;16;3;2;0,702201626
21259;2; ;1; ;1;1;1;1;2;5;1;8;7; ;2;1;0,702201626
24407;2;1;1; ;1;1;1;1;1;1;1;7;6;15;1;1;0,702201626
24412;2;1;1; ;1;1;1;1;1;1;1;1;6;13;2;2;0,702201626
24415;2;1;1; ;1;1;1;1;1;1;1; ;1;14;2;2;0,702201626
24419;2; ;1; ;1;1;2;1;1;1;1; ;6;12;3;3;0,702201626
24429;2;1;1; ;1;1;1;1;1;1;1;7;6;12;4;4;0,702201626
35776;2;1;1; ;1;1;1;1;1;1;1;7;5;16;1;1;0,702201626
35779;2; ;1; ;1;1;1;1;2;1;4;7;8;16;5;1;0,702201626
35781;2; ;1; ;1;1;1;1;2;1;1;6;6;12;3;3;0,702201626
35806;2;1;1; ;1;1;1;1;1;1;1;7;6;15;3;1;0,702201626
37016;2;1;1; ;1;1;1;1;1;1;1;4;6;16;5;2;0,702201626
37055;2;1;1; ;2;1;1;1;4;1;7;7;9; ;1;1;0,702201626
37056;2;1;1; ;1;1;1;1;1;1;1; ;6;16;2;1;0,702201626
40014;2;1;1; ;2;1;1;1;1;1;3;6;8; ;1;1;0,702201626
40027;2;1;1; ; ;1;1;1;1;1;1;7;7; ;1;1;0,702201626
30096;2;1;1; ;1;1;1;1;1;1;1;2;7;15;5;5;0,702971163
1796;2;1; ; ;1;2;2;1;2;1;3;2;8;15;4;3;0,705251759
4908;2;1;1; ;1;1;1;4;1;1;1;2;6;15;4;4;0,705251759
4947;2;1;1; ;1;1;1;2;1;1;1;6;6;15;4;4;0,705251759
12675;2;1;1; ;1;1;1;1;1;1;4;4;8;13;3;3;0,705251759
21229;2;1;1; ;1;1;1;1;1;1; ; ; ;16;1;1;0,705251759
21258;2;1;1; ;1;1;2;2;2;1;1;6;6;16;3;5;0,705251759
24399;2; ;2; ;2;1;1;1;2;1;1;4;4;13;4;4;0,705251759
35774;2; ;1; ;1;1;1;1;2;1;1;3;6;14;2;2;0,705251759
35784;2;1;1; ;1;1;1;1;1;1;1;5;5;15;3;3;0,705251759
40013;2;1;2; ;2;2;2;1;2;5;3;8;8; ;2;1;0,705251759
3475;1;1;1; ;1;1;1;1;2;1;1;7;6; ;1;1;0,705978804
3506;1;1;1; ;2;2;2;2;2;1;3;7;8;16;2;5;0,705978804
7168;1;1;2; ;2;1;1;4;2;1;1;2;6;17;2;2;0,705978804
7198;1;1;1; ;1;1;1;1;1;1;1;6;6;15;5;5;0,705978804
15240;1;1;2; ;2;1;2; ;2;2;1;2; ;16;3;1;0,705978804
15247;1;1;1; ;2;1;2;1;2;1;1;7;5;13;1;2;0,705978804
15251;1;1;1; ;1;1;1;1;1;1;1;4;2;6;1;1;0,705978804
23387;1;1;1; ;1;1;1;1;1;1;1;2;2; ;2;3;0,705978804
36444;1; ;1; ;2;2;2;5;2;6;6;8;8; ;1;1;0,705978804
43252;1;1;1; ;2;1;2;1;2;1;1;6;6;16;3;2;0,705978804
43268;1;1;1; ;2;1;1; ;2;2;4; ; ;15;5;2;0,705978804
43278;1; ;1; ;2;2;2; ;2;1;3;7;8;13;5;4;0,705978804
43294;1;1;1; ;1;1;1;1;1;1;1;4;5;16;1;1;0,705978804
43295;1;1;1; ;1;1; ;1;2;1;1;4;4;16;4;4;0,705978804
43300;1;1;1; ;1;1;1;1;2;1;1;4;4;12;1;1;0,705978804
43304;1;1;1; ;2;2;2;5;1;4;1;6;6;15;5;1;0,705978804
43310;1;1;1; ;1;1;1;1;1;1;1;1;6;16;2;2;0,705978804
43315;1;1;1; ;1;1;1;1;1;1;1;4;5;10;2;2;0,705978804
43317;1;1;1; ;1;1;1;1;1;1;4;2;5; ;1;1;0,705978804
43325;1; ;1; ;1;1;1;1;1;1;4;3;8;10;3;3;0,705978804
43332;1;1;1; ;1;1;1;3;2; ; ; ; ;14;4;2;0,705978804
30085;2; ;1; ;1;1;1;1;2;1;1;7;4;16;3;2;0,706024639
1247;2;1;1; ;1;2;1;2;5;7;2;9;6;15; ;5;0,706307697
3477;2;1;1; ;1;1;2;1;2;1;1; ;6;15;5;3;0,707598093
3491;2;1;1; ;1;1;1;1;1;1;1;6;6;10;3;3;0,707598093
3502;2;1;1; ;1;1;1;1;1;1;1;6;6;14;5;5;0,707598093
7164;2;1;1; ;1;1;2;1;1;1;1;5;5;15;1;1;0,707598093
7178;2;1;1; ;1;1;1;1;4;7;1;9;5;15; ;2;0,707598093
7184;2;1;1; ;1;1;2;1;1;1;1;7;7;14;3;3;0,707598093
7192;2;1;1; ;2;1;1;1;2;7;3;9;8;16; ;1;0,707598093
7205;2;1;1; ;1;1;1;1;1;1;1;6;6;16;3;3;0,707598093
15256;2;1;1; ;1;1;1;1;1;1;1;2;2;13;2;2;0,707598093
43257;2;1;1; ;1;1;1;1;1;1;1;4;4;14;4;4;0,707598093
43258;2;1;1; ;1;1;1;1;1;1;1;4;4;15;1;1;0,707598093
43270;2;1;1; ;1;1;2;2;1;1;1;6;6;10;3;2;0,707598093
43282;2;1;1; ;1;1;1;1;1;1;1;4;4;15;2;2;0,707598093
43286;2;1;1; ;1;1;1;1;1;1;1;4;4;12;1;1;0,707598093
43289;2;1;1; ;1;1;1;1;1;1;1;7;6;16;3;3;0,707598093
43299;2;1;1; ;1;1;1;1;1;1;1;7;6;15;2;2;0,707598093
43321;2;1;1; ;1;1;1;1;1;1;1;2;5;14;4;4;0,707598093
43338;2;1;1; ;2;1;1;1;2;1;1;2;6;7;3;3;0,707598093
43342;2;1;1; ;1;1;1;1;2;1;1;4;6; ;2;2;0,707598093
11283;2;1;1; ;2;1;1;2;2; ; ; ; ;15;5;5;0,70811154
11319;2;1;1; ;1;2;1;1;1; ; ;3;5;14;1;1;0,70811154
17300;2;1;1; ;1;2;2;1;1;1;1; ;4;14;4;4;0,70811154
17413;2;1;2; ;2;1;1;1;4;1;7;6;6;13;4;1;0,70811154
7190;1;1;1; ;1;1;2;1;4;7;1;9;5;13; ;3;0,709045344
7208;1;2; ;2;2;1;1;5;2;1;4;6; ;16;5;1;0,709045344
15257;1;1;1; ;2;1;1;1;1;1;6;2;8;14;1;1;0,709045344
43264;1; ;2; ;2;2;2;1;1;1;1; ; ;10;3;3;0,709045344
43283;1;1;1; ;1;1;1;1;1;1;1;5;4;16;3;3;0,709045344
43298;1;2; ;2;2;1;1;1;2;2;3;8;8;14;1;1;0,709045344
43324;1;1;1; ;1;1;1;1;1;1;1;3;6;15;2;2;0,709045344
43330;1;1;1; ;1;1;2;1;2; ;1;6;5;14;5;3;0,709045344
3497;2; ;1; ;1;1;1;1;1;1;1;6;6;15;2;2;0,710671666
7176;2;2; ;2;1;1;1;1;1;5;3;8;8;16;2;2;0,710671666
7195;2;1;1; ;1;1;1;1;1;1;1;7; ;15;2;2;0,710671666
15230;2;1;1; ;1;1;1;4;1;1;1;1;6;15;4;4;0,710671666
15261;2;1;1; ;2;2;2;4;4;7;1;9;6;16;1;3;0,710671666
40373;2;2; ;1;2;3;3; ;1;1; ;2; ;16; ; ;0,710671666
9371;2;1;1; ;2;1;1;2;1;1;1;2;5; ;5;5;0,715619365
9380;2;1;2; ;1;2;2;1;1;2;2;8;8;14;5;1;0,715619365
9385;2;1;2; ;2;1;1;1;2;1;1;7;6;17;2;2;0,715619365
9387;2; ;2; ;2;2;1;1;1;1;1;7; ;16;2;2;0,715619365
10295;2;1;1; ;1;1;1;1;1;1;1;1;1; ;4;4;0,715619365
10304;2;1;1; ;1;1;1;1;2;7;1;9; ;14; ;1;0,715619365
10908;2;1;1; ;1;1;2;1;1;1;1;6;4;16;4;1;0,715619365
10913;2;1;1; ;2;1;2;1;1;1;3;7;8; ;1;1;0,715619365
10926;2;1;1; ;1;1;1;1;1;1;1;2;4;16;4;2;0,715619365
10930;2;1;1; ;1;1;1;1;1;1;1;6;6; ;1;1;0,715619365
10944;2;1;1; ;1;1;1;1;5;7;1;9;6; ; ; ;0,715619365
11282;2;1;1; ;1;1;2;1;1;1;1;7;6;16;2;2;0,715619365
11295;2;1;1; ;1;1;1;1;1;1;2;7;8; ;1;1;0,715619365
11309;2;1;2; ;2;1;1;2;1;1;2;7;8;15;5;5;0,715619365
11316;2;1;1; ;2;1;1;2;1;1;1;2;2;12;2;2;0,715619365
11330;2;1;1; ;1;3;1;2;1;1;1;7;7;14; ; ;0,715619365
11338;2;1;1; ;2;1;1;1;2;5;1;8;6;14; ; ;0,715619365
11340;2;1;1; ;1;1;1;1;1;1;1;7;6;16;5;1;0,715619365
11343;2; ;1; ;1;1;1;1;1;1;3;6;6; ;1;1;0,715619365
16657;2;1;1; ;1;1;2;1;1;1;1;4;4;15;1;1;0,715619365
16658;2;1;1; ;1;1;1;1;2;1;1;3;4;17;2;2;0,715619365
16662;2;1;1; ;2;1;1;1;1;1;1;6;7;15;3;1;0,715619365
16668;2;1;1; ;1;1;1;1; ;7;2;9;8;16; ;5;0,715619365
17297;2;1;1; ;1;1;1;1;1;1;1;4;6;16;3;3;0,715619365
17305;2;1;1; ;2;1;1;1;2;1;1;3;6;15;4;3;0,715619365
17307;2;1;1; ;1;1;1;1;1;1;1;7;7;16;4;1;0,715619365
17310;2;1;1; ;1;1;1;1;1;1;1;7;4; ;1;1;0,715619365
17316;2;1;2; ;2;1;2;4;2;1;2;2;6;15;2;3;0,715619365
17415;2;1;1; ;1;1;2;1;1;1;1;7;6;19;5;5;0,715619365
17420;2;1;1; ;1;1;1;1;1;1;2;2;1; ;1;1;0,715619365
17449;2; ;1; ;2;1;1;1;1;1;3;7;8;17;1;2;0,715619365
17683;2; ;1; ;2;1;2;1;2;4;1;8;6;16; ;4;0,715619365
17998;2;1;1; ;1;1;1;1;1;1;1;6;6; ;5;5;0,715619365
18006;2;1;1; ;1;1;1;1;2;1;1;4;4;12;2;4;0,715619365
18031;2;1;1; ;1;1;1;1;2;1;1;4;4;14;4;2;0,715619365
10987;1;1;1; ;1;2;2;1;1;1;1;1;6;8;5;4;0,716397885
10997;1;1;1; ;1;1;1;1;1;1;1;6;4;15;1;1;0,716397885
12342;1;1;1; ;1;1;1;1;1;1;1;7;5;11;4;4;0,716397885
43405;1;1;2; ;2;1;1;1;1;1;1;7;7;12;4;4;0,716397885
43426;1;1;1; ;1;1;1;1;1;1;1;6;6;8;3;3;0,716397885
10924;2;1;1; ;1;1;1;1;2;1;1;7;7;15; ;1;0,71872778
17671;2; ;1; ;1;1;1;1;1;1;1;1;5;10;2;2;0,71872778
18019;2;1;1; ;1;1;1;1;1;1;3;2;8;15;1;1;0,71872778
18028;2;1;1; ;1;1;1;1;4;1;7;2;9;15;2; ;0,71872778
13437;2;1;1; ;1;1;1;1;2;5;6;6;9;14;3; ;0,718734254
17000;2;2; ;2;2;2;3;4;2;1;2;7;8;15;1;1;0,719184107
17679;2;1;1; ;2;2;1;1;1;1;1;7;7;10;4;3;0,719184107
31140;2; ;1; ;1;1;1;1;1;1;1;1;1;16;4; ;0,719184107
5129;1; ; ;4;1;2;2;1;1;1;1;2;6;14;1;1;0,719509682
10834;1; ;1; ;1;1;2;2;2;7;1; ; ;14; ;3;0,719509682
12325;1;1;1; ;1;1;2;1;1;1;1;7;6;15;3;1;0,719509682
12363;1;1;1; ;1;1;1;1;2;1;1;3;3;13;1;2;0,719509682
17292;1;1;2; ;2;2;2;1;1;1;1;6;6;13;5;4;0,719509682
35953;1;1;1; ;1;1;1;1;1;1;1;4;5;15;4;4;0,719509682
36695;1;1;2; ;2;1;1;1;1;1;1;7;7;16;1;1;0,719509682
40429;1;2; ;1;1;1;2;1;2; ;1;7; ;15;5;1;0,719509682
40453;1;1;1; ;2;1;2;1;2;1;1;4;6;16; ; ;0,719509682
40457;1;1;2; ;2;2;2;1;2;5;2;7;7;9; ; ;0,719509682
4141;2;1;1; ;1;1;1;1;1;1;1;4;4;15;5;5;0,722327609
7780;2;2; ;2;2;1;2;1; ;7;4;9; ;15;5;1;0,722327609
6331;1;1;1; ;1;1;1;1;1;1;1;2;6;15;3;1;0,725965125
4427;1;1;1; ;1;1;1;1;1;1;1;1;1;14;2;2;0,726256178
5087;1;1;1; ;1;1;1;1;1;1;1;2;2;15;4;4;0,727138357
5096;1;1;1; ;1;1;1;1;1;1;1;7;6;15;5;5;0,727138357
5099;1;1;2; ;2;1;2;1;1;1;1;5;6;17;2;3;0,727138357
5118;1;1;1; ;2;1;1;1;1;1;1;6;6;15;3;3;0,727138357
5120;1;1;1; ;1;1;2;1;1;2;1;8;7;16;4;2;0,727138357
5123;1; ;1; ;1;1;2;1;2;1;1;2;6;15;4;4;0,727138357
5126;1;1;1; ;1;1;1;2;1;3;1;1;5;15;3;1;0,727138357
10818;1;1;1; ;1;1;1;1;1;1;1;6;6;14;3;3;0,727138357
10838;1;1;1; ;1;1;1;1;1;1;1;7;6;12;5;4;0,727138357
10839;1;1;1; ;1;1;1;1;1;1;1;4;4;15;4;2;0,727138357
10954;1;1;1; ;1;1;2;1;1;1;1;3;4;16;3;3;0,727138357
10961;1;1;1; ;1;1;2;1;1;1;3;5;8; ;2;2;0,727138357
10978;1;1;1; ;1;1;1;1;1;1;3;7; ;16;2;2;0,727138357
10990;1;1;1; ;1;1;1;1;1;2;2; ; ; ;5;1;0,727138357
12326;1;1;1; ;2;2;3;2;1;1;1;4;2;14;4;4;0,727138357
12329;1;1;1; ;1;1;1;1;1;1;1;6;7;16;3;3;0,727138357
12341;1;1;1; ;1;1;1;1;1;1;1;5;5;15;4;4;0,727138357
12355;1;1;1; ;1;2;2;1;2;1;1;4;7;14;3;4;0,727138357
12366;1;1;1; ;1;2;1;1;1;1;1;4;6;15;3;3;0,727138357
17256;1;1;1; ;1;1;1;1;1;1;1;7;6;15;3;3;0,727138357
17257;1;1;1; ;1;1;1;1;1;1;1;4;6;10;4;4;0,727138357
17272;1;1;1; ;1;1;1;1;1;4;1;3;4;15;4;4;0,727138357
17273;1;1;1; ;1;1;1;1;1;1;1;6;6;14;2;2;0,727138357
17276;1;1;1; ;2;1;1;1;1;1;1;7;6;16;5;5;0,727138357
17281;1;1;2; ;1;1;1;1;1;1;1;3;7;12;1;1;0,727138357
27275;1;1;1; ;1;1;1;1;2;1;1;3;4;15;2;2;0,727138357
33812;1;1;1; ;1;1;2;1;2;4;4; ; ;16;1;1;0,727138357
33818;1;1;1; ;2;1;1;1;2;1;1;7;6;10;5;1;0,727138357
33829;1;1;2; ;2;2;1;1;1;2;4;7;7;13;1;1;0,727138357
33839;1; ;2; ;1;1;2;1; ;7;1;9;6;15; ;3;0,727138357
35947;1;1;1; ;2;1;3;1;1;1;1;7;5;17; ; ;0,727138357
35963;1;1;1; ;1;2;2;1;1;1;1;7;7;10;4;4;0,727138357
35973;1;1;1; ;1;1;2;1;1;1;1;1;5;14; ; ;0,727138357
35984;1;1;1; ;1;1;1;1;1;1;1;7;6;15; ; ;0,727138357
35992;1;1;1; ;1;1;1;1;1;1;1;4;6;15;3;3;0,727138357
36034;1;1;1; ;2;2;2;1;1;1;4;2;8;14;4;3;0,727138357
36676;1;1;2; ;1;1;2;1;1;1;4;6; ;17;2;1;0,727138357
36681;1;1;1; ;1;1;1;2;1;1;1;7;7;17;4;1;0,727138357
36698;1;1;1; ;1;1;1;1;1;1;1;5;5;13;3;2;0,727138357
36702;1;1;1; ;1;1;1;1;1;1;1;5;5;7;3;3;0,727138357
40415;1;1;1; ;1;1;1;1;1;1;1;6;6;13;4;4;0,727138357
40416;1;1;3; ;1;1;1;4;2;1;2;4;6;16;1;1;0,727138357
40449;1; ;1; ;1;1;1;1;4;1;7;4;9;12;5; ;0,727138357
40460;1;1;1; ;1;1;1;1;1;1;1;5;6;15;4;4;0,727138357
43400;1;1;1; ;1;1;1;1;1;1;1;7;5;13;3;3;0,727138357
43402;1;1;1; ;1;1;1;1;4; ;1; ;6;11; ;2;0,727138357
43408;1;1;1; ;1;1;1;1;1;2;1;8;6;13;4;4;0,727138357
43418;1;1;1; ;1;1;1; ;1;1;1; ; ;14;1;1;0,727138357
18025;1;1;1; ;1;1;1;2;1;2;1;8;2;12;2;2;0,727707931
10307;1;1;1; ;1;1;1;1;2;1;2;6;8;14;4; ;0,727999683
4455;1;1;1; ;2;2;2;2;1;1;1;6;6;16;3;3;0,729118479
4463;1;2; ; ;1;1;1;1;1; ;1;8;5; ;1;2;0,729118479
4491;1;1;2; ;1;1;2;1;2;1;1;4;4;10;5;4;0,729118479
8586;1;1;1; ;1;1;1;2;1;1;1;4;6;14;5;5;0,729118479
13499;1;1;2; ;2;1;1;1;2;1;1;6; ;14;4;4;0,729118479
459;2; ;1; ;1;1;1;1;1;1;1;2;2;13;4;4;0,72996635
464;2;1;1; ;1;1;2;1;2; ;1; ; ; ; ;1;0,72996635
471;2;1;1; ;1;1;1;1;1;1;1;4;6;16;2;3;0,72996635
483;2;1;2; ;1;1;1;1;1;1;1;6;7;16;2;2;0,72996635
486;2; ; ; ; ;2;1;1;1;1;1; ; ;16; ; ;0,72996635
496;2;1;1; ;1;1;1;1;2;1;1;4;4; ;5;3;0,72996635
1889;2;1;1; ;1;1;1;1;2;1;1;2;6; ;4;3;0,72996635
1894;2;1;1; ;1;1;1;1;2;6;1; ;2;15;1;1;0,72996635
1896;2;1;1; ;1;1;1;1;2;1;1;3;4;12;4;5;0,72996635
1906;2;1;1; ;1;1;1;1;1;1;1;7;5;13;2;2;0,72996635
1910;2; ;1; ;2;1;2;1;1;1;3;4;8;16;2;1;0,72996635
1914;2; ;1; ;2;1;1;1;1;1;1;7;6;16;2;2;0,72996635
1917;2;1;1; ;2;1;2;1;1;4;1;6;6;17;3;3;0,72996635
1920;2;1;1; ;1;1;1;1;1;1;3;4;9; ;1;1;0,72996635
1925;2;1;1; ;1;1;1;1;1;1;3;2;2;13;3;2;0,72996635
1930;2;1;1; ;2;1;1;1;1;1;1;2;2;16;1;5;0,72996635
1931;2;1;1; ;2;2;1;1;1;1;1;2;2;16;1;5;0,72996635
5446;2;1;1; ;1;1; ;1;2;1;1;7;5;15;2;1;0,72996635
5449;2;1;1; ;2;1;1;1;2;1;1;7;7;17;1;1;0,72996635
5451;2;1;1; ;1;1;1;1;1;1;1;5;5;15;4;4;0,72996635
5455;2;1;1; ;1;1;1;1;1;1;1;7;8;17;2;2;0,72996635
5464;2; ;1; ;1;1;1;1;1; ; ;7;7; ; ; ;0,72996635
5469;2;1;1; ;1;1;1;1;1;1;1;6;6;14;2;2;0,72996635
5478;2;1;1; ;1;1;1;5;1;1;1;2;2;14;2;2;0,72996635
5480;2;1;1; ;2;1;1;1;1;1;1;2;6; ;5;5;0,72996635
5483;2;1;1; ;2;1;1;1;1;1;4;7;6;16;3;3;0,72996635
10904;2;1;1; ;1;1;1;1;2; ;1; ;5;16;5;2;0,72996635
10919;2;1;1; ;2;1;1;1;1;1;1; ; ; ;3;2;0,72996635
10932;2;1;1; ;1;2;1;1;1;1;1;7;7; ;3;1;0,72996635
10935;2;1;1; ;1;1;1;1;1;1;1;6;6;13;4;3;0,72996635
12265;2;1;1; ;2;1;1;1;2;1;1;6;6;17;3;1;0,72996635
12549;2;2; ;1;2;1;2;1;4;7;1;9;6; ; ;1;0,72996635
12581;2; ;1; ;1;1;1;1;1;1;1;7;2; ;4;4;0,72996635
12583;2;1;1; ;1;1;1;1;2;1;1;6;6;15;3;3;0,72996635
16637;2; ;1; ;2;1;1;1;2;7;1;9;4;17; ;1;0,72996635
16667;2;1;1; ;1;1;1;1;1;1;1; ;6; ;5;2;0,72996635
16981;2;1;1; ;1;1;1;4;1;1;1;6;5;13;5;2;0,72996635
16986;2;1;1; ;1;1;1;1;1;5;5;4;6;13;2;2;0,72996635
16987;2;1;2; ;1;1;3;1;1;4;3;8;8; ;1;1;0,72996635
17002;2;1;1; ;1;1;1;1;2;1;1;6;7; ;1;1;0,72996635
17021;2;1;1; ;1;1;1;1;1;1;1;5;4;15;1;1;0,72996635
17023;2;1;1; ;2;1;1;1;1;1;1;6;4;12;4;2;0,72996635
17645;2;1;1; ;1;1;1;1;1;1;1;6;6;12;5;5;0,72996635
17649;2;1;1; ;1;1;1;1;2;7;1;9;7;15; ;3;0,72996635
17653;2;1;1; ;1;1;1;3;2;1;1; ; ;14;3;1;0,72996635
28052;2;1;1; ;1;1;2; ;2;1;1;3;6;15;5;3;0,72996635
31123;2;1;1; ;1;1;2;1;2;1;5;7;5;17;3;3;0,72996635
31126;2;1;1; ;2;1;1;1;1;1;3;7;8; ;2;2;0,72996635
31145;2; ;1; ;2;1;1;1;2;1;1;5;5; ;1;1;0,72996635
31148;2;1;1; ;2;1;3;1; ;1;4;6;6; ;1;1;0,72996635
31152;2;1;1; ;1;1;1;1;1;1;1;7;6; ;1;1;0,72996635
31157;2;1;1; ;2;1;2;1;1;1;1; ;5;14;2;4;0,72996635
10821;1;1;1; ;2;2;2;1;2;1;1; ; ;15;4;1;0,730296807
10855;1;1;1; ;1;2;2;1;2;1;1;6;6;12;3;2;0,730296807
10863;1;1;1; ;1;1;2;2;1;1;1;2;6;14;4;4;0,730296807
12373;1;1;1; ;2;2;2;2;1;1;3;6;8; ; ; ;0,730296807
17261;1;1;1; ;1;1;2;1;1;1;1;6;6;16;4;3;0,730296807
17285;1;1;1; ;1;1;1;1;1;1;1;5;5;15;1;2;0,730296807
35958;1;2; ;1;2;1;2;1;1;1;3;6;8;15;3;3;0,730296807
35979;1;2; ;4;2;2;3;4;2;2;1; ;6;15; ;1;0,730296807
36683;1; ;1; ;2;1;2;2;2;1;1;7;6;15;4;4;0,730296807
36718;1;1;1; ;1;1;1;1;1;1;1;7;6;13;1;1;0,730296807
40412;1;2; ;2;2;1;1;3; ;1;7;6;9;13;4;1;0,730296807
13556;1; ;1; ;1;1;2;1;1;1;1;7;6;15;3;3;0,730730641
14814;1;1;1; ;1;1;1;1;2;4;1;8;6;13;1;4;0,730730641
1321;1;1;1; ;1;1;1;1;2;7;1;9;2;15;1;2;0,730868855
17447;1;1;1; ;1;2;2;1;1;1;1;7;6;12;5;5;0,730868855
17425;1;1;1; ;2;1;2;1;2;1;1;7;6;3; ; ;0,731161874
498;2;1;1; ;2;1;1;2;1;1;1;4;6;15;4;4;0,733137084
12544;2;1;1; ;1;1;1;1;1;1;1;6;6;10;5;5;0,733137084
16654;2;1;2; ;1;2;3;1;2;2;1;8;4;13;5;2;0,733137084
16997;2;1;2; ;2;2;2;1;1;4;4; ; ;15;1;4;0,733137084
17640;2;1;1; ;2;1;2;2;1;1;1;1;6; ;5;2;0,733137084
31124;2;2; ;2;2;1;2;1;1;4;1; ; ;17;1;2;0,733137084
31136;2;1;1; ;1;1;1;1;2;7;2;9;7;15; ;1;0,733137084
31138;2;1;1; ;1;1;1;1;2;1;1;4;6;15;4;4;0,733137084
1213;2; ;1; ;1;1;1;1;2;6;1; ;6;16;1;1;0,734986262
1220;2;1;1; ;1;1;1;1;1;1;1;6;2;13;4;4;0,734986262
1224;2;1;1; ;2;1;1;1;1;1;1;7;6;10;5;3;0,734986262
1236;2; ;1; ;1;2;1;1;1;1;1;7;6;15;3;3;0,734986262
1249;2;1;1; ;2;3;3;1;1;2;1; ; ;15;3;1;0,734986262
1251;2; ;1; ;2;2;1;1;1;1;2;7;8;15;3;3;0,734986262
1258;2;1;1; ;1;1;2;1;2;1;1;7; ;15;5;1;0,734986262
20534;2;1;1; ;1;1;1;1;1;1;1;4;4;15;3;2;0,734986262
20548;2;1;2; ;1;1;2;5;1;1;1;7;7;13;5;5;0,734986262
22457;2;1;1; ;1;1;1;1;1;1;2;4;8; ;3;3;0,734986262
22472;2;1;1; ;2;2;1;1;1;5;4; ; ;15;1;1;0,734986262
22481;2;1;1; ;1;1;1;1;2;1;1;2;6;10;4;1;0,734986262
22484;2;1;1; ;1;1;1;1;1;1;1;3;6;16;2;2;0,734986262
22499;2;1;1; ; ;2;2;1;1;1;1;7;6; ;1;1;0,734986262
30068;2;1;1; ; ;2;1;1;1;2;1; ; ; ;1;1;0,734986262
30074;2;1;1; ;1;1;1;1;1;5;1; ;4;15;4;4;0,734986262
30088;2;1;1; ;2;2;2;2;2;1;1;7;5;16;4;4;0,734986262
30108;2;1;2; ;2;1;2;1;1;1;1;1;6;17;2;2;0,734986262
30114;2;1;2; ;1;2;2;1;1;1;1;7;7;16;3;3;0,734986262
36000;2; ;1; ;2;1;1;1;1;1;1;2;2;15;3;2;0,734986262
36004;2;1;1; ;2;1;2;1;1;1;1;1;1;12;3;3;0,734986262
36015;2;1;1; ; ;1;1;1;2;7;1;9;7;13; ;4;0,734986262
36019;2;1;1; ;2;3;1;1;1;1;1;6;7;12;1;2;0,734986262
36024;2;1;1; ;1;1;1;1;1;1; ;6;6;15;1;1;0,734986262
36026;2;1;1; ;2;1;2;1;1;1;1;1;6;13;4;4;0,734986262
36030;2;1;1; ;1;1;1;1;2;1;1;6;6;12;4;4;0,734986262
16418;1;1;2; ;2;1;1;1;1;1;1;7;7; ;4;4;0,735889388
4498;1;1;1; ;1;1;1;1;1;1;1;6;6;8; ; ;0,736849032
2156;1;1;2; ;2;3;2;1;1;1;3; ; ;14; ; ;0,737144449
8201;1;1;1; ;1;1;1;1;2; ;4; ;8;10; ;2;0,737144449
8560;1;1;1; ;1;1;1;1;4;7;1;9;6;16;1;2;0,737144449
1227;2;1;1; ;1;1; ;1;1;1;1;7; ;16;3;1;0,738178801
1228;2; ;1; ;1;2;2;2;1;1;1;1;6;14;4;4;0,738178801
20521;2; ;2; ;1;1;2;1;1;1;1;7;7;15;4;3;0,738178801
20555;2;1;1; ;1;1;1;2;4;7;1;9;7;15; ;2;0,738178801
36012;2;1;1; ;2;1;1;1;1;1;1;7;6;14;4;1;0,738178801
2974;1;2; ;4;2;1;1;1;1;1;4;2; ;16;1; ;0,738774357
2142;1;1;1; ;2;1;1;1;2;1;1;4;6;14;4;1;0,740049662
2167;1; ; ; ;1;1;2;1; ; ;1; ;5;13;1;2;0,740049662
4485;1;1;1; ;2;1;1;2;2;1;1;4;6;14; ; ;0,740049662
4495;1;1;1; ;1;1;1;2;1;1;1;4;5;14;3;2;0,740049662
6362;1; ;2; ;2;1;1; ;4; ;1;1;7;13; ;4;0,740049662
13495;1;1;1; ;1;1;1;1;1;1;1;7;6;15;2;2;0,740049662
13523;1;1;1; ;1;1;1;1;1;1;3; ; ;14;4;4;0,740049662
13535;1;2; ;2;2;1;2;1;2;3;3;8;8;11;1;1;0,740049662
26055;1;1;2; ;1;1;1;1;2;1;1; ; ; ;4;3;0,740049662
13438;2;1;1; ;1;1;1;1;1;1;1;3;5;15;5;5;0,740367413
13449;2;1;1; ;2;1;2;1;1;1;1;7;5;14;1;1;0,740367413
44231;2;2; ;1;2;1;1;1;1;1;1;6;6;12;4;1;0,740367413
2447;2;1;1; ;1;1;1;1;1;1;3;1;8;12;5;4;0,740850912
2463;2;1;1; ;1;1;1;1;2;1;1; ; ;15;4;3;0,740850912
37630;2;1;1; ;2;1;2;1;1;1;1;6;6;15;3;3;0,740850912
19425;1;1;1; ;1;1;1;2;4;1;7;7;9;10;5;1;0,741425739
20660;2;1;1; ;1;1;2;2; ;1;1;7;6;16;1;1;0,744068925
23763;2; ;1; ;1;1;2;2;1;1;4;1;6;8;1;1;0,744068925
37647;2;1;1; ;1;1;1;1;2;1;1;3;6;15;4;1;0,744068925
11587;2;1;1; ;1;1;2;1;2;1;1;7;7;15;1;3;0,746270958
12932;2;1;2; ;2;1;1;1;2;1;2;7;8;17;5;2;0,748217235
12933;2;1;1; ;1;1;1;1;1;1;1;7;5;14;3;2;0,748217235
12955;2; ;1; ;1;1;1;1;1;1;1;6;6;16;3;3;0,748217235
12973;2;1;1; ;2;1;1;1;1;1;1;7;6;16;4;3;0,748217235
13415;2;1;1; ;2;1;1;1;1;1;1; ; ;16;4;4;0,748217235
13429;2;1;1; ;1;1;1;1;1;1;1;5;5;16;4;4;0,748217235
13445;2; ;1; ;1;1;1;1;1;1;1;5;6;16;5;1;0,748217235
13446;2; ;1; ;1;1;2;1;1;1;1;2;2;16;1;1;0,748217235
13451;2;1;1; ;1;1;1;1;1;1;1;6;6; ;2;2;0,748217235
17783;2;1;1; ;1;1;1;1;2;1;1;6;6;17; ;3;0,748217235
17784;2;1;1; ;1;2;2;1;1;1;1;5;4; ;4;4;0,748217235
17815;2;1;1; ;1;1;1;1;2;1;1;7;6;14;4;5;0,748217235
18365;2;1;1; ;1;1;2;1;1;1;3; ;8; ;1;2;0,748217235
18369;2;1;1; ;1;1;1;1;2;6;1;9; ;15; ;3;0,748217235
18385;2; ;1; ;1;1;1;1;1;1;1;4;4;14;2;1;0,748217235
18389;2;1;2; ;2;1;1;1;1;1;1;7;6;16;5;4;0,748217235
18391;2;1;1; ;1;1;1;2;1;1;1;7;5;14;2;2;0,748217235
44245;2;1;1; ;1;1;1;1;1;1;1;1;1; ;4;4;0,748217235
17463;1; ;1; ;2;1;1;1;2;1;1; ; ;13;2;2;0,748925096
9379;1;1;2; ;1;1;2;1;1;1;1;5;4;16;4;4;0,74961119
18015;1;1;1; ;2;1;2;2;2;1;1;6;6;16;4;2;0,74961119
12942;2; ;1; ;2;1;1;1;2;1;2;2;6;14;3;4;0,751467244
13454;2;1;1; ;1;3;3;1;1;1;1;7;1;17; ; ;0,751467244
17812;2; ;1; ;1;1;1;1;2;1;1;6;6;14;5;1;0,751467244
18380;2;1;1; ;1;1;1;1;1;1;1;2;2;14;4;4;0,751467244
21699;2;1;1; ;2;2;3;2;2;1;1;7;6;16;5;4;0,751467244
2438;2;1;1; ;2;2;2;1;1;1;1;7;6;15;2;2;0,751957992
2443;2;1;1; ;2;1;1;2;1;1;1;6;6;15;2;2;0,751957992
2449;2;1;1; ;1;1;1;1;1;1;1;4;4;14;4;4;0,751957992
2466;2;1;1; ;1;1;1;1;1;1;1;1;6;16;4;4;0,751957992
2528;2;2; ;1;1;1;1;1;2;1;3;7;8;17;4;2;0,751957992
2538;2;1;2; ;2;2;2;3;2;1;4;7;8;15;5;5;0,751957992
2541;2;1;1; ;1;1;2;1;1;1;1;1;6;14;3;3;0,751957992
4125;2;1;1; ;1;1;2;1;1;1;1; ;7;15;2;2;0,751957992
4129;2; ;1; ;1;3;3;1;1;1;1;7;6;15;4;2;0,751957992
4132;2;1;1; ;1;1;2;1;1;2;1;8; ;12;5; ;0,751957992
4144;2;1;1; ;1;1;1;1;1;1;1; ; ;13;2;1;0,751957992
4152;2;1;1; ;1;1;1;1;1;1;1;4;4;15;4;4;0,751957992
7763;2;1;1; ;1;1;1;2;4;7;1;9;5;13; ;2;0,751957992
7768;2;1;1; ;1;1;1;1;1;1;1;4;6;15;3;1;0,751957992
7778;2;1;1; ;2;2;2;1;1;1;1;3;6;17; ; ;0,751957992
7782;2;1;1; ;1;1;1;1;1;1;1;5;4;15;3;3;0,751957992
7784;2;1;1; ;2;1;2;1;1;1;1;1;6;10;5;4;0,751957992
7789;2;1;1; ;1;2;2;1;1;1;1;4;5;15;5;1;0,751957992
15728;2;1;1; ;1;1;1;1;1;1;1;4;4;14;4;4;0,751957992
23747;2;1;1; ;1;1;1;1;1;1;3; ;8;16;4;4;0,751957992
23754;2; ;1;2;2;1;1;1;1;1;1;8;8;16;2;1;0,751957992
23767;2;1;1; ;1;1;1;1;1;1;1;7;6;15;4;4;0,751957992
23773;2;1;1; ;1;1;2;1;1;1;1;6;6;12;3;2;0,751957992
23776;2;1;1; ;1;1;1;1;1;1;1;2;2; ;4;4;0,751957992
37602;2;1;1; ;1;1;1;2;2;1;1;4;4;14;5;1;0,751957992
37605;2;1;1; ;1;1;1;1;1;5;1; ;2;14;5;5;0,751957992
37607;2;1;1; ;1;1;1;1;1;1;1;6;7;14;4;4;0,751957992
37617;2;1;1; ;1;1;1;1;1;1;1;4;4;15;4;4;0,751957992
37628;2; ;1; ;2;1;1;1;1;2;3;7; ; ;1;1;0,751957992
37638;2;1;1; ;1;1;1;1;1;1;1;2;4;13;4;4;0,751957992
45051;2; ;1; ;2;3;3;1;2;4;2; ;8;16;5;5;0,751957992
45068;2;1;1; ;1;1;2;1;1;1;1;6;7;14;3;3;0,751957992
19347;1;2; ;1;1;1;2;1;4; ; ; ;4;16; ;3;0,752541436
11277;1; ;2; ;1;1;1;1;1;1;1;6;6;14;2;1;0,752867254
11286;1; ;2; ;2;1;1;1;2;1;1;7;7;15;2;1;0,752867254
17452;1;2; ;2;2;2;2;1;2;3;2;8;7;16;1;1;0,752867254
2456;2;1;1; ;1;1;1;1;2;3;3;8;8;16;3;1;0,75522425
4154;2;1;1; ;1;1;2;1;1;1;1;2;7;15;3;1;0,75522425
4156;2;1;1; ;1;1;1;1;1;1;1;6;6;15;5;4;0,75522425
23753;2;1;1; ;1;1;2;3;2;7;3;9;8;13; ;2;0,75522425
23778;2;1;1; ;1;1;1;1;2; ;1; ;1;15; ;5;0,75522425
37644;2; ;1; ;1;1;1;1;2;2;1;8;6;15;4;2;0,75522425
45046;2;1;1; ;1;1;1;1;1;1;1;7;5;15;4;2;0,75522425
45065;2;1;1; ;1;2;2;1;1;1;2;7;8;16;4;4;0,75522425
17487;1;1;1; ;1;1;1;2;2;1;1;6;6;10;4;4;0,757169092
2146;1;1;1; ;1;3;2;2;1;1;1;2;6;10;3;3;0,759027428
2159;1;1;1; ;1;1;1;1;1;1;1;1;5;12;3;3;0,759027428
4461;1;1;2; ;2;2;2;1;2;1;1;7; ;12;4;4;0,759027428
5944;1;1;1; ;1;1;1;1;1;1;1;4;4;13;5;5;0,759027428
5972;1;1;1; ;1;1;1;1;1;1;1;3;4;15;5;5;0,759027428
5974;1;1;2; ;1;1;3;1;1;4;1;7;7;14;5;2;0,759027428
8198;1;1;1; ;1;1;1;1;1;1;3; ;8;12; ; ;0,759027428
8567;1;1;2; ;1;2;3;1;1;1;1;1;7;10;5;4;0,759027428
15336;1;1;1; ;1;1;1;1;2;1;1;7;7;12;2;2;0,759027428
15707;1;1;1; ;1;1;1;1;1;1;1;3;2;14;1;1;0,759027428
15721;1;1;1; ;1;1;1;1;1;1;1;7;7;14;4;4;0,759027428
23503;1;1;1; ;2;1;1;1;2;1;1;7;7;13; ; ;0,759027428
26062;1;1;1; ;1;2;2;1;1;1;1;7;6;10;5;5;0,759027428
11715;1;1;2; ;2;2;3;1;1;2;1;8; ;14;5;5;0,760153226
12127;1;1;1; ;1;1;1;3;4;7;1;9;6;15; ;2;0,760153226
12154;1;1;1; ;1;1;2;1;2;7;1;9;6;16; ;1;0,760153226
12170;1;1;1; ;1;1;1;1;1;1;1;5;4;13;5;4;0,760153226
12186;1;1;1; ;2;2;2;1;2;1;4;6;4;15;5;4;0,760153226
17579;1;1;2; ;1;2;2;2;2;4;1;7;6;15;1;3;0,760153226
9377;1;1;1; ;1;1;1;1;1;1;1;3;4;10;3;3;0,760849606
9392;1;1;1; ;1;1;1;2;1;1;1;3;6;14;3;3;0,760849606
9395;1;1;1; ;1;1;1;1;1;1;1;7;6;14;1;1;0,760849606
9399;1;1;1; ;1;1;2;2;1;1;1;7;6;13;3;3;0,760849606
10287;1;1;1; ;1;2;2;2;1;1;1;5;5;15; ; ;0,760849606
10288;1;1;1; ;1;1;1;1;1;1;1;7;7;14;2;1;0,760849606
10296;1;1;1; ;1;1;1;2;1;1;1;2;2; ;1;3;0,760849606
10300;1;1;1; ;1;1;1;1;1;1;1;6;7;15;4;4;0,760849606
10948;1;1;1; ;1;1;1;2;1;1;1;7;6;13;4;2;0,760849606
11272;1;1;1; ;2;1;1;1;2;1;1;7;5;14;2;1;0,760849606
11275;1;1;2; ;1;2;2;1;1;1;1;7;2;17;1;2;0,760849606
11291;1;1;1; ;1;1;1;1;1;5;1;7;6;10;2;2;0,760849606
11300;1;1;1; ;1;1;1;2;1;1;1;6;6;15;4;4;0,760849606
11303;1;1;1; ;1;1;1;1;1;4;1;4;4;15;5;3;0,760849606
11321;1;1;1; ;2;1;1;1;1;1;3;3;8;15;3;1;0,760849606
11323;1;1;1; ;1;1;2;1;1;1;1;5;6;10;4;4;0,760849606
11326;1;1;1; ;1;1;1;1;1;1;1;4;4;15; ; ;0,760849606
11329;1;1;1; ;1;1;1;1;1;1;1;6;7; ;1;1;0,760849606
11334;1; ;1; ;1;1;1;1;1;5;5; ; ; ;1;1;0,760849606
12556;1;1;1; ;1;1;1;1;1;1;1;4;4;14;4;4;0,760849606
12571;1;1;1; ;1;1;1;1;1;1;1;4;5;16;4;4;0,760849606
17302;1;1;1; ;1;1;1;1;1;1;1;6;6;15;5;5;0,760849606
17314;1;1;1; ;1;1;1;1;1;1;2;4;6;14;3;3;0,760849606
17418;1;1;1; ;1;1;1;1;1;1;1;3;5;14;3;3;0,760849606
17422;1;1;1; ;1;1;1;1;1;1;1;5;5; ;4;3;0,760849606
17432;1;1;1; ;1;1;1;1;2;1;1;3;6;17;4;1;0,760849606
17435;1;1;1; ;1;2;3;5;1;1;1;6;6;14;3;3;0,760849606
17442;1;1;1; ;1;1;1;1;1;1;1;4;4;16;4;4;0,760849606
17455;1;1;1; ;2;1;2;1;1;1;2;6;8;12;3;1;0,760849606
17660;1;1;1; ;1;1;2;1;2;1;1;4;4;15;4;3;0,760849606
18003;1;1;1; ;1;1;1;1;1;1;1;7;6;15;4;4;0,760849606
18008;1;1;1; ;1;1;1;1;1;1;2;6;8; ;1;1;0,760849606
18022;1;1;2; ;2;2;2;1;1;1;1;2;2; ; ; ;0,760849606
8555;1;1;1; ;1;1;1;1;1;5;1;2;4;12;4;4;0,762324394
11033;1;1;1; ;1;1;2;2;1;1;1;7;6;13;4;3;0,762324394
11043;1;1;2; ;2;2;2;1;1;1;1; ; ;13; ; ;0,762324394
13536;1; ; ;2;2;2;2;1;2;1;2; ;8;10;4;1;0,762324394
15348;1;1;1; ;1;1;1;1;1;1;1;2;5;14;4;4;0,762324394
15709;1;1;1; ;2;1;1;1;2;1;1;4;4;15;1;1;0,762324394
15722;1;1;2; ;1;1;1;1;1;1;1;1;6;15;4;3;0,762324394
28161;1;1;1; ;1;1;2;2;2;1;1;5;6;14;5;5;0,762324394
2976;1;1;1; ;1;1;1;1;1;1;1;1;1;15;4;4;0,764009978
14826;1;1;1; ;1;1;1;2;1;1;1;7;7;12;5;1;0,764009978
10910;1;1;1; ;1;1;1;1;1;1;1;3;3;14;2;2;0,764154487
11306;1;1;1; ;2;1;1;1;2;1;1;4;6;14;4;4;0,764154487
11314;1;1;1; ;2;1;1;1;2;1;1;7;2; ;1;4;0,764154487
17428;1;1;1; ;1;1;2;1;4;7;3;9;8;16;1;2;0,764154487
18000;1;1;1; ;2;1;1;1;2;2;1;4;5;15;3;1;0,764154487
18012;1;1;1; ;1;1;1;1;1;1;1;6;6;10;4;4;0,764154487
28366;2;2; ;2;2;2;1;1;2; ;1; ; ;16;5;1;0,766542956
2144;1;1;1; ;1;1;1;2;1;1;1;4;6;15;4;4;0,770407016
2170;1; ;1; ;2;2;2;1;1;1;3;7;8;16;5;5;0,770407016
2179;1;1;1; ;1;1;1;1;1;1;1;6;6; ;3;2;0,770407016
2182;1;1;1; ;1;1;1;1;1;1;1;7;6;12;4;4;0,770407016
2187;1;1;1; ;2;2;2;1;2;1;1;7;7;16;4;2;0,770407016
4431;1;1;1; ;2;2;2;2;1;1;1; ; ;17;4;4;0,770407016
4433;1;1;1; ;2;2;2;1;1;1;1;2;6; ;2;1;0,770407016
4437;1;1;2; ;2;1;1;1;1;1;1;4;4; ;4;3;0,770407016
4452;1;1;1; ;1;1;3;1;1;1;1; ;6;15;4;1;0,770407016
4466;1;1;1; ;1;1;1;1;2;1;1;4;6;14;3;3;0,770407016
4470;1;1;2; ;2;2;2;1;2;1;1;7;7;14;3;1;0,770407016
4472;1;1;1; ;1;2;2;1;1;1;1;6;4;16;5;4;0,770407016
4478;1;1;1; ;1;1;1;1;1;1;1;4;4;12;3;3;0,770407016
4490;1;1;1; ;1;1;1;1;2;1;1;2;6;17;4;4;0,770407016
4514;1;1;1; ;1;1;1;1;1;1;1;7;2;11;1;1;0,770407016
5936;1;1;1; ;1;1;1;1;5;7;1;9;5;10;5;1;0,770407016
5939;1;1;2; ;2;1;1;1;1;1;3;3;8; ;1;1;0,770407016
5957;1; ;1; ;1;1;1;1;1;1;1;1;4;16;3;2;0,770407016
5964;1;1;1; ;1;1;1;1;2;1;2;7;8;16;4;2;0,770407016
5969;1; ;1; ;2;1;1;1;1;1;1;6;6;15;3;3;0,770407016
6333;1;1;1; ;1;1;1;1;4;7;1;9;2;19; ;4;0,770407016
6334;1;1;1; ;1;1;2;1;1;2;1;7;7;13; ; ;0,770407016
6340;1;1;1; ;1;1;1;1;1;1;1;7;6; ;1;2;0,770407016
6350;1;1;1; ;1;1;1;1;2;1;1;7;6;13;2;2;0,770407016
6357;1; ;1; ;1;1;1;2;1;1;1;3;6;15;3;3;0,770407016
6370;1;1;1; ;1;1;1;1;1; ;1;5;6;15;2;2;0,770407016
8214;1;1;2; ;1;1;1;1;4;1;7;2;9; ; ; ;0,770407016
8216;1;1;2; ;2;1;1;1;2;1;1;7; ;16;4;4;0,770407016
8217;1;1;1; ;1;1;1;1;1;1;1;6;4;16;3;1;0,770407016
8222;1;1;1; ;1;1;1;1;1;1;1;4;5;15;4;3;0,770407016
8226;1;1;1; ;1;1;1;1;1;1;1;3;4;13;2;2;0,770407016
8230;1;1;3; ;1;1;1;1;1;1;4;4;5;13;5;2;0,770407016
8233;1;1;1; ;1;1;1;1;1;1;1;2;6;14;4;4;0,770407016
8575;1;1;1; ;2;1;1;1;2;6;1;8;6; ;1;2;0,770407016
8578;1;1;1; ;1;1;1;1;2;4;4;7;6; ;1;1;0,770407016
10424;1;1;1; ;1;1;2;1;1;1;1;2;7;12;4;4;0,770407016
10434;1;1;1; ;2;1;1;1;1;1;1;7;7;16;1;1;0,770407016
10438;1;1;1; ;2;1;2;1;1;5;3; ; ; ;1;1;0,770407016
10455;1;1;1; ;2;2;2;1;1;5;3;8;8;14;3;3;0,770407016
11040;1;1;1; ;1;2;2;1;2;1;1;6;6;11;2;2;0,770407016
13501;1;1;1; ;2;1;1;1;2;1;1;2;6;14;5;3;0,770407016
13506;1;1;1; ;1;1;1;2;1;1;3; ;8;16;3;3;0,770407016
13518;1;1;1; ;1;1;1;1;1;2;1;7;7; ;4;3;0,770407016
13519;1;1;1; ;1;1;1;1;1;1;3;1;8;10; ; ;0,770407016
13528;1;1;1; ;2;1;2;2;1;1;1;2;6;15;2;2;0,770407016
13533;1;1;1; ;1;1;1;1;1;1;1;4;4;12;4;3;0,770407016
13539;1;1;1; ;1;1;1;1;1;1;3; ;8;12;2;2;0,770407016
15318;1;1;1; ;1;1;1;1;1;1;1;4;4;15;5;5;0,770407016
15341;1;1;1; ;1;1;1;1;1;1;1;6;6;12;4;3;0,770407016
15699;1;1;1; ;2;1;1;2;1;1;1;7;7; ;4;4;0,770407016
15712;1;1;1; ;1;1;1;1;1;1;1;5;6;16;4;4;0,770407016
23490;1;1;1; ;2;2;2;1;1;1;1;6;6;15; ; ;0,770407016
23505;1;1;1; ;2;1;2;1;1;1;1;4;4;10;2;2;0,770407016
23510;1;1;1; ;2;1;1;2;1;1;1;1;1; ;5;5;0,770407016
23516;1;1;1; ;1;1;1;1;4;7;1;9;5;3; ;4;0,770407016
25169;1;1;3; ;1;1;1;4;1;1;1;6;4;16;2;2;0,770407016
26049;1;1;1; ;2;2;2;1;1;1;1;7;7;10;1;1;0,770407016
26064;1;1;1; ;1;1;1;2;1;1;1;7;4;7; ; ;0,770407016
26066;1;1;1; ;1;1;3;1;1;1;1;3;4; ;3;1;0,770407016
26078;1;1;1; ;1;2;3;2;1;1;1;2;7;15;2;1;0,770407016
26080;1;1;2; ;1;1;1;1;1;1;1;2;5;15; ; ;0,770407016
26082;1;1;1; ;1;1;1;1;1;1;2;4;8; ;1;1;0,770407016
28150;1;1;1; ;1;1;1;1;1;1;1;7;6;15;1;1;0,770407016
28155;1;2; ;2;2;2;1;1;1;1;1;6;6;10;3;2;0,770407016
28169;1;1;2; ;2;2;2;1;1;5;1; ; ;16;4;1;0,770407016
28176;1;2; ;1;1;3;3;5;1;7;7;9;9;1;1;1;0,770407016
28187;1;1;1; ;1;1;1;1;2;1;1; ; ; ;5;4;0,770407016
19393;1;1;1; ;2;1;1;2;1;1;1;7;6;14;5;3;0,77183954
2959;1;1;1; ;1;1;1;1;1;1;1;6;6;16;2;2;0,772110472
2965;1;2; ;2;2;1;1;1;1;3;3;8;8;16;1;1;0,772110472
2989;1;1;1; ;1;1;1;1;4;2;7;7;9; ;4;1;0,772110472
10385;1; ;2; ;2;2;2;1;2;4;1; ; ;17;1;1;0,772110472
10400;1;1;1; ;1;1;1;1;2;1;1;7;6; ;4;1;0,772110472
10401;1;1;1; ;1;1;1;1;1;1;1;7;4;16;4;4;0,772110472
10412;1;1;1; ;1;1;2;1;2;1;1;7;5; ;2;1;0,772110472
13541;1;1;1; ;2;2;1;1;2;1;1;6;6;16;2;2;0,772110472
13551;1;1;1; ;1;1;1;1;1;1;1;7;7;14;2;2;0,772110472
13566;1;1;1; ;1;1;1;2;1;1;1;1;6;15;4;2;0,772110472
13579;1;1;1; ;1;1;1;1;1;1;1;4;4;12;4;4;0,772110472
14802;1;1;1; ;1;1;1;1;1;1;1;4;7;15;3;3;0,772110472
14806;1; ;1; ;1;1;2;2;1;1;1;6;1;14;2;2;0,772110472
16159;1;1;1; ;1;1;2;1;2;1;1;7;6;15;3;4;0,772110472
16191;1;1;1; ;1;1;2;1;1;1;1;7;6;12;3;3;0,772110472
38795;1;1;3; ;1;1;1;4;1;1;1;4;4;12;5;5;0,772110472
10715;2;2; ; ;2;1;1;1;1;1;1;7;6;13;5;5;0,77316211
33207;2;1;1; ;1;1;1;2;1;1;1; ; ;13; ; ;0,77316211
40076;2; ;1; ;1;1;1;1;1;1;1;5;5;13;1;1;0,77316211
2178;1;1;1; ;1;1;1;1;2;1;1;4;6;15;4;4;0,773753411
4500;1; ;1; ;2;2;2;1;1;1;1;2;7;16;3;3;0,773753411
5981;1;1;2; ;2;1;3;1;2; ;1; ;3;15;5;5;0,773753411
6356;1;1;1; ;1;1;1;1;4;7;1;9;6;12;2;2;0,773753411
8571;1;1;1; ;1;1;1;1;2;1;1;1;6;13;4;4;0,773753411
11031;1;1;1; ;2;1;1;1;1;1;2;7;8; ;2;2;0,773753411
11038;1;1;1; ;2;1;1;1;2;1;1;2;5;13;5;5;0,773753411
11045;1;1;1; ;1;1;1;5;2;1;4;7;8;12; ; ;0,773753411
13502;1;1;1; ;1;1;1;1;2;2;1; ;2; ;2;3;0,773753411
15340;1;1;1; ;2;1;1;1;1;1;2;2;8;16;1;1;0,773753411
15714;1; ;2; ;2;1;1;5;1;1;1;2;6; ;4;3;0,773753411
23514;1;1;1; ;1;1;1;1;1;1;1; ; ;12; ; ;0,773753411
26068;1;1;1; ;1;1;1;1;1;1;1;4;6; ;4;4;0,773753411
28191;1;1;1; ;1;1;1;2;2;1;2;2;8;14;3;1;0,773753411
19341;1;1;1; ;2;1;1;1;1;1;1;7; ;16;2;2;0,775192158
3028;1;1;1; ;1;3;2;1;1;1;1;7;6;15; ; ;0,775248287
14822;1;1;1; ;1;1;2;1;1;1;1;5;5;13;2;2;0,775464266
9229;2; ;3; ;2;1;2;1;1;1;1;1;6;12;2;2;0,780218713
33197;2;2; ;2;1;2;2;1;2; ;2; ;8;14;1;1;0,78135964
23682;2;1;1; ;1;1;1;1;1;1;1;7;4;13;5;4;0,781672902
12151;1; ;2; ;1;3;3;1;1;1;2;9;9;13; ; ;0,783033054
17555;1; ;1; ;1;1;1;1;4;1;7;4;9;15;2; ;0,783033054
17573;1;1;1; ;1;1;1;1;1;1;1;7;6;13;4;4;0,783033054
17576;1;1;1; ;1;1;1;1;1;1;1;7;4;3;1;1;0,783033054
19346;1;1;1; ;1;1;1;1;1;1;1;7;6;14;2;2;0,783411212
19364;1;1;3; ;1;1;1;1;1;1;1;1;4;15;2;2;0,783411212
19365;1;1;2; ;2;1;2;1;1;1;1; ; ;15;1;1;0,783411212
19369;1;1;1; ;1;2;1;1;1;1;1;7;6;16;2;1;0,783411212
19376;1;1;2; ;2;2;2;1;1;1;1;7;7;15;4;1;0,783411212
19379;1;1;1; ;2;2;2;1;1;1;1; ; ;16;1;1;0,783411212
19401;1; ;2; ;1;1;2;1;1;1;2;6;8;16;2;1;0,783411212
19407;1;1;1; ;1;1;1;1;2;1;1;3;4;15;2;3;0,783411212
19411;1;1;1; ;1;1;1;1;1;1;1;6;5;17;3;4;0,783411212
19414;1;1;1; ;1;1;1;1;1;1;1;3;3;16;3;3;0,783411212
19415;1;1;1; ;2;1;1;1;1;1;1;2;5;14;2;2;0,783411212
19424;1;2; ;4;1;1;2;1;1;1;3;2;8;14; ; ;0,783411212
19426;1;1;1; ;2;1;1;1;1;1;1;6;4;15;4;4;0,783411212
33306;2;1;1; ;1;1;1;1;1;1;1;6;7;12;4;2;0,784753609
25122;1;1;1; ;2;2;2;1;1;5;1;7; ;17;5;3;0,785769761
36988;1;1;1; ;1;2;2;1;1;1;1;6;2;13; ; ;0,786555719
10984;2;1;1; ;1;2;1;1;1;1;4;5;8;14;4;3;0,786762597
19353;1;1;1; ;2;1;1;2;1;1;1;5;6;12;2;3;0,786814092
19356;1;1;1; ;2;1;1;1;2;1;1;2;6;15;1;2;0,786814092
19362;1;1;1; ;2;2;2;1;4;1; ;6; ;16;2; ;0,786814092
5803;2;1;1; ;2;2;1;1;1;1;3;7;9;17;2;2;0,788491062
19277;1;1;1; ;2;1;1;1;2;1;1;6;6;17; ; ;0,789972258
19288;1; ;1; ;1;2;2;2;2;1;1;4;6;16;3;4;0,789972258
39945;1;1;1; ;1;1;1;1;1;1;1;5;4;15;1;1;0,789972258
11617;1;1;1; ;2;1;1;1;1;1;1;6;6;13;4;4;0,791335242
11621;1;1;1; ;2;1;1;1;1;1;3;7;8; ;2;2;0,791335242
11695;1;1;2; ;2;3;2;1;1;1;1;1;1; ;1;1;0,791335242
11701;1;1;1; ;1;1;1;5;1;1;1;7;5;16;5;5;0,791335242
11707;1;1;1; ;1;1;1;1;1;1;1;7;7;12;4;4;0,791335242
11717;1;1;1; ;1;1;1;1;2;1;1;5;8; ;5;4;0,791335242
12126;1;1;1; ;1;1;2;1;1;1;1;7;6;7;3;3;0,791335242
12135;1;2; ;2;1;1;1;1;1;1;1;7;6;17; ; ;0,791335242
12137;1;1;1; ;2;1;1;1;2;7;1;9;6; ; ; ;0,791335242
12145;1;1;1; ;1;1;1;1;1;1;1;3;4;12;4;4;0,791335242
12161;1; ;1; ;1;1;1;1;1;1;3; ;8; ; ; ;0,791335242
12178;1;1;1; ;1;1;1;1;1;1;1;7;6;15;1;1;0,791335242
12179;1;1;1; ;2;2;2;1;1;2;2;9;9; ; ; ;0,791335242
12182;1; ;1; ;2;1;1;1;1;1;1;6;7; ;1;1;0,791335242
12194;1;1;1; ;1;1;1;1;1;1;1;5;5;12;3;3;0,791335242
17458;1;1;1; ;1;1;1;1;1;1;4; ;8;14;2;2;0,791335242
17469;1;1;1; ;1;1;2;1;1;1;1;4;2;15;2;1;0,791335242
17481;1;1;1; ;2;1;1;1;2;1;1;7;6; ;1;1;0,791335242
17491;1;1;3; ;1;1;1;2;1;1;1;1;5;14;5;3;0,791335242
17561;1;1;1; ;1;1;1;1;1;2;1;8;7; ;1;1;0,791335242
17569;1;1;1; ;1;2;2;1;1;4;1;7;7;15;1;1;0,791335242
9203;2;1;1; ;1;1;1;1;1;1;1;5;4;14;4;3;0,791598641
19331;2; ;2; ;2;1;2;1;1;1;1;6;4;13;3;1;0,791598641
25356;2; ;1; ;1;1;1;1;1;1;1;4;4;15;5;5;0,791598641
25372;2; ;2; ;1;1;1;4;1;1;1;7;6;12;3;1;0,791598641
25384;2;1;1; ;2;1;1;1;2;1;1;2;6;16;1;2;0,791598641
37773;2;1;1; ;1;1;1;1;2;2;1;8;6;16;4;4;0,791598641
43486;2; ;2; ;2;1;2;1;1;1;1; ; ;14;1;1;0,791916008
17467;1;1;1; ;1;1;1;1;1;1;1;6;2;15;2;2;0,794772542
17471;1;1;1; ;2;1;1;1;2;1;1;6;6;16;5;3;0,794772542
17780;1;1;1; ;1;1;1;2;2;1;1;3;6;14;3;1;0,799461134
18394;1;1;1; ;2;1;2;1;1;1;1;7; ;13;2;2;0,799461134
27953;2;1;2; ;1;1;1;1;2;1;1;7;7;16;3;1;0,801464774
17906;1;2;2; ;2;1;1;1;2;1;1;7;7;13; ; ;0,801486016
42286;1; ;2; ;1;2;3;1;2;1;1;6;6;15; ; ;0,801486016
12262;1;1;1; ;1;1;3;2;1;1;1;2;6; ; ; ;0,801613198
16622;1;1;1; ;2;1;1;1;1;1;1;4;7;14;5;5;0,801613198
17367;1;2; ;1;2;1;1; ;1;1;1;7;6;10;1;1;0,801613198
26602;1;1;2; ;2;1;1;5;4;7;1;9;9;13; ;4;0,801759475
41568;1;1;2; ;2;2;2;1;1;2;1;8;7;16;5;1;0,801759475
12443;2;1;1; ;1;3;2;1;1;1;1;7;7;15;4;1;0,80330871
17697;2;1;1; ;1;1;1;1;1;1;1;4;4;13;5;5;0,80330871
33302;1;1;1; ;1;1;2;1;1;1;1;2;6;14;5;5;0,803511387
34;2;1;2; ;1;1;2;4;2;1;4;2;8;12;1;1;0,804506309
1605;2;2; ; ;2;1;1;4;1;1;3; ; ;14;3;3;0,804506309
7978;2;2; ;3;1;1;1;5;2;1;3;7;7;12;3;3;0,804506309
19669;2;1;2; ;1;1;1;4;4; ;3;9;7;16;1;2;0,804506309
27407;2;1;2; ;1;1;2;1;1;5;4;7; ;13;5;2;0,804506309
27415;2;1;1; ;1;1;1;1;1;1;1;2;2;13;4;4;0,804506309
27431;2;1;1; ;1;1;1;1;1;1;1;6;6;14;5;5;0,804506309
25090;2;1;1; ;1;1;1;1;1;1;1;2;6;17; ; ;0,804623485
27414;2;1;1; ;2;1;1;2;2;1;1; ; ;13; ; ;0,80482885
33187;2;1;1; ;1;1;1;1;1;1;1;2;6;15;3;3;0,804877759
33303;2;1;1; ;1;1;1; ;1;1;3;3; ;15;5;5;0,804877759
13417;1;1;1; ;1;1;1;1;1;1;2;7;6;16; ; ;0,80826142
18362;1;1;1; ;2;1;2;1;1;1;1;6;6;13;2;1;0,80826142
40062;2; ;1; ;1;1;1;1;1;1;1;6;6;14;2;4;0,808373884
17904;1;2; ;2;1;1;1;1;2;1;1;6;6;14;3;3;0,809983853
17931;1;1;1; ;1;1;1;1;1;1;1;6;6;14;1;1;0,809983853
2867;1;1;1; ;1;1;1;1;1;1;1;7;7;10;2;1;0,810230235
21279;1;1;1; ;1;1;2;2;1;1;1;6;2;15;4;2;0,810230235
41562;1;1;2; ;2;1;1;1;1;1;1;3;4;16;1;1;0,810260212
16884;1;1;1; ;2;2;1;1;2;1;1; ; ;14;2;2;0,810308591
42334;1;1;1; ;2;1;2;1;2;1; ; ;3;16;4;4;0,810308591
41560;1;2; ;4;2;1;1;1;1;1;1;4;6;12;5;5;0,81058506
18405;1;1;1; ;2;1;1;3;2;1;1;6;4;15;5;3;0,811446917
24573;2; ; ;2;2;2; ; ;4; ; ; ;5;16;3;3;0,811898324
24605;2;1;1; ;1;1;2;1;1;1;1;2;6;15;4;4;0,811898324
35258;2;1;1; ;2;2;1;1;2;1;1;7;6;15;3;2;0,811898324
16856;1;1;1; ;1;1;1;1;1;1;1;2;6;14;2;1;0,813502157
17907;1;1;1; ;1;1;1;1;2;1;1;6;6;16;5;4;0,813502157
42292;1; ;1; ;1;1;1;1;2;1;1;2;2;17;1;1;0,813502157
42355;1;2; ;1;1;1;1;1;2; ;1; ;6;13; ;1;0,813502157
43734;1;1;1; ;1;1;1;1;2;1;4;2;6;16;2;1;0,813502157
44429;1;2; ;3;2; ;3;1;2;1;1; ;6;9;4;1;0,813502157
44440;1;1;1; ;1;1;1;1;1;1;3;2; ;10;4;4;0,813502157
44461;1;1;2; ;1;1;1;1;1;1;1;3;3;15;2;2;0,813502157
44630;1;1;1; ;1;1;1;1;1;1;1;7;6;16;1;1;0,813502157
11251;1;1;1; ;2;1;1;2;1;1;1;5;5;11;4;3;0,813631245
12280;1;1;1; ;1;1;1;1;2;1;1;6;6;10; ; ;0,813631245
1474;1; ;2; ;2;2;2;1;2;4;1;7;6; ;4;3;0,813749609
2878;1;1;1; ;1;1;1;1;1;1;2;4;8; ;2;2;0,813749609
21282;1;2; ;1;2;1;2;1;2;1;1;5;5;12;4;4;0,813749609
35565;1;1;1; ;2;1;1;1;1;1;1;2;6;14;4;3;0,813749609
7986;1;1;2; ;1;1;1;4;1;1;1;6;6;15;5;5;0,813779716
7992;1;1;1; ;2;1;1;1;2;1;1;7;7;15;3;3;0,813779716
8089;1; ;2; ;2;1;1;1;1;1;1;7;6;15;5; ;0,813779716
26574;1;1;1; ;1;1;1;1;2;1;4;2;8;15;2;3;0,813779716
41566;1;1;1; ;2;1;1;2;1;1;3;7;8; ;2;2;0,813779716
45186;1;1;1; ;1;1;1;1;1;2;1;8;5;14;4;3;0,813779716
45208;1;1;1; ;2;1;2;1;2;1;1;6;6;14;4;4;0,813779716
16756;1;1;1; ;1;1;1;1;2;1;1;4;4;12; ; ;0,814640522
10874;2;1;1; ;1;1;1;1;1;1;1;7;4;15;4;4;0,815352177
10878;2;1;1; ;1;1;1;1;2;1;1;4;5;15;4;3;0,815352177
10896;2;1;1; ;2;1;2;1;2;1;1;7;6;14;3;3;0,815352177
12415;2;1;1; ;1;1;1;1;1;1;1;4;5;12;3;2;0,815352177
12421;2;1;1; ;1;1;1;1;4;7;3;2;8;16;4;4;0,815352177
12424;2;1;1; ;2;1;2;1;1;1;1;3;2;14;2;2;0,815352177
12427;2;2; ;2;2; ;1;4;2;1;1;7; ;15; ;1;0,815352177
12428;2;2; ;2;2;1;1;1;5;7;1;9;6; ; ;1;0,815352177
12430;2;1;1; ;1;1;1;1;1;1;1;4;4;10;4;1;0,815352177
12434;2;1;1; ;1;1;1;1;1;1;1;6;6;16;1;1;0,815352177
12447;2;1;2; ;1;1;1;1;1;1;1;6;6;15;5;2;0,815352177
12592;2;1;1; ;1;1;1;1;1;1;1;3;6;15;4;4;0,815352177
12597;2;1;1; ;1;1;1;2;1;1;1;7;4;15;3;3;0,815352177
12607;2;1;1; ;1;1;1;1;1;1;2;7;9;15;5;4;0,815352177
12625;2; ;1; ;2;1;2;2;1;5;1; ; ; ;4;1;0,815352177
12630;2; ;1; ;1;1;1;1;1;1;1;1;1;13;2;2;0,815352177
17703;2;1;1; ;1;2;2;1;1;2;1;8;5;15;1;2;0,815352177
17710;2;1;1; ;1;1;1;1;1;1;1;2;2;16;4;4;0,815352177
17711;2;1;1; ;1;1;1;1;2;1;1;7;6;14;3;3;0,815352177
17714;2;1;1; ;1;1;1;1;2;1;1;2;6; ;1;1;0,815352177
17723;2;1;1; ;1;1;1;1;2;2;4;6;8;16;4;4;0,815352177
15493;2; ;1; ;1;1;1;1;1;1;3;2;8;14; ; ;0,815424944
19304;2;1;1; ;1;1;1;1;2;1;1;5;5;16;5;2;0,815424944
23679;1;1;1; ;1;1;1;1;2;1;1;4;6;15;4;1;0,815557893
3486;2;1;1; ;2;2;2;1;1;1;3;7; ; ;3;2;0,81694475
10680;2;1;1; ;1;1;1;1;2;1;1;6;6;14;5;5;0,81694475
10688;2;1;1; ;1;1;2;1;1;1;1;4;6; ; ; ;0,81694475
10692;2;1;1; ;1;1;2;1;2;1;1;2;6;16;5;5;0,81694475
10703;2;1;1; ;1;1;1;1;2;1;1;7;6; ;3;2;0,81694475
10711;2;1;3; ;1;1;2;1;1;1;1;7;6; ;1;1;0,81694475
10713;2;1;1; ;1;1;1;1;1;1;1;5;5;10;4;4;0,81694475
10720;2;1;1; ;1;1;2;2;5;1;1;7;7; ;2;2;0,81694475
15241;2;1;1; ;1;1;1;1;1;1;1;5;5;15;4;4;0,81694475
15252;2;1;1; ;1;1;1;1;1;1;1;6;7;14;4;3;0,81694475
23657;2; ;1; ;1;1;1;1;1;1;1; ; ;13;3;1;0,81694475
23660;2;1;1; ;1;1;1;1;1;1;1;2;2;14;4;4;0,81694475
23671;2; ;1; ;1;1;1;1;1;1;3;3;8;15;1;2;0,81694475
23677;2; ; ;1;2;2;2;1;2;2;3;8;8; ; ; ;0,81694475
23695;2;1;1; ;1;1;1;2;1;1;1;4;6;13;1;2;0,81694475
33189;2;1;2; ;2;1;1;1;2;1;2;6;8;15;4;1;0,81694475
33192;2;1;1; ;2;1;2;1;2;1;1;2;6;16;5;1;0,81694475
33200;2;1;1; ;1;1;2;1;1;1;1;2;6;16;3;3;0,81694475
33203;2;1;1; ;1;1;1;1;1;1;1;3;3;13;4;4;0,81694475
33211;2;2; ;1;1;2;2;1;1;1;1;2;2;14;3;1;0,81694475
33318;2;1;1; ;1;1;1;2;2;1;1;2;7;17;3;3;0,81694475
33324;2; ;1; ;1;3;1;2;1;1;1;4;4;14;2;1;0,81694475
33326;2;1;1; ;1;1;1;1;1;1;1;2;6;15;4;4;0,81694475
33329;2; ;2; ;1;1;1;1;2;4;1;8;7;16;5;1;0,81694475
33344;2;1;1; ;1;1;1;1;1;1;1;7;6;14;3;2;0,81694475
33347;2;1;1; ;1;1;1;2;1;1;1;2;5;15;5;4;0,81694475
40080;2; ;1; ;2;2;1;1;1;2;2; ; ;15;2;1;0,81694475
40082;2;1; ; ;2;2;1;1;1;1;1;7;5; ;2;2;0,81694475
40083;2;1;1; ;1;1;1;2;1;1;1;6;6;14;2;2;0,81694475
40085;2;1;1; ;2;1;1;1;2;2;1;8;6;17; ; ;0,81694475
40107;2;1;1; ;2;2;2;1;2;1;2;9; ;16; ;1;0,81694475
40125;2;1;1; ;1;1;1;1;2;1;1; ; ;13;3;5;0,81694475
40131;2;1;1; ;2;1;1;1;1;1;1;6;6;15;2;2;0,81694475
13310;2;1;1; ;1;1;2;1;5;1;1; ;6;16;5;5;0,817599372
443;1;1;2; ;2;1;1;1;2; ;1; ;6;14; ;2;0,817851161
6557;1;1;1; ;1;1;1;1;1;1;2;6;8;13;2;2;0,817851161
6560;1; ;1; ;1;1;1;1;1;3;1;8;2;13; ; ;0,817851161
14444;1;1;1; ;1;1;2;1;1;1;1;2;2;12; ; ;0,817851161
20220;1;1;2; ;2;1;1;1;1;1;1;7;6;15; ; ;0,817851161
44425;1;1;3; ;1;1;1;4;1;1;1;5;5;14;4;4;0,817851161
12547;1;1;1; ;2;1;2;1;2;1;1;4;6;14; ; ;0,818651855
17646;1;1;1; ;1;1;1;1;1;1;1;1;3;8;4;4;0,818651855
17662;1;2; ;1;2;2;2;1;1;1;1;6;6;15;5;1;0,818651855
10865;2; ; ;2;1;1;1;3;2;7;2;9;8; ;5; ;0,818893799
10868;2;1;1; ;1;1;1;1;2;1;1;5;5;16;2;3;0,818893799
10881;2; ;1; ;1;1;1;1;2;1;1;7;6;15;4;5;0,818893799
12419;2; ;1; ;2;1;1;2;4;1;2;7;8;15;5;2;0,818893799
12437;2;1;1; ;1;1;1;1;1;1;1;7;6;14;5;5;0,818893799
12598;2;1;1; ;1;1;1;1;1;1;1;4;5;14;4;4;0,818893799
23662;1; ;1; ;2;1;1;1;2;1;1;5;5;10;2;4;0,819100408
40056;1;1;1; ;1;1;1;1;1;1;2;5;6;13;3;3;0,819100408
40128;1;1;1; ;1;1;3;2;2;1;1;7;7;14;4;4;0,819100408
31437;2;1;1; ;1;1;1;1;1;1;3;4;8;15;5;4;0,820346479
3511;2; ;2; ;2;2;2;4;1;1;1;7;6;15;5;4;0,82049329
10701;2;1;1; ;1;1;1;1;1;4;1;7;4;13; ; ;0,82049329
10707;2;1;1; ;1;1;1;2;2; ;2;9;8;16;4;1;0,82049329
15250;2;1;1; ;1;1;2;1;2;7;1;9;6;14; ;3;0,82049329
23668;2; ; ; ;2;1;2;1;1;1;4;7; ;15;5;1;0,82049329
23688;2; ;1; ;2;1;1;2;1;1;2;7;8;15;4;4;0,82049329
40068;2;1;1; ;2;1;1;1;2;4;4;9;9;16;1;1;0,82049329
40070;2;1;1; ;1;1;1;1;1;1;1;4;4;16;4;3;0,82049329
40098;2;1;1; ;2;1;2;1;1;1;3;8; ;11;5;1;0,82049329
40133;2;1;1; ;1;1;1;1;2;1;1;2;6;13;5;4;0,82049329
1475;1;1;1; ;2;1;2;1;1;1;1;3;6;14;4;4;0,822377472
1480;1;1;1; ;1;2;2;1;1;1;1;6;6;15;3;3;0,822377472
1492;1;1;1; ;2;1;2;2;4;7;2;9;6;15; ;4;0,822377472
1500;1; ;1; ;1;1;1;1;1;1;1;4;6;16;5;4;0,822377472
1639;1;1;1; ;1;1;1;2;1;1;1;6;6;15;4;4;0,822377472
1657;1;1;1; ;1;1;2;1;2;1;4; ; ;16;4;3;0,822377472
1658;1;1;1; ;1;1;1;1;4;7;4;9;8; ;1;1;0,822377472
1667;1; ;1; ;1;1;1;1;4;1;7;6;9;14;4;1;0,822377472
1671;1;1;1; ;1;1;1;1;1;1;1;5;5; ;1;1;0,822377472
2882;1;1;1; ;1;1;2;1;1;1;1;2;2;14;2;2;0,822377472
2895;1;1;1; ;2;1;1;1;1;1;1; ; ; ;1;1;0,822377472
2909;1;1;1; ;1;1;1;1;1;1;1;6;7;15;1;1;0,822377472
3003;1;1;1; ;1;1;2;2;2;1;1;4;1;15;5;5;0,822377472
3023;1;1;1; ;2;2;2;2;1;1;1;3;5;10;3;3;0,822377472
10108;1;1;1; ;1;1;2;1;1;1;1;4;5; ;1;1;0,822377472
10110;1;1;1; ;1;2;2;1;1;1;1;6;6;15;2;2;0,822377472
10128;1;1;1; ;2;1;1;1;1; ; ;4; ; ;5;5;0,822377472
10130;1;1;1; ;1;1;1;1;1;1;3;4;8; ;1;1;0,822377472
19271;1;1;1; ;1;1;1;2;2;4;1;2;6;14;2;2;0,822377472
19276;1;1;1; ;1;1;1;1;1;1;1;6;6;16;3;3;0,822377472
19281;1;1;1; ;1;1;1;1;1;1;1;7;6; ;1;1;0,822377472
21268;1;1;1; ;1;1;1;1;1;1;1;2;6;15;4;1;0,822377472
21287;1;1;1; ;1;2;2;1;1;1;1;6;6;15;3;1;0,822377472
21290;1;1;1; ;1;1;2;2;1;1;1;7;7;13;2;2;0,822377472
21295;1;1;1; ;1;2;2;1;1;1;1;6;4;16;2;2;0,822377472
22682;1;1;1; ;1;1;1;1;1;1;1;7;6;14;5; ;0,822377472
22712;1;1;1; ;1;1;1;1;1;1;5;4;8;7;4;4;0,822377472
26139;1;1;1; ;1;1;1;1;1;1;1;4;4;15;3;3;0,822377472
26142;1;1;1; ;1;1;1;1;2;1;1;3;4;15;2;2;0,822377472
26150;1;1;1; ;1;1;1;1;2;1;1;7;5; ;3;3;0,822377472
26153;1;1;1; ;1;1;1;1;1;1;1;3;6; ;5;4;0,822377472
26163;1;1;2; ;1;1;1;1;1;1;1;7;7;14;4;3;0,822377472
26164;1;1;1; ;2;2;2;1;2;1;1;7;7;16;3;3;0,822377472
26167;1;1;1; ;1;1;1;1;1;1;3;4;6; ;1;1;0,822377472
35549;1;1;1; ;1;1;1;1;1;1;1;4;6;13;4;4;0,822377472
35582;1; ;1; ;1;1;2;1;2;1;1;7;7;12;5;2;0,822377472
35591;1;2; ;1;1;1;1;1;2;1;3;7;8;18;1;1;0,822377472
36605;1; ;1; ;1;1;1;1;1;1;1;5;2;15;4;4;0,822377472
36609;1;1;1; ;1;1;1;1;1;1;1;3;6;14;3;3;0,822377472
36614;1;1;1; ;1;1;1;1;1;1;1;4;3;19;2;2;0,822377472
36626;1;1;1; ;1;1;1;1;2;4;1;8;5;12;2;4;0,822377472
36986;1;1;1; ;1;1;1;1;1;1;1;4;6;15;4;4;0,822377472
36994;1;1;1; ;2;1;1;2;1;1;1;3;3;12;3;3;0,822377472
36998;1;1;1; ;1;1;1;1;2;7;1;9;6;16; ;2;0,822377472
37012;1; ;1; ;1;1;2;1;4;1;1;4;4;13;5;5;0,822377472
39935;1;1;1; ;1;1;1;2;1;1;1; ; ;16;4;1;0,822377472
39944;1;1;1; ;1;1;2;1;4;2;7;8;9;14;3; ;0,822377472
39956;1;1;1; ;1;1;1;1;2;1;1; ;5;16;3;3;0,822377472
15814;1;1;1; ;1;1;1;1;1;1;1;4;4;13;5;5;0,822485181
22442;2; ;1; ; ;1;1;1;2;3;3; ;6;15;2;5;0,823621348
5795;2;1;1; ;1;1;1;1;1;1;1;3;6;15;3;3;0,82407057
5817;2;1;1; ;1;1;1;1;1;1;1;3;3; ;5;5;0,82407057
5819;2;1;1; ;1;1;1;1;1;1;1;4;6;15;2;2;0,82407057
5829;2;1;2; ;2;1;1;1;1;1;1;7;7;13; ;1;0,82407057
5831;2;1;1; ;2;1;2;1;1;1;1;7;7;11;4;4;0,82407057
5987;2;1;1; ;2;2;2;1;1;1;1;7;6;16;2;2;0,82407057
5992;2;1;1; ;1;1;1;1;1;1;1;5;6;17;4;1;0,82407057
5993;2;1;1; ;1;1;2;1;4;7;4;9;8; ; ;1;0,82407057
5997;2;1;1; ;1;1;1;1;1;1;1;4;6;14;5;5;0,82407057
5998;2;1;1; ;1;1;1;1;1;1;1;6;6;16;2;2;0,82407057
6002;2;1;1; ;1;1;1;1;1;1;1;6;6;15;4;4;0,82407057
6004;2;1;1; ;1;1;1;1;1;1;1;1;5;15;3;3;0,82407057
6007;2;1;1; ;1;1;1;1;4;7;1;9;6;16;5;1;0,82407057
6012;2;1;1; ;1;1;1;1;1;1;1;6;5;16;3;3;0,82407057
6026;2;1;1; ;2;1;2;1;1;1;1;6;6;13;3;3;0,82407057
6027;2;1;1; ;1;1;1;1;1;1;3;5;8; ;2;2;0,82407057
6999;2;1;1; ;1;1;2;1;1;1;1;6;7;15;2;2;0,82407057
7017;2;1;1; ;1;1;1;1;1;1;1;1;1;16;2;2;0,82407057
7027;2; ;1; ;1;1;1;1;2;5;1;8;6;12;1;2;0,82407057
7032;2;1;1; ;1;1;1;1;1;1;1;5;5;14;5;5;0,82407057
8902;2;1;1; ;1;1;1;1;1;1;1;4;5;14;2;2;0,82407057
8917;2;1;1; ;1;1;1;1;4;7;1;7;6;16; ;2;0,82407057
8926;2;1;1; ;1;1;1;1;2;1;1;3;4;13;5;4;0,82407057
8927;2; ;1; ;2;3;3;1;1;1;1; ; ;16;1;3;0,82407057
9204;2;1;1; ;1;1;1;1;1;1;5;4;4;12;4;4;0,82407057
9207;2;1;1; ;2;1;1;1;1;3;3;2;2; ;1; ;0,82407057
9214;2;1;1; ;2;2;1;1;1;1;1;2;6;16;3;3;0,82407057
9221;2;1;1; ;1;1;1;1;1;1;3;4;8;15;4;4;0,82407057
9230;2;1;1; ;1;1;1;1;1;1;1;6;6;13;4;4;0,82407057
15494;2;1;1; ;1;1;1;1;2;1;1;6;6;14;3;3;0,82407057
15499;2;1;1; ;1;1;1;1;1;1;1; ; ; ;4;4;0,82407057
15513;2;1;1; ;1;1;1;1;1;1;1;7;6;15;3;2;0,82407057
15522;2;1;1; ;1;1;2;1;1;1;1;7;7;15;4;1;0,82407057
15523;2;1;1; ;1;1;1;1;1;1;1;4;4;17;2;1;0,82407057
16102;2;1;1; ;1;1;1;1;2;1;1;4;6;15;4;4;0,82407057
16106;2;1;1; ;1;1;2;1;1;1;1;7; ;16;4;4;0,82407057
16132;2;1;1; ;1;1;1;1;4;7;1;9;1;15; ;4;0,82407057
16137;2;1;1; ;1;1;3;1;1;1;2;4;8;15;3;3;0,82407057
16144;2;1;1; ;1;1;1;1;1;1;1;3;4;14;4;4;0,82407057
19311;2;1;1; ;1;1;1;1;1;1;1;6;6;15;3;3;0,82407057
19314;2;1;1; ;1;1;1;1;2;1;1;6;5;16;2;1;0,82407057
19317;2;1;1; ;1;1;1;1;1;1;1;6;5;14;4;4;0,82407057
19322;2;1;1; ;1;1;1;1;1;1;1;4;6;15;5;2;0,82407057
24199;2;1;1; ;1;1;1;1;4;7;1;9;5;15;1;3;0,82407057
24202;2; ;1; ;1;1;2;1;1;1;1;2;4; ;4;4;0,82407057
24204;2;1;1; ;1;1;1;1;1;1;1;4;5;16;3;3;0,82407057
24215;2;1;1; ;2;1;1;1;1;1;1;6;6;16;4;4;0,82407057
24227;2; ;1; ;1;1;1;1;1;1;1;6;7;16;4;3;0,82407057
24234;2;1;1; ;1;1;1;1;2;1;1;4;6;16;5;4;0,82407057
24235;2;1;1; ;1;1;2;1;1;1;1;7;6;15;3;3;0,82407057
24242;2;1;1; ;2;1;2;2;2;1;1; ;6;14;3;4;0,82407057
24570;2;1;1; ;1;1;1;1;4;7;1;9;6; ; ;4;0,82407057
24587;2;1;1; ;1;1;1;1;1;1;1;4;4;15;4;4;0,82407057
25358;2;1;3; ;1;1;1;4;1;1;3;4;4;14;5;5;0,82407057
25377;2;1;1; ;1;1;1;1;1;1;1;5;5; ;4;2;0,82407057
25382;2;1;1; ;1;1;1;1;1;1;1;4;6;16;4;4;0,82407057
35224;2;1;1; ;1;1;1;1;1;1;3;2;8;15;4;4;0,82407057
35226;2;1;1; ;1;1;1;1;1;1;1;4;4; ;4;4;0,82407057
35235;2;1;1; ;1;1;1;1;1;1;1;4;5;16;3;1;0,82407057
35237;2;1;1; ;1;1;1;1;1;1;1;4;2;15;5;5;0,82407057
35243;2;1;1; ;1;1;1;1;1;1;1;4;5;15;2;2;0,82407057
35252;2;1;1; ;1;1;1;1;1;1;1;4;5;15;5;5;0,82407057
35430;2;1;1; ;1;1;2;1;2;5;1;4;4;13;5;5;0,82407057
37723;2;1;1; ;1;1;1;1;1;1;1;4;6;13;3;3;0,82407057
37731;2;1;1; ;1;1;1;1;1;5;5;3;2;15;1;1;0,82407057
37736;2;1;1; ;1;1;2;1;1;1;1;6;6;16;4;4;0,82407057
37743;2; ;1; ;1;1;1;1;1;1;1;4;5;15;3;2;0,82407057
37746;2;1;1; ;1;1;2;1;2;1;1;2;4;14;4;3;0,82407057
37748;2;1;1; ;1;1;1;1;1;1;1;7;7;17;3;3;0,82407057
37766;2;1;1; ;1;1;1;1;1;2;2;8;8;15;3;3;0,82407057
37786;2;1;1; ;2;1;1;1;1;1;1;6;2;15;2;2;0,82407057
42695;2;1;1; ;1;1;1;1;4;7;1;9;4;14; ;4;0,82407057
42701;2; ;1; ;1;1;1;1;1;1;1;4;6; ;4;2;0,82407057
42704;2; ;1; ;2;2;1;3;2;2;2;8;8;13;5;1;0,82407057
42710;2;1;1; ;2;1;1;1;2;7;1;9;4;14; ;2;0,82407057
42716;2;1;1; ;1;1;1;1;1;1;1;2;2; ;5;5;0,82407057
42723;2;1;1; ;1;1;1;1;1;1;1;4;6;15;3;4;0,82407057
42729;2;1;1; ;1;1;1;2;1;1;1;6;6;15;4;2;0,82407057
42731;2;1;1; ;2;1;3;2;1;1;1;5; ;15;4;4;0,82407057
43479;2;1;1; ;1;1;1;1;1;1;1;6;6;14;4;4;0,82407057
43483;2;1;1; ;1;1;2;1;1;1;1;6;6;16;4;1;0,82407057
43491;2;1;1; ;2;1;1;1;2;1;1;6;6;16;4;4;0,82407057
43495;2;1;1; ;1;1;1;1;1;1;1;4;4; ;3;3;0,82407057
43496;2;1;1; ;1;1;1;1;2;1;1;7;6;14;5;1;0,82407057
43510;2;1;1; ;2;1;1;1;1;1;1;2;6; ;2;2;0,82407057
43514;2; ;1; ;1;1;1;1;1;1;1;4;4;14;2;2;0,82407057
43516;2; ;1; ;1;1;1;1;1;1;1;6;6;16;3;1;0,82407057
43619;2;1;1; ;1;1;2;1;1;1;1; ; ;14;2;1;0,82407057
43620;2; ;1; ;2;2;2;1;1;1;1;4;6;16;5;1;0,82407057
43630;2;1;1; ;1;1;1;1;1;1;1; ;4;15;4;4;0,82407057
43634;2; ;1; ;1;1;1;1;1;1;1;6;6;15;4;4;0,82407057
43653;2;1;1; ;1;1;1;1;1;1;1;6; ;17;3;3;0,82407057
22857;1;1;1; ;2;1;1;1;2;1;7;6;9;13;4; ;0,825710665
41429;1;1;2; ;1;1;1;1;2;4;6; ;9;13;3; ;0,825710665
1502;1;1;2; ;2;1;2;3;5;1;1;9;4;17;5;5;0,825949609
1656;1;1;1; ;1;1;2;1;2;1;1;5;5;12;3;3;0,825949609
3007;1;1;1; ;2;1;2;1;1;1;6; ; ; ;1;1;0,825949609
10144;1;1;1; ;1;1;1;2;2;1;1;7;5;14;4;3;0,825949609
22711;1; ;1; ;2;1;2;1;2;4;1;8;7;14;2;2;0,825949609
26140;1;1;1; ;2;2;2;1;1;1;1;6; ;15; ; ;0,825949609
35586;1;2; ;2;2;2;1;1;1;1;6;6;8; ;1;1;0,825949609
36629;1;1;1; ;1;2;2;1;1;1;1;2;4;15;3;3;0,825949609
37006;1;1;1; ;2;1;2; ;1;1;1; ; ; ;1;1;0,825949609
39967;1;1;1; ;2;1;1;1;2;1;1;2;2;16;4;1;0,825949609
5042;1;1;1; ;2;1;1;4;2;6;1;6;6;10; ;4;0,826041707
22905;1;1;1; ;1;1;1;1;2;1;1; ;7;15;2;2;0,826041707
4554;1;1;1; ;1;1;1;1;1;1;1;4;4;14;4;4;0,826522511
20126;1; ;1; ;1;1;1;1;2;1;1;4;5;10;2;2;0,826522511
26250;1;1;1; ;2;1;2;1;1;1;1;6;6;14;1;2;0,826522511
19758;1;1;1; ;1;1;1;1;1;2;1;8;4;2;2;1;0,82685388
20124;1;1;1; ;2;1;1;1;1;1;1;2;2;15;4;3;0,82685388
30718;1;1;1; ;2;2;1;1;1;1;2;6;8;17; ; ;0,82685388
5005;1;1;2; ;2;1;1;4;4; ;1; ;6;13; ; ;0,826964954
11970;1;1;1; ;1;1;1;1;2;4;2;8;8;12;1;2;0,826964954
37430;1;1;1; ;1;1; ;1;1;1;1;6;5;15;1;1;0,826964954
15838;2;1;1; ;2;1;2;2;2;7;1;9;6;12;5;5;0,827198888
31238;2;1;1; ;1;1;1;1;1;1;1;2;4;13;4;4;0,827198888
31242;2; ;2; ;2;1;2;1;2;1;4;7; ;12;1;3;0,827198888
16644;1;1;1; ;1;1;2;1;1;1;1; ; ;15;4;1;0,827331695
5794;2;1;1; ;1;1;1;1;1;1;1;4;4;14;2;1;0,827650062
6997;2;1;1; ;2;1;2;2;2;2;3;7; ;15;5;4;0,827650062
8934;2;1;1; ;2;1;1;1;2;1;4;2;8;12;5;5;0,827650062
9194;2;1;1; ;1;1;1;1;5;1;1;6;6;13;5;1;0,827650062
9200;2; ;1; ;2;1;2;1;2;7;1;9;6;14; ;5;0,827650062
9211;2;1;1; ;1;1;1;1;1;1;1;2;6;15;4;1;0,827650062
9212;2;1;1; ;2;2;3;1;2;7;1;9;6;16;5;3;0,827650062
15492;2;1;1; ;2;1;1;1;2;1;1;4;4;16;5;3;0,827650062
15508;2; ;1; ;1;1;1;1;2;1;1;6;6;14;5;3;0,827650062
16109;2;1;1; ;1;1;1;1;1;1;1; ; ;14;3;3;0,827650062
16136;2;1;1; ;1;1;1;1;2;1;1;7;6;14;4;4;0,827650062
19309;2;1;1; ;2;1;1;1;1;1;1;3;3;14;3;2;0,827650062
19332;2;1;1; ;1;1;1;1;1;5;1;4;5;10;5;4;0,827650062
24229;2; ;1; ;2;1;2;1;2;4;3;8;8;16;5;1;0,827650062
24583;2;1;1; ;1;1;2;1;1;1;1;4;4;14;4;4;0,827650062
24593;2;1;1; ;1;1;1;1;1;1;1;2;4;16;4;3;0,827650062
25343;2;1;1; ;1;1;1;1;1;1;1;5;4;14;5;4;0,827650062
25379;2;1;1; ;1;1;1;1;2;7;1;9;6;15; ;4;0,827650062
35229;2;1;1; ;1;1;1;1;2;7;1;9;4;14; ;1;0,827650062
37702;2; ;1; ;2;2;2;1;2;1;1;5;6;14;4;4;0,827650062
37745;2; ;1; ;2;1;1;1;1;1;1; ; ;16;5;5;0,827650062
37770;2;1;1; ;1;1;2;1;1;1;1;2;6;15;4;2;0,827650062
43489;2;1;1; ;1;1;3;1;1;4;1;8;7;15;4;4;0,827650062
3459;2; ;1; ;2;1;2;1;1;1;1;1;5;15; ; ;0,828721119
25092;2;1;1; ;1;1;1;1;2;1;1;2;6;14;5;5;0,828841822
31710;2; ;2; ;1;2;3;1;1;1;1;7;6;15;3;3;0,829044286
39290;2;1;1; ;1;1;1;2;1;1;1;4;6;15;2;2;0,829044286
39850;2;1;2; ;1;1;1;1;2;1;3;7;6;15; ; ;0,829044286
31444;2;1;1; ;1;1;1;1;1;1;1;6;5;16; ; ;0,829376666
31587;2;1;1; ;1;1;1;1;1;1;1; ; ;16;2;1;0,829376666
31841;2;1;1; ;1;1;1;1;1;1;1;4;5;14;4;4;0,829376666
39304;2;1;1; ;1;2;2;1;1;1;1;6;6;15;4;3;0,829376666
424;1;1;2; ;2;1;2;1;2; ; ;7;5;15; ; ;0,830112653
6252;1;1;1; ;1;1;2;1;1;1;2;2;8;16; ;4;0,830112653
6598;1;1;1; ;1;1;1;1;1;1;1;4;6;11; ; ;0,830112653
6600;1;1;1; ;1;1;1;2;2;1;4;6;6;14;4;4;0,830112653
8511;1;2; ;2;1;1;1;1;2;1;3;6;8;11;1;1;0,830112653
8512;1;1;2; ;2;1;1;1;1;1;3;3;8;14;4;3;0,830112653
8657;1;1;1; ;1;1;1;1;2;1;1;4;6;10;4;3;0,830112653
8704;1;1;2; ;1;1;2;1;1;1;1;2;6;15;4;3;0,830112653
8707;1;1;2; ;2;1;1;4;2;1;1;6;6;15;2;1;0,830112653
10055;1;1;1; ;2;1;1;1;1;1;4;6;6;16; ; ;0,830112653
10103;1;1;1; ;1;1;1;1;1;1;1; ; ;16;1;1;0,830112653
10633;1;1;1; ;2;1;1;1;2; ;1; ;4; ;1;1;0,830112653
14422;1;1;1; ;2;1;1;1;1;1;1;4;4; ;4;4;0,830112653
16744;1;1;1; ;1;1;1;1;1;1;1;6;5; ;4;4;0,830112653
16783;1;1;1; ;1;1;1;1;1;1;1;4;5;15;4;3;0,830112653
19754;1;1;1; ;1;1;1;1;1;5;1;8;6;6;4;3;0,830112653
20928;1;1;1; ;2;1;1;1;1;1;1;6;6;14; ; ;0,830112653
27794;1;1;1; ;1;1;1;1;1;1;1;2;6;17;4;4;0,830112653
30710;1;1;1; ;2;1;1;1;2;1;1;6;6;14;2;2;0,830112653
30714;1;1;1; ;2;1;1;1;2;1;1;6;6;7;4;3;0,830112653
30726;1;1;1; ;1;1;1;1;2;5;1; ;6;13;1;2;0,830112653
30732;1;1;2; ;2;2;2;1;4; ;1; ;6;13; ; ;0,830112653
8675;1;2; ;2;2;2;2;1;1;3;3; ; ;16; ; ;0,830445461
1905;1;1;1; ;2;1;2;2;1;1;1; ; ;15;3;5;0,830925351
17020;1;1;1; ;2;1;1;1;1;1;3;6;8;16;1;2;0,830925351
7899;1;1;1; ;1;1;1;1;1;1;1; ; ;16;3;3;0,831205664
16991;1;1;1; ;1;1;2;2;2;1;1; ; ;14;4;3;0,831258485
14526;2; ;1; ;1;1;2;2;2;7;3;9;8;15; ;1;0,831490648
39093;2; ;1; ;1;1;1;1;1;1;1;2;1;13;5;4;0,831490648
42734;2;1;1; ;2;1;2;1;1;5;1;8;6;14;1;1;0,831490648
4634;1;1;1; ;1;1;1;1;1;1;1;4;6;14;4;3;0,83153891
10176;2; ;1; ;1;1;1;1;2;1;1;3;6;15; ; ;0,831824008
17787;1;1;2; ;1;1;2;1;1;1;1;5;6;15;5;5;0,832255588
31869;2;1;1; ;1;1;1;1;2;7;1;9;6;13;1;1;0,832645382
33452;2; ;1; ;2;1;1;1;1;2;1; ; ;17;3;3;0,832979205
43203;2; ;2; ;2;1;2;1;2;6;1;9;6;15;2;2;0,832979205
8371;1;1;3; ;1;1;1;4;1;1;1;4;4;11;4;4;0,834363532
16806;1;1;1; ;1;1;1;1;2;1;1;6;6;5;5;4;0,834363532
16877;1;1;1; ;1;1;1;1;1;1;1;4;4;14;4;3;0,834363532
17866;1;1;3; ;1;1;1;4;2;2;1;8;6;15;4;3;0,834363532
17868;1;1;1; ;2;1;2;1;2;1;1;7;5;16;4;4;0,834363532
42309;1; ;1; ;1;1;1;1;1;1;1;4;6;15;5;5;0,834363532
43674;1;1;1; ;2;1;1;1;2;1;1;4;4;15;5;5;0,834363532
44366;1; ;2; ;2;1;1;1;4;7;1;9;6;15; ;4;0,834363532
44463;1;1;2; ;2;1;2;1;1;1;1;2;6;14;3;3;0,834363532
44651;1;1;1; ;1;1;1;1;1;1;1;6;5;12;5;5;0,834363532
44674;1;1;1; ;1;1;1;1;1;1;1;2;5;15;2;1;0,834363532
41363;1;1;1; ;2;2;2;1;1;4;1;8;6;11;2;2;0,834465346
11209;1;1;1; ;1;1;1;1;1;1;1;6;6;7;4;4;0,834495931
11407;1;1;1; ;1;1;1;1;2;1;1;7;7;8;1;5;0,834495931
11514;1;1;2; ;1;1;2;1;1;1;1;7;6;15;4;4;0,834495931
12241;1;1;1; ;2;1;1;1;1;1;2;7;8;14;2;1;0,834495931
17346;1;1;3; ;1;1;1;2;1;1;1;4;4;15;4;4;0,834495931
34053;1;1;1; ;1;1;1;2;1;1;1;4;5; ;4;4;0,834495931
20079;1;1;1; ;2;1;1;1;1;1;1;7;6;14;3;3;0,834648208
41497;1;1;1; ;1;1;1;1;1;1;1;7;6;14;4;4;0,834648208
41498;1;1;1; ;2;1;1;1;1;1;1;7;5;16;5;1;0,834648208
41514;1;1;1; ;1;1;1;1;2;1;1;4;6;13;5;1;0,834648208
41547;1;1;1; ;1;2;2;1;1;1;1;7;7;14;4;4;0,834648208
41553;1;1;1; ;1;1;1;1;1;1;1;7;6;14;4;3;0,834648208
45235;1;1;1; ;1;2;1;2;2;1;1; ; ;10;5;4;0,834648208
4644;1;2; ;3;1;1;2;1;2;1;1;7;6;13;5;1;0,834816148
7921;1;1;1; ;2;1;2;1;1;1;1;7;6;12;5;4;0,834816148
8266;1;1;1; ;2;1;1;1;2;1;1; ; ;12; ; ;0,834816148
22813;1;1;1; ;1;1;1;1;2;1;1;2;7;14;2;1;0,834816148
22917;1;1;1; ;1;2;1;1;2;1;1;7;6;15;4;5;0,834816148
31214;1;1;2; ;1;1;1;1;1;1;3;7;8;13;4;4;0,834816148
31226;1;2; ;1;2;1;1;1;2;1;1; ; ;15;1;1;0,834816148
12969;1;1;1; ;1;1;1;1;4;1;7;7; ;14;3; ;0,835870633
17775;1; ;1; ;1;1;1;1;1;1;1;1;5;13;4;4;0,835870633
6;2;1;1; ;1;1;1;1;1;1;1;5;5;12;3;3;0,837507719
36;2;1;1; ;1;1;1;1;2;1;1;9; ;15; ;3;0,837507719
39;2;1;1; ;2;1;1;1;1;1;3;3; ; ;1;1;0,837507719
46;2;1;1; ;1;1;1;1;4;7;5;9;5;15;1;4;0,837507719
120;2;1;1; ;2;2;2;1;4;7;1;9;6;14; ;3;0,837507719
1595;2;1;1; ;1;1;1;1;1;1;1;4;4;16;2;2;0,837507719
1609;2;1;1; ;1;1;1;2;1;1;1;7;7;16;2;2;0,837507719
1611;2;1;1; ;1;1;1;1;2;1;1;6;4;16;5;2;0,837507719
1619;2;1;3; ;2;2;3;1;2;1;1;4;4; ; ; ;0,837507719
2030;2;1;3; ;1;1;1;4;2;5;1;5;4;16;4;4;0,837507719
2038;2;1;1; ;1;1;1;1;1;1;1;4;4;15;4;4;0,837507719
2041;2;1;1; ;1;1;1;1;2;1;1;7;7;16;5;1;0,837507719
3387;2;1;2; ;2;2;2;1;4;7;1;9;6; ;2;3;0,837507719
3396;2;1;1; ;1;1;1;1;1;1;1;6;6; ;4;4;0,837507719
3401;2;1;1; ;1;1;1;1;1;1;1;6;6; ;1;1;0,837507719
3419;2;1;1; ;2;1;1;2;2;1;1;4;2;14;2;2;0,837507719
3427;2;1;3; ;1;1;1;1;1;1;3;4;8;13;5;5;0,837507719
3432;2;1;1; ;1;1;1;1;1;1;1;1;1;14;3; ;0,837507719
3441;2;1;1; ;1;1;1;2;1;1;1;2;6;15;2;2;0,837507719
3445;2;1;1; ;1;1;1;1;2;1;1;5;6;11;5;5;0,837507719
3449;2;1;1; ;1;1;1;1;1;1;1;4;6; ;2;1;0,837507719
3471;2;1;1; ;1;1;1;1;2;1;2;4;8;13;3;3;0,837507719
8024;2;1;1; ;1;2;2;2;2;1;1;2;2;15;4;1;0,837507719
12226;2;1;1; ;1;1;1;1;1;1;1;2;1;17; ;3;0,837507719
18323;2;1;1; ;1;1;1;1;1;1;1;7;6;12;4;3;0,837507719
18326;2;1;1; ;1;1;1;1;4;7;1;9;6;17;2;1;0,837507719
18329;2;1;1; ;2;1;1;1;1;1;1;6;6;15;5;5;0,837507719
18352;2;1;1; ;1;1;1;1;2;1;1;5;5;16;5;2;0,837507719
18353;2; ;1; ;2;1;1;1;1;1;3;2; ;15;4;4;0,837507719
18356;2;1;1; ;1;1;2;1;2;5;1; ;6;16; ;2;0,837507719
18357;2;1;1; ;1;1;1;1;1;1;1;7;6;10;2;1;0,837507719
18464;2;1;1; ;1;1;1;1;1;1;2;3;8;14;4;4;0,837507719
18471;2;1;1; ;1;1;1;1;1;1;1;3;3;11;5;5;0,837507719
18473;2;1;1; ;1;2;1;1;1;1;1;4;4;14;3;1;0,837507719
18476;2;1;1; ;1;1;1;1;1;1;1;4;6;16;4;1;0,837507719
18492;2;1;1; ;1;1;1;1;1;1;1;6;6;14;2;2;0,837507719
18497;2;1;1; ;1;1;1;2;1;4;1; ;6;17;3;3;0,837507719
18500;2; ;1; ;1;1;1;1;2;5;5;5;4;16;5;2;0,837507719
19644;2;1;1; ;1;1;1;1;1;2;1;8;1;13;4;4;0,837507719
19645;2;1;1; ;1;1;1;1;5;2;1;8;5;16;4;3;0,837507719
19646;2;1;1; ;2;2;2;2;1;1;6;7;8; ;2;2;0,837507719
19654;2;1;1; ;1;1;2;2;1;1;1;4;6;16;5;5;0,837507719
19659;2;1;1; ;1;1;1;1;2;1;1;5;4;15;3;4;0,837507719
19675;2;1;1; ;1;1;1;1;1;1;1;6;6;16;4;4;0,837507719
27419;2;1;1; ;2;2;1;1;1;1;1; ; ;15;3;3;0,837507719
27427;2;1;1; ;1;1;1;1;1;1;1;3;4;14;1;1;0,837507719
27433;2;1;1; ;1;1;1;1;4;7;1;9;4;15; ;3;0,837507719
27436;2;1;1; ;1;1;1;1;1;1;1;4;5;16;4;4;0,837507719
27440;2;1;1; ;1;1;1;1;1;1;1;4;4;16;4;5;0,837507719
27443;2;1;1; ;1;1;1;1;1;1;3;4;8;14;2;2;0,837507719
27445;2;1;1; ;2;1;1;1;2;1;2;7;8; ;2;1;0,837507719
27455;2;1;1; ;1;1;1;1;2;1;1;4;5;15; ; ;0,837507719
27461;2;1;1; ;1;1;1;1;1;1;1;2;6;15;3;3;0,837507719
27464;2;1;1; ;1;1;1;1;2;1;1;2;4;16;4;4;0,837507719
27472;2;1;1; ;1;1;1;1;2;1;1;2;6;17;1;1;0,837507719
27478;2;1;1; ;2;1;1;1;2;1;1;2;3;16;5;4;0,837507719
27483;2;1;1; ;2;1;1;1;1;1;1;4;6;14;3;3;0,837507719
27505;2; ;1; ;2;1;1;1;1;4;1;8;6;16;5;4;0,837507719
27518;2;1;1; ;1;1;1;1;1;1;1;4;4;17;2;2;0,837507719
27520;2;1;1; ;1;1;1;1;1;1;1;4;6; ;3;3;0,837507719
27539;2;1;1; ;1;1;1;1;1;1;1;5;4;15;5;5;0,837507719
27550;2;1;1; ;1;1;1;1;1;1;1;5;6;14;4;4;0,837507719
27556;2;1;1; ;1;1;1;1;1;1;4;6;5;15;2;2;0,837507719
27563;2; ;1; ;1;1;1;1;1;1;1;4;2;15;3;3;0,837507719
27577;2;1;1; ;1;1;1;1;1;1;1;2;6;15;5;4;0,837507719
27584;2;1;1; ;1;1;1;1;4;7;1;9;6;14;1;3;0,837507719
27587;2;1;1; ;1;1;1;1;1;1;1; ;6;16;4;4;0,837507719
27589;2;1;1; ;1;1;1;1;1;1;1;4;6;16;3;3;0,837507719
36489;2;1;1; ;1;1;1;1;1;3;1; ; ;16;5;5;0,837507719
36492;2;1;1; ;1;1;1;1;1;1;1;2;6;16;3;3;0,837507719
36498;2; ;1; ;1;1;1;1;1;4;1;8;6;16;4;4;0,837507719
36507;2;1;1; ;1;1;1;1;1;1;1;2;7;15;4;4;0,837507719
36515;2;1;1; ;1;2;2;1;1;1;6; ; ; ;2;1;0,837507719
37157;2;1;1; ;1;1;1;1;1;1;1;6;6; ;4;4;0,837507719
37165;2;1;1; ;1;1;1;1;1;1;3;7;8; ;1;1;0,837507719
37181;2;1;1; ;1;1;1;2;1;1;1;4;5;14;4;4;0,837507719
38422;2;1;1; ;1;1;1;1;1;1;1;7;2;15;2;2;0,837507719
38450;2;1;1; ;2;1;1;1;2;1;1;3;2;17;4;4;0,837507719
1506;2;1;1; ;1;1;1;1;2;1;3; ;8;16;2;2;0,837629702
1515;2;1;1; ;2;1;1;1;1;1;6;6; ; ;1;1;0,837629702
1520;2;1;3; ;1;1;1;1;2;1;1;3;6;16;5;4;0,837629702
1529;2;1;1; ;1;1;1;1;2;2;1;4;6;17; ;1;0,837629702
1531;2;2; ;1;1;1;1;1;2;1;1;7;6;13;3;2;0,837629702
1534;2;1;1; ;2;1;2;1;2;1;1;7;7;14;3;3;0,837629702
2336;2;1;3; ;1;1;1;4;1;1;1;4;4;16;5;3;0,837629702
2339;2; ;1; ;1;1;1; ;1;1;1;6;6;13;4;3;0,837629702
2340;2;1;1; ;1;1;2;1;1;1;1;5;5;15;4;2;0,837629702
2342;2;1;1; ;1;1;1;1;2;1;1;4;4; ;5;2;0,837629702
2399;2;1;1; ;1;1;1;1;1;1;3;7;8;13;1;1;0,837629702
2410;2;1;1; ;2;2;1;1;1;2;2;8;8; ;3;1;0,837629702
2413;2;1;1; ;2;2;2;1;1;1;6; ; ;16;5;5;0,837629702
2421;2;1;1; ;1;1;2;1;1;1;1;7;5;16;2;1;0,837629702
2428;2;1;1; ;1;1;1;2;1;1;1;6;6;16;4;4;0,837629702
25096;2;1;1; ;1;1;1;1;1;1;1;4;7;16;1;1;0,837629702
25100;2; ;1; ;2;1;1;1;1;1;1;3;3;14;1;1;0,837629702
25111;2;1;1; ;1;1;1;1;1;1;1;5;4;15;4;3;0,837629702
25118;2;1;1; ;1;1;1;1;2;1;1;6;6; ;1;1;0,837629702
25126;2;1;1; ;1;1;1;1;1;1;1;7;2; ;1;2;0,837629702
27873;2;1;1; ;1;1;1;1;1;1;1;6;6;16;2;2;0,837629702
27874;2;1;1; ;1;1;1;1;1;1;2;7;8; ;2;1;0,837629702
27884;2;1;1; ;1;1;1;1;1;1;1;6;7;12;4;4;0,837629702
27889;2;1;1; ;1;1;1;1;1;1;3;7;8;16;3;3;0,837629702
27894;2;1;1; ;1;1;2;1;1;5;1; ;6;16;5;3;0,837629702
27984;2;1;1; ;1;2;2;1;1;2;3;8;8;15;2;1;0,837629702
27987;2;1;1; ;2;2;3;1;1;1;1;6;6; ;4;4;0,837629702
16878;1;1;1; ;1;1;1;1;2;1;1;5;4;14;4;1;0,837987733
44538;1;2; ;2;2;1;2;1;2;2;1; ;3;15;4;4;0,837987733
22838;1;1;1; ;1;1;1;1;2;5;1;8;5;9;2;4;0,838089989
22839;1;1;2; ;1;1;1;1;1;1;1;7;5;14;1;1;0,838089989
39983;1;1;2; ;2;2;1; ;2;3;3;8;8;16;3;2;0,838089989
41369;1;2; ;1;1;1;1;3;3;6;6; ; ;13;5;1;0,838089989
41406;1; ;1; ;1;1;1;1;1;1;1;5;5;10;4;4;0,838089989
11395;1;1;1; ;2;1;1;1;1;1;1;1;6;12;5;5;0,838120707
7994;1;1;1; ;2;1;1;1;2;3;1;4;6;8;4;5;0,838273646
20094;1;1;2; ;2;2;2;1;1;1;1;1;1;14;4;4;0,838273646
45190;1;1;1; ;2;1;2;5;4;7;7;9;9;12;1;1;0,838273646
41474;1;1;1; ;2;2;2;5;2;2;6;8;9;13; ; ;0,838425995
24451;1;1;1; ;1;1;2;1;1;1;1;7;6;9;5;5;0,839184869
19779;1;1;1; ;2;1;1;1;1;1;1; ; ;15; ; ;0,839333114
5544;1;1;1; ;2;1;2;1;1;1;1;3;6;14;4;4;0,839363083
5565;1; ;1; ;2;2;3;1;1;1;1;6;6;15; ; ;0,839363083
15425;1;1;1; ;1;1;2;1;1;1;1;5;5;15;3;3;0,839363083
15435;1;1;1; ;1;1;1;1;2;1;4;6;8;14;5;4;0,839363083
37404;1;1;1; ;2;1;1;1;4;7;1;9;6;16; ;3;0,839363083
37433;1; ;2; ;1;2;1;1;2; ;1; ;6;14;3;1;0,839363083
21120;2;1;1; ;2;2;3;1;1;1;3;7; ;13; ; ;0,839679878
42909;1;1;1; ;1;1;1;2;2;1;1; ;4;15;2;2;0,8396996
23673;1;1;1; ;1;1;1;1;2;1;3;7;8;12;3;3;0,840105344
23694;1;1;1; ;1;1;1;1;1;1;1;6;6;15;4;2;0,840105344
45081;2;1;1; ;2;1;1;1;4;7;1;9;4; ; ; ;0,841032799
8;2; ;1; ;2;2;2;1;1;4;1; ; ;16; ; ;0,841145577
60;2;2; ;2;1;1;1;1;4;7;1;9;4;15; ;4;0,841145577
1623;2;1;1; ;2;1;2;1;2;2;1;8; ;14;2;4;0,841145577
1629;2;1;1; ;1;1;1;2;1;2;1;8;6;15;1;3;0,841145577
2059;2; ;1; ;2;1;1;2;2;1;2;4;8;15;1;3;0,841145577
3385;2;1;2; ;1;1;1;1;1;1;1;6;6;14;2;2;0,841145577
3397;2; ;1; ;1;1;2;1;2;1;1;7;6;14;3;2;0,841145577
3466;2;1;1; ;2;1;2;1;1;1;1;7; ;13;5;5;0,841145577
18349;2;1;1; ;2;1;1;1;4;7;1;9; ;14; ;3;0,841145577
18494;2; ;1; ;1;1;1;1;1;5;1;8;6;15;4;4;0,841145577
19638;2;1;1; ;2;1;2;3;4;7;4;9;8;14;1;1;0,841145577
19680;2;1;1; ;2;1;1;1;2;1;1;5;4;16;1;1;0,841145577
27409;2;1;2; ;2;2;1;3;2;2;1; ; ; ;5;1;0,841145577
27465;2;1;1; ;1;1;1;1;4;7;1;9;7;14;5;1;0,841145577
27549;2;1;1; ;1;1;1;1;2;5;3;7;8;13;4;4;0,841145577
27565;2;1;1; ;2;1;1;1;2;1;3;7;8;15;3;1;0,841145577
27574;2;1;1; ;2;1;1;1;2;1;3;6;8;14;4;1;0,841145577
27578;2;1;1; ;1;1;1;1;2;1;1;2;6;15;4;4;0,841145577
36496;2; ;1; ;2;1;1;1;2;2;1;8;7;16;1;2;0,841145577
37161;2;1;1; ;2;2;2;1;1;1;1;6;2; ;4;4;0,841145577
37167;2;1;1;2;2;2;2;1;1;1;4;7;7;16; ; ;0,841145577
37187;2;1;1; ;2;1;1;2;2;3;1; ; ;15;2;2;0,841145577
38434;2;1;1; ;1;1;1;1;1;1;4;4; ;14;4;4;0,841145577
1512;2;2; ;2;2;1;1;3;2;6;3;9;8;15; ;5;0,84126809
1708;2;2; ;2;2;1;1;1;2;1;2;7;8;15;5;4;0,84126809
2352;2;1;1; ;1;1;1;1;2;1;1;3;4;13;3;1;0,84126809
2979;2;1;1; ;2;1;1;1;2; ;1; ;5;16;5;2;0,84126809
27958;2;1;1; ;1;1;1;1;1;1;1;7;6;15;1;1;0,84126809
3791;2; ;1; ;2;1;1;1;4;7;1;9;6;9; ;2;0,842989202
3810;2;1;1; ;1;1;1;1;2;4;1; ; ;7;2;4;0,842989202
4898;2; ;1; ;1;1;1;1;4;1;1;3;4;14;5;4;0,842989202
26108;2;1;1; ;1;1;1;1;2;1;1;6;6;15;4;1;0,842989202
23655;1;1;2; ;2;1;2;1;4; ;1; ;6;12;5;5;0,843754486
40118;1;1;2; ;2;1;1;5;2;4;2;7;6;15; ; ;0,843754486
4062;1;1;1; ;1;1;1;1;2;1;2; ;8;14;2;2;0,844733037
12931;1;2; ;4;1;1;1;1;1;1;1;2;5; ;3;1;0,844733037
12940;1; ;2; ;2;1;1;1;1;1;3;3;8;17;1;1;0,844733037
12948;1;1;1; ;1;1;1;1;1;1;1;4;5;17;2;2;0,844733037
12951;1;1;1; ;2;3;2;1;1;1;3;6;8; ;1;2;0,844733037
12952;1;1;1; ;1;1;1;1;1;1;1;7;4;10;4;4;0,844733037
12962;1;1;1; ;2;1;2;1;1;1;3;5;8; ;1;1;0,844733037
13424;1;1;1; ;1;1;1;1;1;1;1;1;6;13;2;2;0,844733037
13444;1;1;1; ;1;1;1;1;2;1;1;4;6;14;4;4;0,844733037
17779;1;1;1; ;1;1;1;1;2;1;1;7;4;7;5;2;0,844733037
17791;1;1;1; ;1;1;1;1;1;1;1;1;6;15;3;3;0,844733037
17793;1;1;1; ;1;1;1;1;1;1;1;3;6;14;4;3;0,844733037
17796;1;1;1; ;2;1;2;1;1;1;1;6;6; ;4;4;0,844733037
17802;1;1;1; ;2;2;2;1;2;1;1;6;4;17;1;1;0,844733037
17816;1;1;1; ;2;1;1;1;1;1;1;2;6;16;1;1;0,844733037
18367;1;1;1; ;1;1;1;1;1;1;1;6;6;14; ; ;0,844733037
18373;1;1;1; ;1;1;2;1;1;1;1;7;6;15;1;1;0,844733037
18376;1;1;1; ;1;1;1;1;2;1;1;4;6;14;1;3;0,844733037
18382;1;1;1; ;1;1;1;1;1;1;1;2;2;17;1;2;0,844733037
18390;1;1;1; ;1;2;1;2;1;1;1;1;2;10;2;2;0,844733037
18397;1; ;1; ;1;1;1;1;2;1;4;6;8; ;1;5;0,844733037
18402;1;1;2; ;2;1;2;1;1;1;1;6;6;14;5;1;0,844733037
21725;1; ;2; ; ;1;1;1;1;1;1;1;1;14;4;4;0,844733037
44217;1;1;1; ;1;1;2;1;1;1;3;1;8;15;2;2;0,844733037
44225;1; ;1; ;1;1;2;1;2;1;1;7;7; ;2;1;0,844733037
35988;1;1;2; ;1;3;3;1;1;1;2;6;8;16; ; ;0,846634132
6278;1;1;1; ;1;1;1;1;1;1;3;4;8;16;5;5;0,846872583
6280;1;1;1; ;1;1;1;2;2;1;5;3;8;8;1;1;0,846872583
16772;1;1;1; ;2;1;1;2;1;1;1;5;6;16;4;4;0,846872583
16866;1;1;1; ;2;1;1;1;2;1;1;6;6;15;4;1;0,846872583
16870;1;1;1; ;1;1;1;1;1;1;4;6;6;15;5;2;0,846872583
16871;1;1;1; ;1;1;1;1;1;1;1;2;2; ;2;1;0,846872583
16876;1;1;3; ;1;1;1;1;2;1;1;2;2;15;1;3;0,846872583
17883;1;1;1; ;1;1;2;1;1;1;1;6;6; ;4;2;0,846872583
17900;1;1;1; ;2;1;2; ;1;4;1; ; ;15;2;2;0,846872583
17902;1;1;1; ;2;2;2;1;1;1;1;7;4;15; ; ;0,846872583
17903;1;1;1; ;1;1;1;1;1;1;1;2;2; ;1;1;0,846872583
17910;1;1;1; ;1;1;1;1;2;1;1;2;4;16;2;2;0,846872583
17915;1;1;1; ;1;1;1;1;1;1;1;4;6;16;2;2;0,846872583
17926;1;1;1; ;2;1;1;1;2;1;1;1;6;17;1;1;0,846872583
17939;1;1;2; ;2;1;2;1;1;1;1;2;6;16;2;2;0,846872583
17945;1;1;1; ;2;2;3;1;2;6;1; ;6; ;2;2;0,846872583
17949;1;1;1; ;1;1;1;1;1;1;1;6;4;14;2;1;0,846872583
17952;1;1;1; ;1;1;1;1;1;1;1;6;6;13;2;1;0,846872583
17953;1;1;1; ;2;1;1;1;1;1;1; ;5;15;2;2;0,846872583
17957;1;1;1; ;2;1;1;1;2;7;1;9;5;11; ;4;0,846872583
19105;1;1;3; ;1;1;1;4;4;7;1;9;6;14; ;4;0,846872583
20947;1; ;1; ;2;1;1;2;2;1;1;5;6;16;3;4;0,846872583
41191;1;1;1; ;1;1;1;1;1;1;1;7;5;11;5;3;0,846872583
41202;1;1;1; ;1;1;1;1;2;1;1;6;2;17;3;3;0,846872583
41203;1;1;2; ;1;1;1;1;2;1;1; ;6;15; ; ;0,846872583
42283;1;1;1; ;1;1;2;1;2;5;1; ;6;10;5;2;0,846872583
42293;1; ;1; ;2;1;2;1;2;1;1;7;6;14;1;2;0,846872583
42302;1;1;1; ;1;1;1;1;1;1;1;4;6;15;5;5;0,846872583
42304;1;1;1; ;1;1;2;1;1;1;1;4;1;18;2;2;0,846872583
42311;1;1;1; ;2;1;1;1;1;1;1;5;5;16;2;2;0,846872583
42320;1;1;1; ;1;1;1;1;1;1;1;4;4;14;4;3;0,846872583
42325;1;1;1; ;1;1;1;1;4;1; ;2; ;16;2; ;0,846872583
42342;1;1;1; ;1;1;1;1;1;3;1;8;5; ;5;1;0,846872583
42345;1; ;1; ;2;1;1;1;1;1;1; ; ;15;2;2;0,846872583
43670;1;1;1; ;1;1;1;1;1;1;1;2;5;15;2;2;0,846872583
43687;1;1;1; ;1;2;1;1;1;5;3;1;8; ;1;1;0,846872583
43690;1;2; ;2;1;1;3;1;1;1;1;4;5;13;3;2;0,846872583
43695;1;2; ;3;1;1;1;1;2;6;1;7;6;17;1;1;0,846872583
43696;1;1;1; ;1;1;2;1;1;1;1;4;5;16;5;5;0,846872583
43698;1;1;1; ;1;1;1;2;1;1;1;2;6;15; ; ;0,846872583
43704;1; ;1; ;1;1;1;1;1;2;1; ;6; ;1;1;0,846872583
43706;1;1;1; ;1;1;1;1;1;1;1;4;4; ;4;3;0,846872583
43720;1;1;1; ;2;1;1;1;1;1;2;7;8;16;1;1;0,846872583
43726;1;1;1; ;1;1;1;1;1;1;2;4;1; ;3;2;0,846872583
43746;1;2; ; ;2;1;1;1;1;2;3;8;8; ;1;1;0,846872583
44379;1;1;1; ;1;1;1;1;1;4;1;2;6;12;1;1;0,846872583
44383;1;1;1; ;1;1;2;1;4;7;2;9;8;14; ;4;0,846872583
44397;1; ;1; ;1;1;1;1;1;1;1;2;2;17;1;1;0,846872583
44408;1;1;1; ;1;2;2;1;2;1;1;4;5;14;4;4;0,846872583
44410;1;1;1; ;1;1;1;1;1;1;4;5;8; ;1;1;0,846872583
44450;1;1;1; ;2;2;1;1;1;4;2;8;7; ;4;4;0,846872583
44451;1;1;1; ;1;1;2;1;2;1;1;6;6;10;5;2;0,846872583
44460;1;1;1; ;1;3;3;1;1;1; ; ; ;12; ; ;0,846872583
44473;1;1;1; ;2;1;1;1;1;1;1;6;6;17;3;3;0,846872583
44476;1;1;1; ;1;1;2;1;1;1;3;3;8;15;3;1;0,846872583
44479;1;1;1; ;2;1;1;1;1;1;1;6;6;14;3;2;0,846872583
44485;1;1;1; ;2;1;2;1;1;1;1;7;5;15;2;2;0,846872583
44499;1;1;1; ;2;1;1;1;2; ;1; ;5;16;3;3;0,846872583
44510;1;1;1; ;1;1;2;1;1;1;1;2;5;14;3;3;0,846872583
44514;1;1;1; ;2;3;3;1;2;1;3; ;8;15;3; ;0,846872583
44519;1;1;1; ;1;1;1;1;1;1;3;6;8; ;3;1;0,846872583
44530;1;1;1; ;2;1;2;2;2;7;3;9;8;11;5;2;0,846872583
44531;1;1;1; ;1;1;1;1;2;1;1;2;6;12;5;3;0,846872583
44548;1;1;1; ;1;1;1;1;2;1;1;3;6;14;4;4;0,846872583
44555;1;1;1; ;1;1;2;1;2;1;2;4;5;10;1;4;0,846872583
44571;1;1;2; ;1;1;1;1;1;1;3;6;8;14;3;3;0,846872583
44572;1;1;1; ;1;1;1;1;2;1;1;7;6;15;1;2;0,846872583
44591;1;1;1; ;1;1;1;1;2;1;1;1;5;14;5;4;0,846872583
44594;1;1;1; ;2;2;3;2;2;4;1;8;5;9;5;1;0,846872583
44602;1; ;1; ;1;1;1;1;1;1;1;4;4; ;1;1;0,846872583
44620;1;1;1; ;2;2;1;1;1;1;1; ; ;12;4;4;0,846872583
44633;1;1;1; ;1;1;1;1;1;1;1;6;4;16;4;4;0,846872583
44635;1;1;1; ;1;1;1;1;1;1;1; ;5;16;2;1;0,846872583
44640;1;1;1; ;1;1;1;1;1;1;1;4;4; ;1;1;0,846872583
44655;1; ;2; ;2;1;1;1;2;5;3; ; ;14;4; ;0,846872583
44677;1;1;1; ;2;1;2; ;1;1;3;5; ;16;1;1;0,846872583
44680;1;1;2; ;1;1;1;1;2;1;1;9;6; ;4;2;0,846872583
44684;1;1;1; ;2;1;1;1;1;1;1;6;6; ;2;1;0,846872583
44689;1;1;1; ;1;1;1;1;1;1;1;4;4;13;3;3;0,846872583
44694;1;1;1; ;1;1;1;1;2;1;1; ; ;15;5;1;0,846872583
11161;1;1;1; ;1;1;1;1;1;1;1;6;5;14;4;4;0,847006967
11173;1;1;1; ;1;1;2;1;1;4;1;7; ; ;1;1;0,847006967
11183;1;2; ;4;2;1;1;1;4; ;1; ; ; ;1;1;0,847006967
11186;1;1;1; ;1;1;1;1;1;3;1;8;6;15;2;2;0,847006967
11194;1;1;1; ;1;2;2;1;2;1;1;7;6;14;4;4;0,847006967
11197;1; ;1; ;1;1;1;1;2;1;1;2;6;15;5;1;0,847006967
11215;1;1;2; ;2;2;3;1;1;1;1;9;9;16; ; ;0,847006967
11218;1; ;1; ;1;1;1;1;1;1;3;4;8; ;1;1;0,847006967
11226;1;1;1; ;2;1;1;1;2;1;1;6;4; ;4;2;0,847006967
11233;1;1;1; ;2;3;3;1;1;1;1;4;5;14;4;4;0,847006967
11238;1;1;1; ;1;1;1;1;1;1;1;7;4; ;4;3;0,847006967
11244;1;1;1; ;2;1;1;1;2;1;1;5;6;17;1;1;0,847006967
11256;1;1;1; ;1;2;1;2;2;1;3;2;6;16;3;2;0,847006967
11261;1;1;1; ;1;2;1;1;1;1;1;6;6;15;2;2;0,847006967
11264;1;1;1; ;1;1;1;1;1;1;1;3;3;17;3;3;0,847006967
11266;1;1;1; ;1;1;1;1;1;1;1;6;4;15;1;4;0,847006967
11394;1; ;1; ;2;1;2;1;1;6;3;7;8; ;1;1;0,847006967
11396;1;1;1; ;1;3;2;1;2;1;1;6;7;13;1;2;0,847006967
11399;1;1;1; ;1;1;1;5;2;6;1;9;6;15;1;1;0,847006967
11427;1;1;1; ;1;1;2;2;1;1;1;6;6;17;1;1;0,847006967
11484;1;1;1; ;2;1;1;1;1;1;1;7; ;16;2;1;0,847006967
11882;1;1;1; ;1;1;1;1;1;1;1;4;4;15;4;4;0,847006967
11883;1;1;1; ;1;1;1;2;1;1;1;4;4;15;4;3;0,847006967
11893;1;1;1; ;1;1;1;4;1;1;1;3;4;16;3;3;0,847006967
11900;1;1;1; ;2;1;1;1;1;4; ; ; ; ;1;1;0,847006967
11904;1;1;1; ;2;2;2;1;2;1; ;2; ; ;4; ;0,847006967
12245;1;1;1; ;1;1;1;1;1;1;1;2;2;15;4;2;0,847006967
12254;1;1;2; ;2;1;1;1;2;1;4;5;8; ;4;4;0,847006967
12258;1;1;1; ;1;1;2;1;1;1;1;7;7;14;2;2;0,847006967
12276;1;1;1; ;1;1;1;2;1;1;1;4;5;4;4;4;0,847006967
12282;1;1;1; ;1;1;1;1;1;1;1;1;6;15;3;3;0,847006967
12389;1;1;1; ;1;1;1;1;1;1;1;5;6;15;2;2;0,847006967
12398;1;1;1; ;1;1;1;1;1;5;1;7;6; ;1;1;0,847006967
12409;1;1;1; ;1;1;1;1;1;1;1;6;4;15;5;4;0,847006967
16586;1;1;1; ;1;1;1;1;1;1;1;6;5;17;1;1;0,847006967
16590;1;1;1; ;2;1;2;1;2;1;1;7;7; ;3;1;0,847006967
16594;1;1;1; ;1;1;1;1;2;3;4;8;8; ;1;1;0,847006967
16620;1;1;1; ;1;2;1;1;1;1;1;7;6;16;4;3;0,847006967
16625;1;1;1; ;2;1;1;1;1;1;1;7;7; ;1;1;0,847006967
17330;1;1;2; ;1;1;1;1;4;1;7;7;9;16;5;1;0,847006967
17353;1;1;1; ;2;2;1;1;2;7;1;9;7;15; ; ;0,847006967
17373;1;1;1; ;1;1;1;1;1;1;1;5;5; ; ; ;0,847006967
17375;1;1;1; ;2; ;2;1;1;1;1; ; ; ;2;1;0,847006967
17377;1;1;1; ;2;1;2;1;1;1;1;4;6;13;4;3;0,847006967
17387;1;1;1; ;1;1;1;1;1;1;1;4;4;14;3;3;0,847006967
17410;1;1;1; ;2;1;1;1; ;6;6; ; ; ; ; ;0,847006967
17728;1;1;2; ;2;1;1;1;2;1;1;2;6; ;1;1;0,847006967
17735;1;1;1; ;1;1;1;1;1;1;1; ;6;15;5;4;0,847006967
17746;1;1;1; ;1;1;1;1;1;1;1;6;6; ;4;4;0,847006967
17767;1;1;1; ;1;1;1;1;2;6;1;9; ;16;5;4;0,847006967
30391;1;1;2; ;2;1;2;2;1;1;1;6;6;12;3;1;0,847006967
35331;1;1;1; ;1;1;1;1;1;1;1;7;6;15;1;2;0,847006967
45439;1;1;3; ;1;1;1;2;1;1;1;5;5;15;1;1;0,847006967
7997;1;1;2; ;2;1;1;1;1;1;1;7;7;15;5;5;0,847161528
8076;1;1;1; ;1;1;1;1;1;1;1;4;6;17;3;3;0,847161528
8093;1;1;1; ;1;2;2;2;1;1;1;6;6;10;2;2;0,847161528
8094;1;1;1; ;1;1;1;1;2;1;1;7;6;15;4;4;0,847161528
9678;1;1;1; ;1;1;1;1;1;1;1;4;4;12;2;2;0,847161528
9684;1; ;1; ;1;1;1;1;2;6;1;9;6; ; ;3;0,847161528
9694;1;1;1; ;2;2;2;1;1;1;1;2;6;15;4;4;0,847161528
9697;1;1;2; ;2;2;2;1;1;1;1;7;4;13;4;4;0,847161528
9700;1;1;1; ;2;2;2;1;1;1;1;4;5;15;5;4;0,847161528
9702;1;1;1; ;1;1;1;2;1;2;1;7;6;16;3;1;0,847161528
20081;1;1;1; ;1;1;1;1;1;2;1;8;7;13;5;5;0,847161528
20089;1;1;1; ;1;1;1;1;1;1;1;1;6;11;2;2;0,847161528
25176;1;1;1; ;1;1;1;1;1;5;3;4;6; ;3;3;0,847161528
25185;1;1;1; ;1;1;1;1;1;1;1;4;4;16;3;3;0,847161528
25191;1;1;1; ;1;1;1;1;1;1;1;6;6; ;2;2;0,847161528
25194;1;1;1; ;1;1;1;1;1;1;1;7;7; ;4;1;0,847161528
26178;1;1;1; ;1;1;1;1;1;1;1;7;7;15;2;2;0,847161528
26179;1;1;1; ;2;1;1;1;1;1;1;1;1;15;2;2;0,847161528
26183;1;1;1; ;1;1;1;1;1;1;1;3;4; ;4;3;0,847161528
26193;1;1;1; ;1;1;1;2;1;1;1;6;6;16;3;2;0,847161528
26579;1;1;1; ;2;1;1;1;1;1;1;4;6;16;3;3;0,847161528
26587;1;1;1; ;2;2;2;1;2;1;1;9;9;14;1;2;0,847161528
41486;1;1;1; ;1;1;1;1;1;1;1;1;1;14;3;3;0,847161528
41491;1;1;1; ;1;1;1;1;1;1;1;5;5;16;2;1;0,847161528
41494;1;1;1; ;2;1;2;1;2;1;1; ;2;17;4;4;0,847161528
41502;1;1;1; ;1;1;1;1;1;1;1;4;4;15;3;3;0,847161528
41519;1;1;1; ;1;1;2;1;1;1;1;2;2;15;3;1;0,847161528
41521;1;1;1; ;2;3;3;1;1;1;1;2;6; ;1;4;0,847161528
41533;1;1;1; ;1;1;1;2;2;1;1;2;6;16;2;2;0,847161528
41537;1;1;1; ;1;1;1;1;2;1;1;2;1;14;3;2;0,847161528
41540;1;1;1; ;1;1;1;1;1;1;1;4;8;13;2;1;0,847161528
41552;1;1;1; ;1;1;1;1;1;1;1;2;6;13;4;4;0,847161528
41572;1;1;1; ;1;1;1;1;1;1;1;6;4;15;4;4;0,847161528
45179;1;1;1; ;1;1;1;1;1;1;1;4;6;16;3;3;0,847161528
45189;1; ;1; ;1;1;1;1;1;1;1;4;6;7;3;2;0,847161528
45199;1;1;1; ;1;2;2;1;1;1;1;7;5;15;2;2;0,847161528
45200;1;1;1; ;1;1;1;1;1;1; ;7; ;15;5;4;0,847161528
45203;1; ;1; ;1;1;1;1;1;1;1;7;7;12;4;4;0,847161528
45207;1;1;1; ;1;1;1;1;2;1;1;4;4;14;5;5;0,847161528
45213;1;1;1; ;2;1;2;2;2;1;3;7; ;16;2;5;0,847161528
45216;1;1;1; ;1;1;1;1;1;1;1;6;6;16;2;3;0,847161528
45220;1;1;1; ;1;1;1;1;1;1;1;7;6;16;2;2;0,847161528
45230;1;1;1; ;1;1;1;1;2;7;1;9;4;14; ;2;0,847161528
45241;1;1;1; ;1;2;2;1;1;1;1;1;1;14;1;1;0,847161528
687;1;2; ;2;2;1;1;3;2;1;1;7;6;14;1;4;0,847595031
11057;1;1;2; ;2;1;2;1;2;1;1;7;6;10; ; ;0,847595031
15456;1; ;1; ;1;2;2;2;4;1; ;1; ;12;4; ;0,847595031
15457;1;1;1; ;2;1;1;1;1;1;1;3;6;13;4;4;0,847595031
15470;1;1;1; ;1;1;1;1;1;1;1;4;4;5;5;5;0,847595031
777;1;1;1; ;1;1;1;1;2;1;1;4;6;8;4;4;0,848232229
2098;1;1;1; ;2;1;1;1;2;1;1;2;6;15;5;4;0,848232229
3648;1;1;1; ;1;1;1;1;2;1;1;4;4;16;3;1;0,848232229
12929;1;1;1; ;1;2;2;1;2;1;1;6;6;15;1;1;0,848402279
12937;1;1;1; ;2;1;2;1;1;1;3;7;8;17;1;1;0,848402279
12966;1;1;1; ;2;1;1;1;1;1;1;1;1;16;5;1;0,848402279
31205;2;1;1; ;1;1;1;1;1;5;1;5;2;15;5;5;0,848411501
7285;1;1;1; ;2;2;2;1;2; ;1; ;6;11; ; ;0,848572301
10011;1;1;1; ;1;1;2;1;1;1;1; ; ;13;4;3;0,848572301
16258;1; ;1; ;1;1;1;1;2;1;1;6;6;13;1;2;0,848572301
41168;1;1;1; ;1;1;1;1;2;1;1;7;2;15;4;5;0,850551119
42328;1;1;1; ;2;1;1;1;2;1;1; ; ;14;1;1;0,850551119
43716;1;1;1; ;2;1;1;1;2;1;1;5;5;14;2;2;0,850551119
43727;1;1;2; ;2;2;1;1;2;1;1;6;2;15;5;5;0,850551119
44359;1;1;1; ;1;1;1;1;2;1;1;7;2;15;1;1;0,850551119
44365;1;1;1; ;2;1;1;1;1;1;1;2;2;16;4;3;0,850551119
44372;1; ;2;4;2;1; ;1;2;5;1; ; ;15;4; ;0,850551119
44404;1;1;1; ;1;1;1;1;4;1;7; ; ;16;4;5;0,850551119
44446;1;1;1; ;2;1;1;2;2;5;1;6;6;13; ; ;0,850551119
44502;1;1;1; ;1;2;2;1;1;1;1;2;2;15;3;2;0,850551119
44546;1; ; ;1;2;1;1;1;2;1;2;7; ;16;1;1;0,850551119
44549;1;2; ;2;2;2;1;1;2;1;1;6;6; ;1;1;0,850551119
44562;1;1;1; ;1;1;1;1;2;1;1;6;4;14;5;3;0,850551119
44613;1;1;1; ;1;2;2;1;4;7;1;9;4;14;1;4;0,850551119
44656;1; ;2; ;2;1;1;4;2;1;1;2;5;16;3;3;0,850551119
44681;1;1;1; ;2;1;2;1;2;1;6;7;8;16;4;1;0,850551119
11172;1; ;2; ;2;1;3;1;2;1;1;6;6;16; ; ;0,850686087
11189;1;1;2; ;1;2;2;1;1;1;1;7;5;15;2;2;0,850686087
11220;1; ;2; ;2;1;2;1;2;1;1;7;6;15;3;1;0,850686087
11247;1;1;1; ;1;1;1;1;2;1;1;7;6;13;3;3;0,850686087
11390;1;1;1; ;2;2;2;1;1;1;3;7; ;15;1;1;0,850686087
11495;1; ; ;2;2;1;2;1;1;4;3; ; ;18;1;1;0,850686087
11503;1;1;1; ;2;1;2;1;1;4; ; ;6;15;4;4;0,850686087
11867;1;1;1; ;2;1;1;1;2;1;3;6;8;15;4;3;0,850686087
11879;1;1;1; ;2;2;3;1;1;1;3;6;8;16;1;1;0,850686087
11888;1;1;1; ;2;1;1;1;2;1;1;2;2;16;4;4;0,850686087
12405;1;1;2; ;1;1;2;1;1;1;1;7;5;15;4;1;0,850686087
17337;1;1;1; ;1;2;2;2;1;1;1;6;6;12;2;2;0,850686087
17344;1;1;1; ;1;1;1;1;1;1;1;7;4;16;5;4;0,850686087
17362;1;1;2; ;2;1;2;1;1;2;1;8;6;15;2;2;0,850686087
17403;1;1;1; ;1;1;1;4;1;1;1;6;6;14;1;1;0,850686087
17737;1;2; ;2;1;1;2;1;1;1;1;7; ;14;1;1;0,850686087
17747;1;1;1; ;1;1;2;1;1;1;1;4;2;12;4;4;0,850686087
7971;1;1;1; ;1;1;1;1;2;1;1;4;6;13; ; ;0,850841319
7985;1;1;1; ;1;1;2;1;1;1;1;4;6;15;4;3;0,850841319
8062;1;1;1; ;1;1;1;1;1;1;1;6;4;15;2;1;0,850841319
8098;1;1;1; ;1;1;2;1;1;1;1;7;6;14;4;3;0,850841319
20068;1;1;1; ;1;1;1;1;1;1;4;4; ;15;5;4;0,850841319
20077;1;1;2; ;2;1;1;1;1;1;1;7;6;15;2;2;0,850841319
26175;1; ;1; ;2;2;3;1;1;1;3;8;8; ;1;1;0,850841319
26187;1;1;1; ;1;2;2;2;1;1;1;2;6;16;5;5;0,850841319
26200;1;1;1; ;1;1;1;1;2;1;1;4;6;15;3;3;0,850841319
41484;1;1;1; ;1;1;2;2;1;1;1;1;1;13;3;3;0,850841319
41529;1;1;1; ;1;1;1;1;2;1;1;5;6;15;3;3;0,850841319
41535;1;1;1; ;2;1;3;1;1;1;4;6;6;15;3;3;0,850841319
6375;1;1;1; ;1;1;1;1;1;1;1;4;4;10;3;3;0,851399986
10027;1;1;1; ;1;1;1;1;2;1;1;4;4;12;4;4;0,851399986
16743;1;1;1; ;1;1;1;1;1;1;1;3;4;11;4;4;0,851399986
16750;1;1;3; ;1;1;1;1;2;1;1;6;6;10;5;5;0,851399986
20859;1;1;1; ; ;1;1;1;1;1;1;5;3;15;3;3;0,851399986
26233;1;1;1; ;1;1;1;1;1;1;1;3;6;14;4;3;0,851399986
27784;1; ;2; ;2;3;2;1;1;1; ;7; ;13; ; ;0,851399986
4369;1;1;1; ;2;1;1;1;2;1;1;7;2;15;5;4;0,851766204
1834;1;1;1; ;1;1;1;1;2;1;1;4;4;12;4;3;0,851916671
3616;1;1;1; ;2;1;1;1;2;1;1;7;6;15;5;5;0,851916671
3661;1;1;1; ;1;1;1;1;1;1;1;2;4;13;3;1;0,851916671
5778;1;1;1; ;2;1;1;1;2;1;1; ;4;10;5;4;0,851916671
6801;1;1;1; ;1;1;1;1;1;1;1;4;4;13;4;1;0,851916671
9995;1;1;1; ;2;2;1;1;2;5;1;4;6;12;4;4;0,851916671
12517;1;1;3; ;2;1;2;1;2;1;1;2;5; ; ; ;0,851916671
12530;1;1;1; ;2;1;2;1;2;1;1;3;2;13;5;4;0,851916671
13970;1;1;1; ;1;1;1;1;2;1;1;6;6;8; ; ;0,851916671
30508;1;1;1; ;1;1;1;1;1;1;1;6;7;16;1;1;0,851916671
11774;1;2; ;2;2;1;1;1;4; ;3; ; ; ; ;1;0,852107693
478;1; ;1; ;1;1;1;1;1;1;1;7;6;14;4;2;0,852233525
12564;1;1;2; ;1;1;1;1;1;1;1;7;6;15;4;1;0,852233525
16651;1;1;2; ;1;1;3;1;1;1;1;2;5;14;5;5;0,852233525
17668;1; ;1; ;2;2;2;1;1;1;1;6; ;15;4;3;0,852233525
31117;1;1;1; ;2;1;1;1;1;1;1;1;6;14;3;2;0,852233525
3485;1;1;1; ;1;2;3;1;1;1;1;6;6;17;3;2;0,852700479
3505;1;1;1; ;1;1;1;1;1;1;1;4;5;15;3;1;0,852700479
10686;1;1;1; ;1;1;2;1;1;1;3;4;8;8;4;4;0,852700479
10696;1;1;1; ;2;1;1;1;1;1;1;6;6;12;1;1;0,852700479
10699;1;1;1; ;1;1;1;1;2;1;1;3;5;12;4;2;0,852700479
15242;1; ;1; ;2;1;2;1;1;1;1;2;6;17;2;1;0,852700479
15254;1;1;1; ;1;1;1;2;1;1;1;2;2;17;2;2;0,852700479
23665;1;1;1; ;2;2;1;1;2;7;4;9;8;16; ;1;0,852700479
23685;1;1;1; ;1;1;1;1; ; ;2; ;2;10; ;1;0,852700479
33171;1;1;2; ;1;1;1;1;1;5;1;8;7;15;2;1;0,852700479
33183;1;1;1; ;1;1;2;1;2;1;1;2;2;14;4;1;0,852700479
33186;1;1;1; ;2;1;2; ;2; ;1; ;1;15;1;1;0,852700479
33205;1;1;1; ;1;1;1;1;1;1;1;5;5;16;3;2;0,852700479
33305;1;1;1; ;1;1;1;1;2;1;1;4;4;15;3;2;0,852700479
33310;1;1;1; ;1;1;1;1; ;1;1;3;4;10;3;3;0,852700479
33313;1;1;1; ;1;1;2;1;2;2;1;7;6;14;3;3;0,852700479
33316;1;1;1; ;2;1;1;1;1;1;5;6;8;14;2;2;0,852700479
33332;1;1;1; ;2;1;1;1;1;1;1;7;4;14;5;5;0,852700479
33336;1;1;1; ;1;1;1;1;1;1;1;6;5;16;1;1;0,852700479
40050;1; ;2; ;1;2;1;1;2; ;1; ;6;16; ;1;0,852700479
40051;1;1;1; ;1;1;2;1;1;1;2;3;8;17;5;2;0,852700479
40064;1;1;1; ;1;1;1;1;1;1;3;4;8;14;5;2;0,852700479
40066;1;1;1; ;1;1;1;1;1;1;1;2;6;15;4;4;0,852700479
40090;1;1;1; ;2;1;1;1;1;4;4;8;8;15;5; ;0,852700479
40091;1;1;1; ;1;1;1;1;1;1;1;7;6;13;3;3;0,852700479
40093;1;1;1; ;1;1;3;1;1;2;1;7;6;17;3;1;0,852700479
40104;1;1;1; ;1;1;1;1;2;1;1;6;6;15;1;1;0,852700479
40111;1; ;2; ;1;1;1;1;2;1;3;7;8;16;4;1;0,852700479
40116;1;1;2; ;1;1;2;1;2;6;1; ;6;16;5;3;0,852700479
40140;1;1;2; ;1;1;2;1;1;1;1;2;7;15; ; ;0,852700479
10158;2;1;1; ;1;1;1;1;2;1;1; ; ;15;4;5;0,852813318
13492;2;2; ;2;2;1;2;1;2;1;4;7; ;15;1;1;0,85365432
29732;2;1;1; ;1;1;2;1;1;1;2;7;8;15;4;4;0,853997664
31552;2;1;1; ;1;1;1;1;2;6;1;1;6;13;5;3;0,853997664
33504;2;1;1; ;1;1;1;1;2;1;1;4;5;15;3;1;0,853997664
38951;2;1;1; ;1;1;1;1;1;1;5;6;9;13;3;3;0,853997664
39481;2;1;2; ;1;1;1;4;2;2;3;8;8;16;2;2;0,853997664
10595;1;1;1; ;1;1;1;1;1;1;3;3;8;12;5;4;0,855098188
16759;1;1;1; ;2;1;1;1;1;1;1;1; ;14; ; ;0,855098188
18636;1;1;3; ;1;1;1;1;1;1;1;5;5;13;5;5;0,855098188
18646;1; ;1; ;2;1;1;1;1;1;1;6;6;8;5;5;0,855098188
20031;1;1;1; ;1;1;1;1;1;1;3; ; ;14;2;2;0,855098188
20466;1;1;2; ;2;3;2;1;2;1;1;2;7;15; ; ;0,855098188
27797;1;1;1; ;1;1;2;1;1;1;1;6;2;14;5;1;0,855098188
4361;1;1;1; ;1;1;1;1;1;1;1;6;4;13; ; ;0,855465996
11810;1; ;2; ;2;1;1;1;2;4;1;7;6;10;5;5;0,855465996
24464;1;1;1; ;1;1;1;1;2;1;1;2;2;14;4;4;0,855465996
24522;1;1;1; ;2;1;1;1;1;1;2;2;8;15;4;4;0,855465996
40170;1;1;1; ;1;2;1;2;1;1;1;2;6;14;3;2;0,855465996
40365;1;1;1; ;2;2;2;1;2;2;1; ;2;16;3;1;0,855465996
24492;1;1;2; ;2;2;2;1;2;1;2;4;7;15;1;1;0,855808968
492;1;1;1; ;1;1;2;2;1;1;1;7;6;8;5;4;0,855935348
10933;1;1;1; ;1;1;1;1;1;1;1;4;4;15;3;3;0,855935348
5699;1;1;1; ;1;1;1;1;2;1; ;6;9;14;2; ;0,856224097
6540;1;1;1; ;1;1;2;1;2;1;3;4;8;16;2;2;0,856224097
7429;1;1;1; ;1;1;1;2;2;1;1;3;5;13;3;1;0,856224097
7901;1;1;1; ;1;1;1;1;1;1;1;7;7;15;5;5;0,856224097
15852;1;1;2; ;1;1;2;1;2;1;1;7;6;16;3;3;0,856224097
15853;1;1;1; ;1;1;1;1;1;1;1;4;6;13;1;1;0,856224097
22775;1;1;1; ;2;1;2;1;1;1;1;4;6;15;2;2;0,856224097
3482;1;1;2; ;2;1;2;5;2;1;1;3;6;14;2;2;0,856404329
10763;1; ;1; ;1;1;1;1;1;1;1;1;1;14;4;4;0,856404329
40058;1; ; ;2;2;2;2;1;1;1;1; ; ;16;1;1;0,856404329
40088;1;1;2; ;2;2;3;1;1;1;1;7;6;16;2;2;0,856404329
40122;1; ;2; ;1;1;2;1;2;2;1;8;6;15;4;4;0,856404329
10181;2;1;1; ;1;1;1;1;2;3;1;8;6;11;5;5;0,856517659
10195;2;1;1; ;1;1;1;1;1;1;1;3;5;8;4;3;0,856517659
11090;1;2; ;2;1;1;1;1;5; ;3; ;6;13; ;2;0,856581744
14151;1;2; ;2;1;1;2;1;2; ;2; ;6;13; ;1;0,856581744
35435;1;1;1; ;1;1;1;2;2;7;1;9;2;12; ;4;0,856925164
41310;1; ;2; ;2;2;2;1;2;1;1;7;8;15;5;4;0,859581893
14301;1;1;2; ;1;2;1;1;1;2;2;7;7; ;1;1;0,859943253
18549;1;1;1; ;1;1;1;2;1;1;5;2;5;11;3;2;0,86022337
688;1;1;1; ;1;1;1;1;1;1;1;5;7;15;4;4;0,860302453
4384;1;1;1; ;1;1;1;1;1;1;1;5;6;15;5;2;0,860302453
4845;1;1;1; ;1;1;1;1;2;1;1;4;6;15;4;3;0,860302453
5539;1;1;2; ;1;1;1;1;2;1;1;3;4;12;3;3;0,860887634
5561;1;1;1; ;1;1;1;1;1;1;1;7;5;20;4;4;0,860887634
19887;1; ;2; ;1;1;1;1;1;1;3;1;8;12;3;2;0,860887634
4617;2;1;1; ;1;1;1;1;1;1;1;6;4;15;3;3;0,861131164
4621;2;1;1; ;1;1;1;1;1;1;2;7;8;15;5;1;0,861131164
4627;2;1;1; ;2;1;1;1;1;1;3;5; ; ;1;1;0,861131164
5658;2;1;1; ;1;1;1;1;2;1;1;2;5; ; ; ;0,861131164
5668;2;1;1; ;1;1;1;1;1;1;2;6;6;15;2;2;0,861131164
5676;2;1;1; ;1;1;1;2;2;1;1;2;6;14;4;5;0,861131164
5680;2;1;1; ;1;1;1;1;1;1;1;7;5;14;1;1;0,861131164
5681;2;1;1; ;1;1;1;1;1;1;4;7;7;16;2;1;0,861131164
5691;2;1;1; ;1;1;2;2;2;1;1; ; ; ;2;2;0,861131164
5695;2;1;1; ;1;1;1;1;1;1;1;4;4;12;1;1;0,861131164
6509;2;1;1; ;1;1;1;1;2;4;1;8;6; ;1;5;0,861131164
6512;2;1;1; ;1;1;1;1;1;1;1;4;6;14;4;4;0,861131164
6514;2;1;2; ;2;1;2;1;1;2;2;6;6;16;2;2;0,861131164
6527;2;1;1; ;1;2;2;1;1;1;3;4;8;16;2;2;0,861131164
6530;2;1;1; ;1;1;1;1;1;1;3;4;8;15;5;5;0,861131164
6538;2;1;1; ;1;1;1;1;1;1;1;2;4;16;4;4;0,861131164
6552;2;1;1; ;1;1;1;1;1;1;1;3;3;15;3;3;0,861131164
7879;2;1;1; ;1;1;1;1;1;1;1;2;5;14;3;3;0,861131164
7884;2;1;1; ;2;2;3;1;1;1;1; ; ; ;1;1;0,861131164
7893;2;1;1; ;1;1;1;1;1;1;1;2;5;10;4;4;0,861131164
7906;2; ;1; ;2;1;1;1;1;1;1;7;6; ;4;4;0,861131164
7913;2;1;1; ;1;1;1;1;1;1;1;7;4;12;4;2;0,861131164
7918;2;1;1; ;1;1;1;1;1;1;1;2;6;14;2;2;0,861131164
8246;2;1;1; ;1;1;1;1;1;1;1;6;6; ;5;5;0,861131164
8261;2;1;1; ;1;1;1;1;1;1;1;4;4; ;2;1;0,861131164
8269;2;1;2; ;1;1;1;1;1;1;1;2;7;14;2;1;0,861131164
8271;2;1;1; ;1;1;1;1;2;1;1;7;6; ;4;3;0,861131164
8272;2;1;1; ;1;1;1;1;1;1;1;7;6; ;2;2;0,861131164
8283;2;1;1; ;1;1;1;1;1;1;1;4;4;15;3;3;0,861131164
14295;2;1;1; ;2;1;1;1;1;1;1;2; ; ;2;2;0,861131164
14304;2;1;1; ;1;2;1;1;2;1;3;2;6; ;1;1;0,861131164
14307;2;1;1; ;1;1;2;1;1;1;2;7;6; ;1;1;0,861131164
14314;2;1;1; ;2;1;2;1;1;5;1;7; ;15;1;1;0,861131164
14325;2;1;1; ;1;1;1;1;2;7;1;9;5; ; ;1;0,861131164
14327;2;1;1; ;1;1;1;1;1;1;3;5;8;16;5;1;0,861131164
14330;2;1;1; ;1;1;1;1;1;3;1; ;7; ;1;1;0,861131164
15823;2;1;1; ;1;1;2;1;1;4;2;9;8; ;1;1;0,861131164
15840;2;1;2; ;2;1;2;1;2;1;1; ; ;16;1;2;0,861131164
19428;2;2; ;1;1;1;2;1;1;1;3;6;8; ;1;1;0,861131164
19438;2;1;1; ;1;1;1;1;1;1;1;6;6;16;4;4;0,861131164
19469;2;1;1; ;1;2;2;1;1;1;1;7;6;16;4;2;0,861131164
19472;2;1;1; ;1;1;1;1;1;1;1;5;6;14;2;2;0,861131164
22406;2;1;1; ;2;1;1;1;1;1;1;4;2;14;4;1;0,861131164
22410;2;1;1; ;1;1;1;1;4;7;1;9;2;15; ;5;0,861131164
22420;2;1;1; ;1;1;1;1;1;1;1;6;6;15;3;3;0,861131164
22438;2;1;1; ;1;1;1;1;1;1;1;4;4;13;4;3;0,861131164
22443;2;1;1; ;1;2;1;1;4;7;3;9;8; ;1;1;0,861131164
22449;2;1;1; ;1;1;1;1;1;1;1;4;4;12;3;3;0,861131164
22782;2;1;1; ;1;1;1;1;1;1;1;4;6;14;2;4;0,861131164
22783;2;1;1; ;1;1;1;1;2;1;1;7;6; ;1;1;0,861131164
22787;2;1;1; ;2;1;1;1;2;1;1;6;5;17;2;1;0,861131164
22790;2;1;1; ;1;1;1;1;1;1;1;7;6;16;4;4;0,861131164
22791;2;1;1; ;1;1;1;1;1;1;1;7;7;16;3;1;0,861131164
22805;2;1;1; ;1;1;1;2;2;1;1;4;6;16;2;4;0,861131164
22925;2;1;1; ;1;1;1;1;1;1;1;2;2;14;5;5;0,861131164
22927;2;1;1; ;1;1;1;1;1;1;1;4;6;16;5;4;0,861131164
22934;2;1;1; ;1;1;1;1;2;1;1;4;4;8;3;4;0,861131164
22948;2; ;1; ;2;1;2;1;1; ; ; ; ;15;1;1;0,861131164
22952;2;1;1; ;1;1;2;1;2;1;7;7;7; ;3; ;0,861131164
22955;2;1;1; ;1;1;1;1;1;1;1;4;4;15;2;2;0,861131164
22961;2;1;1; ;2;1;1;1;1;1;3;7;8; ;1;1;0,861131164
31211;2; ;1; ;1;1;1;1;1;1;1;2;2;17;1;1;0,861131164
31221;2;1;1; ;1;1;1;1;1;1;1;4;4;15;3;3;0,861131164
31228;2;1;1; ;1;1;2;2;1;1;2;4;9;13;5;1;0,861131164
31234;2;1;1; ;2;2;1;1;2;7;3;9;8; ;1;1;0,861131164
31247;2;1;1; ;1;1;1;1;1;1;1;7;4;16;2;2;0,861131164
2153;2;1;1; ;1;1;1;1;1;1;1;4;6;15;2;2;0,863051152
8591;2;1; ; ;1;1;1;2;1;1;1;4;4; ;4;3;0,863051152
20700;1;1;1; ;1;1;1;1;1;1;1;7;6;13;5;5;0,863959897
412;1;1;1; ;1;1;1;1;1;1;1;7;6; ;4;2;0,864164454
420;1;1;1; ;2;1;1;1;1;1;3;4;8;15;2;1;0,864164454
430;1;2; ;2;2;2;2;1;2; ;3; ;8;16;1;1;0,864164454
447;1;1;1; ;1;1;1;1;2;2;2; ; ;0;1;1;0,864164454
450;1;1;1; ;2;1;1;1;2; ;1; ; ;14;1;1;0,864164454
455;1;1;1; ;1;1;1;1;2;1;1;6;6; ;2;1;0,864164454
458;1;1;1; ;2;1;1;1;2;4;1;8;7;17;1;1;0,864164454
4520;1;1;1; ;1;1;1;1;1;1;1;5;5; ;1;1;0,864164454
4523;1;1;1; ;1;1;1;1;2;1;1;4;6;13;2;1;0,864164454
4529;1;1;2; ;2;2;1;1;2;1;3;7;8; ;1;1;0,864164454
4552;1;1;1; ;1;1;1;1;2; ;1; ;6; ;1;1;0,864164454
6268;1;1;1; ;2;1;1;2;2;1;2;7;8; ;2;1;0,864164454
6275;1;1;1; ;1;1;1;1;1;1;2;2;8; ;1;1;0,864164454
6283;1;1;1; ;2;1;1;1;1;1;1;6;6;12; ; ;0,864164454
6286;1;1;1; ;1;3;3;1;2;6;1; ;7; ;1;1;0,864164454
6290;1;1;1; ;2;1;1;1;2;1;1;6;6;14;1;2;0,864164454
6372;1;1;1; ;1;1;1;1;2;1;4;6;8;12;5;1;0,864164454
6374;1; ;1; ;1;1;1;1;1;1;1;6;4;16;2;4;0,864164454
6377;1;1;1; ;1;1;1;1;1;1;1;7;7;16;3;2;0,864164454
6381;1;1;1; ;1;1;1;1;1;1;1;6;6;15;5;1;0,864164454
6384;1;1;1; ;1;1;1;1;2;1;3;2;8;17;5;1;0,864164454
6388;1;1;1; ;1;1;1;1;1;1;1;6;6;16;4;1;0,864164454
6390;1; ;1; ;1;1;1;1;2;6;1;2;6;14; ; ;0,864164454
6562;1; ;2; ;2;1;1;1;1;1;1;7;6;16;2;2;0,864164454
6588;1;1;1; ;1;2;2;1;2;1;1;6;6;16;3;3;0,864164454
6590;1;1;1; ;1;1;1;1;1;1;1;6;6;15;4;2;0,864164454
8330;1;1;1; ;1;1;1;1;1;1;1;6;6;14;3;3;0,864164454
8332;1;1;1; ;2;1;1;1;1;5;1; ;5; ;1;1;0,864164454
8339;1;1;2; ;1;3;3; ;1;1;1;3;6;12;2;2;0,864164454
8365;1;1;1; ;1;1;1;1;1;1;1;4;5;14;5;5;0,864164454
8367;1;1;1; ;2;1;1;1;2;4;1;7;6;16;1;1;0,864164454
8504;1;1;1; ;1;1;1;1;1;1;3;4;8;16;3;3;0,864164454
8527;1; ;1; ;1;1;1;1;1;1;1;6;6; ;1;1;0,864164454
8531;1;1;1; ;1;1;1;1;1;1;1; ; ; ;4;3;0,864164454
8643;1;1;1; ;2;3;3;1;1;1;1;6;6;13; ; ;0,864164454
8646;1;1;1; ;2;1;2;1;1;1;2;6; ; ;1;1;0,864164454
8655;1;1;1; ;1;1;1;3;1;1;1;4;4;15;4;2;0,864164454
8716;1;1;1; ;1;1;1;1;2;1;2;2;8;16;2;2;0,864164454
8718;1;1;1; ;2;2;2;1;2;1;1;7; ;16;4;2;0,864164454
8721;1;1;1; ;1;1;1;1;1;1;1;7;6;13;3;3;0,864164454
8734;1;1;1; ;1;1;1;1;1;1;1;5;4;14;2;2;0,864164454
8737;1;1;1; ;1;2;2;1;2;1;1;6;6;14;4;4;0,864164454
8740;1;1;1; ;1;1;3;1;2;1;1;5;4;10;4;2;0,864164454
8762;1;1;1; ;2;1;2;1;2;1;1;6; ;10;2;2;0,864164454
10028;1; ;1; ;2;2;1;1;1;1;1;2;4;11;4;4;0,864164454
10036; ;1;1; ;1;1;1;1;1;1;1;7;5; ;1;1;0,864164454
10039;1;1;1; ;1;1;1;1;2;1;2;6;8;14;5;4;0,864164454
10041;1;1;1; ;1;1;1;1;1;1;1;6;6;15;4;3;0,864164454
10045;1;1;1; ;1;1;1;1;1;1;1;4;4;14;4;2;0,864164454
10050;1;1;1; ;1;1;1;1;2;6;3;7;8;17;4;4;0,864164454
10076;1;1;1; ;1;1;1;1;2;1;1;4;4; ;1;4;0,864164454
10084;1; ;1; ;2;2;1;5; ;3; ;8; ; ;1;1;0,864164454
10093;1;1;1; ;1;1;1;1;1;5;3; ;8;14; ; ;0,864164454
10614;1;1;1; ;1;1;1;1;2;1;1;6;6; ;2;2;0,864164454
12076;1;1;1; ;1;1;1;1;1;1;1;5;4;14;5;5;0,864164454
12080;1;1;1; ;2;1;1;1;1;1;2;7;6;15;1;1;0,864164454
12086;1;1;1; ;1;1;1;1;1;1;1;4;4;11;1;1;0,864164454
12105;1; ;1; ;2;2;2;1;2;1;1;6;6; ;2; ;0,864164454
14421;1;1;1; ;1;1;1;1;1;1;3;2;8;16;1;1;0,864164454
14438;1;1;1; ;2;2;2;1;1;1;4;6; ; ; ; ;0,864164454
16723;1;1;1; ;2;1;1;1;2;7;1;9;6;10;1;2;0,864164454
16726;1; ;1; ;2;1;1;1;1;1;2;4;8; ; ; ;0,864164454
16732;1;1;1; ;1;1;1;2;1;1;1;1;6; ;1;1;0,864164454
16734;1;1;1; ;1;1;2;1;1;1;1;4;6;15;2;1;0,864164454
16748;1;1;1; ;1;2;2;2;1;1;1; ; ;14;3;2;0,864164454
16777;1;1;1; ;1;1;1;2;2;1;1;4;6; ;1;1;0,864164454
16778;1; ; ; ;2;1;1;1;1;1;3;3;8;15;2;3;0,864164454
16785;1;1;1; ;1;1;1;1;1;1;2;4;8;14;4;2;0,864164454
16790;1;1;1; ;1;1;1;1;1;2;1;8;4;16;1;3;0,864164454
18656;1;2; ;2;2;2;1;1;2;2;2;8;8;15; ; ;0,864164454
18659;1;2; ;1;1;2;1;1;2;2;2;8;8; ;1;1;0,864164454
18660;1; ;1; ;2;1;1;1;2;4;3;8;8;15;3;3;0,864164454
18669;1;1;2; ;1;1;1;1;1;1;1; ; ;14;1;1;0,864164454
19223;1;1;1; ;2;2;2;1;1;1;1;6;6;14;5;5;0,864164454
19226;1;1;1; ;1;2;3;1;1;1;3;7; ;15; ; ;0,864164454
19242;1; ;1; ;2;1;1;1;2;1;1;6;6;12;2;2;0,864164454
19252;1;1;1; ;2;1;1;1;1;1;3;6;8;15;1;1;0,864164454
19735;1;1;1; ;1;2;2;1;1;1;3;6;8;14;3;3;0,864164454
19739;1;1;1; ;2;1;1;1;2;1;1;6;6; ;1;1;0,864164454
19743;1;1;1; ;1;1;1;1;1;1;3;3;8;16;5;5;0,864164454
19756;1;1;1; ;2;1;1;3;2;3;3;8;8;17;5;5;0,864164454
20027;1;1;1; ;1;1;1;1;1;1;3;4;8;15;2;1;0,864164454
20040;1;1;1; ;1;1;1;2;1;1;3; ;8;10;4;4;0,864164454
20043;1;1;1; ;1;1;1;1;5;7;1;9;4;3; ;2;0,864164454
20050;1;1;1; ;1;1;3;1;1;1;1;4;6;16;1;1;0,864164454
20062;1;1;1; ;1;1;1;1;2;1;1;6;5; ;5;2;0,864164454
20110;1;1;1; ;2;1;1;1;2;1;1;7;6; ;2;1;0,864164454
20112;1;1; ; ;1;1;1;1;1;2;2;7;7; ;1;1;0,864164454
20116;1;1;1; ;1;1;1;1;1;1;1;3;6;15;4;4;0,864164454
20133;1;1;1; ;2;1;1;1;1;1;1;4;6;12;1;2;0,864164454
20138;1;1;1; ;1;1;2;1;2;1;3;4;6;14;3;5;0,864164454
20142;1;1;1; ;2;1;2;1;1;6;1;9;7; ;1;1;0,864164454
20208;1;1;1; ;1;1;1;1;1;1;1;6;6;16;4;4;0,864164454
20211;1;1;1; ;2;2;2;1;1;1;7;6; ; ;1;1;0,864164454
20227;1;1;1; ;1;1;1;1;1;1;1; ; ; ;1;1;0,864164454
20229;1;1;1; ;2;1;1;1;1;1;4;6;8; ;1;1;0,864164454
20440;1;1;1; ;2;1;1;1;1;1;1;6;6;16;1;1;0,864164454
20457;1;1;1; ;1;1;1;1;2;1;1;4;2;16;3;3;0,864164454
20458;1;1;1; ;1;1;1;1;1;1;1;2;2;16;2;2;0,864164454
20462;1;1;1; ;1;1;1;2;2;1;1; ;6; ;1;1;0,864164454
20803;1;1;1; ;2;2;3;1;2;1;1;6;6; ;4;4;0,864164454
20812;1;1;1; ;1;1;1;1;1;1;1;4;4;16;2;3;0,864164454
20817;1;2; ;1;2;2;1;1;1;1;1; ; ;18;2;2;0,864164454
20845;1;1;1; ;2;1;2;1;1;1;1; ; ;9;2;2;0,864164454
20846;1;1;1; ;1;1;1;1;4;7;1;9;8; ;1;1;0,864164454
20850;1;1;1; ;1;1;1;1;5;7;1;9;4;14; ;2;0,864164454
20863;1;1;1; ;2;1;1;1;1;1;1;6; ; ;1;1;0,864164454
20867;1;1;1; ;1;1;1;1;1;1;3; ; ; ;1;1;0,864164454
20920;1; ;1; ;2;1;2;1;1; ; ;2;2; ; ; ;0,864164454
20946;1;1;1; ;1;1;1;1;1;1;1;6;6;16;1;4;0,864164454
20949;1;1;1; ;1;1;1;1;1;1;1;7;7;15;4;3;0,864164454
24172;1;1;1; ;1;1;1;1;2;1;1;7;7;15;1;1;0,864164454
24179;1;1;1; ;1;1;1;1;1;5;1; ;2; ;2;1;0,864164454
24187;1;1;1; ;1;1;1;1;1;1;1;6;6;15;4;4;0,864164454
24190;1;1;2; ;1;2;2;2;1;4;1;9;6;15;1;1;0,864164454
24192;1;1;1; ;1;1;1;1;2;6;1;9;7; ; ;1;0,864164454
26224;1;1;1; ;2;1;3;1;1;1;1;2;2;17;2;2;0,864164454
26226;1;1;1; ;1;2;3;1;2;1;1;3;6;15;3;3;0,864164454
26229;1;1;1; ;1;1;1;1;1;1;1;4;5;14;2;1;0,864164454
26234;1;1;1; ;1;2;3;1;2;1;1; ;4;16;1;4;0,864164454
27788;1;1;1; ;1;1;1;1;1;1;3;6;8; ;1;1;0,864164454
27795;1;1;1; ;1;1;1;1;1;1;3;7;8;15;4;4;0,864164454
27798;1; ;2; ;1;1;1; ;1;2;1; ;6;17;3;2;0,864164454
27802;1;1;1; ;1;1; ;1;2; ;1; ;6;13; ;1;0,864164454
27803;1;1;1; ;2;1;1;1;1;1;1;4;6;10;1;1;0,864164454
30569;1; ;1; ;1;1;1;1;2;1;1;4;4;15;1;5;0,864164454
30580;1; ;1; ;2;1;1;1;2;1;1;7;6;12;1;1;0,864164454
30591;1;1;1; ;2;1;2;1;2;1;2;7;8; ;2;2;0,864164454
30604;1;1;1; ;2;2;1;1;1;1; ;7;6;17;1;1;0,864164454
30607;1;1;1; ;1;1;1;1;1;1;2;3;8;15;5;3;0,864164454
30609;1;1;1; ;2;2;1;1;2;1;1;2; ;10;1;1;0,864164454
30614;1;1;1; ;2;1;1;1;2;2;2; ; ; ; ; ;0,864164454
30641;1;1;1; ;1;1;1;1;1;1;1;4;4;16;3;3;0,864164454
30642;1;1;1; ;1;1;1;1;4;1;1;3;5;17;4;4;0,864164454
30657;1;1;1; ;2;1;1;1;2;6;2; ;6;17;1;1;0,864164454
30671;1;1;1; ;1;1;1;1;1;6;6; ; ; ;1;1;0,864164454
30683;1;1;1; ;1;1;1;1;1;1;3;6; ; ;2;1;0,864164454
30721;1;1;2; ;2;2;1;1;2;1;4;7;6; ;1;1;0,864164454
30792;1;1;1; ;1;1;1;1;2;1;2;4;8;15;5;1;0,864164454
30798;1;1;1; ;1;1;1;1;1;1;1;4;6; ;4;4;0,864164454
30802;1;1;1; ;1;1;2;1;1;1;3;7;8;15;3;3;0,864164454
30805;1;1;1; ;2;1;2;1;2;1; ;4;6;16;1;2;0,864164454
30811;1;1;1; ;1;2;2;1;1;1;3;6;8;16;3;3;0,864164454
30815;1;1;1; ;1;1;1;1;2;1;1;4;4;11;2;1;0,864164454
33723;1;1;1; ;1;1;2;1;1;1;1;2;5; ;5;5;0,864164454
33728;1;1;1; ;1;1;1;1;2;1;1;4;4;15;5;4;0,864164454
33730;1;1;2; ;2;2;3;1;2;1; ; ;6;9;4;3;0,864164454
33733;1;1;3; ;1;1;1;1;1;1;1;4;4;12;4;4;0,864164454
36069;1; ;1; ;2;1;1;1;1;1;3;2;8; ;1;1;0,864164454
16554;1;1;1; ;1;1;1;1;1;2;1;2;6;15;5;4;0,864488735
14475;2;1;1; ;1;1;1;1;1;1;1;4;5;13; ; ;0,86460674
21125;2; ;1; ;1;1;2;2;1;1;1;6;5;7; ; ;0,86460674
12985;1;1;1; ;1;1;1;1;1;1;1;7;2;10;5;4;0,864627047
37425;1;1;2; ;1;1;1;1;1;1;1;2;6;10;3;2;0,864627047
40003;1; ;2; ;1;2;2;1;2;1;1;2;5;15;5;4;0,864627047
4631;2;1;1; ;2;2;1;1;1;1;3;6;8;15;3;1;0,864871635
4651;2;1;1; ;1;1;1;1;1;1;1;4; ;16;3;2;0,864871635
6518;2;1;2; ;1;1;1;1;2;1;2; ; ;15; ;3;0,864871635
7886;2;1;2; ;1;2;3;1;1;1;1;4;2;14;3;3;0,864871635
7891;2;1;1; ;1;1;1;1;2;1;1;7;7;15;2;5;0,864871635
7894;2;1;1; ;1;1;1;1;1;1;1;4;4;14;3;3;0,864871635
8262;2; ;2; ;2;2;2;1;2;1;1;7;6;15;3;5;0,864871635
8278;2;1;2; ;1;2;2;1;2;1;1;7;6;16;4;4;0,864871635
15817;2;1;1; ;1;1;1;1;1;1;3;2;8; ;1;1;0,864871635
15843;2;1;1; ;1;1;1;1;2;1;1;7;6;14;5;4;0,864871635
15848;2;1;1; ;1;1;1;1;2;6;1; ;5;16;1;1;0,864871635
15851;2;1;1; ;2;1;2;1;4;7;2;9;8;14; ; ;0,864871635
19436;2;1;1; ;1;2;2;1;2;1;1;7;7;14; ; ;0,864871635
19450;2;1;1; ;1;2;1;1;2;1;1;3;3;15; ; ;0,864871635
19453;2; ;1; ;1;1;1;1;1;1;1; ; ;12;2;3;0,864871635
22426;2;1;1; ;1;1;1;2;2;1;1;5;6;14;3;3;0,864871635
22428;2; ;2; ;2;1;2;1;1;1;1;7;6;17;1;1;0,864871635
22802;2;1;2; ;2;1;2;3;2;1; ;7; ;16; ; ;0,864871635
22931;2; ;1; ;2;1;2;1;1;1;1;2;6;15;1;1;0,864871635
467;1;1;1; ;2;2;1;1;1;1; ; ; ;14; ; ;0,86501049
477;1;1;1; ;1;1;1;1;1;1;1;4;5; ;1;1;0,86501049
1888;1;1;1; ;1;1;2;1;1;1;1;2;4;15;2;2;0,86501049
1898;1; ;1; ;1;1;2;1;2;1; ;7; ;16;5;1;0,86501049
1908;1;1;1; ;1;1;1;1;2;1;1;9;9;16;2;2;0,86501049
5457;1;1;1; ; ;1;2;1;1;1;1;7;6;14;5;4;0,86501049
5460;1;1;1; ;1;1;1;1;2;1;1; ;5; ;4;1;0,86501049
10920;1;1;1; ;1;1;1;1;4;7;3;7;6; ;1;1;0,86501049
10942;1;1;1; ;1;1;1;1;1;1;1;6;6;15;4;4;0,86501049
11511;1;2; ;4;2;1;1;1;1;1;3;2;8; ;1;1;0,86501049
11862;1;1;1; ;1;1;1;2;1;1;1;7;3;11;4;4;0,86501049
12546;1;1;1; ;1;1;2;1;1;1;1;4;6;15;3;2;0,86501049
12559;1; ;2; ;1;1;2;1;4; ; ; ; ;15; ; ;0,86501049
12573;1;1;1; ;1;1;1;1;1;1;1;5;6;15;2;2;0,86501049
12580;1;1;1; ;1;1;2;1;2;1;1; ; ;17;4;4;0,86501049
16635;1; ;1; ;2;1;1;1;1;1;1;6;6;15;3;3;0,86501049
16643;1;1;1; ;2;1;2;1;2;1;1;4;6;16;2;2;0,86501049
16660;1;1;1; ;1;1;1;1;1;1;1;2;2; ;2;2;0,86501049
16990;1;1;1; ;2;1;1;1;2;1;1;6;6;13;2;2;0,86501049
17005;1;1;1; ;1;1;1;1;1;1;1;2;2;6;2;2;0,86501049
17009;1;1;1; ;1;1;1;2;1;1;1;2;6;14;2;2;0,86501049
17012;1;1;1; ;1;3;3; ;1;1;1;6;6;14;2;1;0,86501049
17656;1;1;1; ;1;1;1;1;1;1;1;6;6;13;3;3;0,86501049
17672;1;1;1; ;1;1;1;1;1;1;3; ;9;15;1;1;0,86501049
17680;1;1;1; ;2;1;2;1;1;1;1;7;7; ;2;2;0,86501049
31118;1;1;1; ;1;1;1;1;1;2;1;8;6;12;2;2;0,86501049
31137;1;1;1; ;1;1;1;1;1;1;3;3;8;13;3;1;0,86501049
31141;1;1;1; ;2;1;1;1;1;1;1;6;6;11;1;1;0,86501049
31151;1;1;1; ;2;1;2;1;1;1;1;1;6; ;4;4;0,86501049
43998;1;1;1; ;1;1;1;1;2;1;1;7;6;9;4;4;0,86501049
10161;2;1;1; ;1;1;1;1;1;1;3;7;8; ;5;1;0,865598975
10174;2;1;1; ;2;1;1;1;1;1;1;6;2; ;5;4;0,865598975
10186;2;1;1; ;1;1;1;1;1;1;1;7;6;11;2;4;0,865598975
10509;2;1;1; ;2;1;2;2;2;1;1;7;6; ;2;1;0,865598975
10514;2; ;2; ;2;2;2;2;1;2;1; ; ;15;5;5;0,865598975
10527;2;1;1; ;1;2;2;1;1;1;3;2;8;16;2;2;0,865598975
10543;2;1;1; ;2;1;1;1;1;1;1;7; ; ;2;2;0,865598975
10545;2;1;1; ;1;1;1;1;2;1;2;6;6;16;4;1;0,865598975
14496;2;1;1; ;1;1;1;1;2;4;1;2;2;15;3;1;0,865598975
14506;2;1;1; ;1;1;1;1;2;5;4;7;8; ;1;1;0,865598975
14516;2;1;1; ;1;1;1;1;2;1;1;6;6;16;5;4;0,865598975
14528;2;1;1; ;2;1;1;1;1;1;3;6;8;15;2;2;0,865598975
14529;2;1;1; ;1;1;1;1;1;1;1;4;6;10;2;2;0,865598975
20478;2;1;1; ;2;1;1;2;4; ;1; ;6;15; ;2;0,865598975
20482;2; ;1; ;1;1;1;1;1;1;1;6;6;16;5;5;0,865598975
20498;2;1;1; ;1;1;1;1;2;1;1;4;4;14;5;5;0,865598975
20509;2;1;1; ;1;1;1;1;1;1;3;7;8; ;1;1;0,865598975
20518;2;1;1; ;1;1;1;1;2;1;1;6;6;16;4;3;0,865598975
39083;2;1;1; ;1;1;1;1;1;1;1;5;7;15;2;2;0,865598975
39089;2;1;1; ;1;1;2;1;1;1;1;5;2;15;5;4;0,865598975
39092;2;1;1; ;2;1;3;1;1;1;1; ; ;15;3;1;0,865598975
39109;2;1;1; ;1;1;1;1;1;1;1;4;6;15;3;3;0,865598975
39118;2;1;1; ;2;1;1;1;1;1;1;2;4;13;5;5;0,865598975
40639;2;1;1; ;2;1;1;1;1;1;1;3;6;17;3;1;0,865598975
40647;2;1;1; ;1;1;1;1;2;1;2;4;8;13;2;2;0,865598975
40662;2;1;3; ;1;1;1;1;1;1;1;2;3;15;5;2;0,865598975
40665;2; ;1; ;1;1;1;1;1;1;1;5;6;16;3;3;0,865598975
40678;2; ;1; ;1;1;1;1;1;1;3;6;8;13;4;3;0,865598975
42745;2;1;1; ;1;1;1;1;2;1;1;4;6;8;5;4;0,865598975
42747;2;1;1; ;1;1;1;1;1;3;2;7;8; ;1;1;0,865598975
42751;2;1;1; ;1;1;1;1;1;1;1;6;6;15;4;4;0,865598975
42753;2;1;1; ;1;1;1;1;1;1;1;7; ;14;3;3;0,865598975
42755;2;1;1; ;1;1;1;1;2;2;1;8;6;14;5;5;0,865598975
42758;2;1;1; ;1;1;1;1;1;1;1;6;6; ;2;2;0,865598975
42761;2;1;1; ;2;1;1;2;2;1;3;5;6;15;4;4;0,865598975
42765;2;1;1; ;1;1;1;1;1;1;1; ;6;17;4;4;0,865598975
42786;2;1;1; ;1;1;1;1;2;1;1;6;3;16;4;1;0,865598975
42797;2;2; ; ; ;3;3;1;1;1;1;2;2;17; ; ;0,865598975
42799;2;1;1; ;2;2;2;1;1;1;3;6;8; ;1;1;0,865598975
15344;2;1;1; ;2;1;1;1;2;2;4;8;8;14;5;5;0,866452585
28175;2;1;1; ;2;2;2;1;1;1;3;3;8;15;4;4;0,866452585
8579;2;2; ;2;1;1;1;1;2;1;2;7;8;16;3;3;0,866799962
29706;2;1;1; ;1;1;1;1;1;1;1;5;6;15;4;4;0,866801077
29715;2; ;1; ;1;1;2;1;1;4;3; ;8;16;2;1;0,866801077
29720;2;1;1; ;1;1;1;1;1;1;5;7;6;16;2;1;0,866801077
29723;2;1;1; ;2;1;1;1;1;1;1;7;7; ;1;1;0,866801077
29730;2;1;1; ;1;1;1;1;1;2;2;4;4;15;4;4;0,866801077
29737;2;1;1; ;2;2;2;1;1;1;1;7;5;17;2;2;0,866801077
29743;2;1;1; ;1;1;1;1;1;1;1;4;6;16;1;5;0,866801077
29747;2;1;1; ;1;1;1;1;1;1;2;7;8;16;3;2;0,866801077
29751;2;1;1; ;1;1;1;1;5;1;7;6;9; ;1; ;0,866801077
29794;2;1;1; ;1;1;1;1;5;1;1;6;6;16;1;1;0,866801077
31401;2; ;1; ;1;1;1;1;1;1;1;3;2;16;3;3;0,866801077
31417;2;1;1; ;1;2;2;1;1;2;1;8;6;10;4;4;0,866801077
31419;2;1;1; ;1;1;1;1;1;1;3;6;8;16;5;1;0,866801077
31448;2;1;1; ;2;2;1;1;4;1; ;3;9;15;4; ;0,866801077
31450;2;1;1; ;1;1;1;1;1;5;3;8;8;16;4;1;0,866801077
31453;2;1;1; ;2;1;2;1;2; ;3; ; ;17; ;2;0,866801077
31464;2;1;1; ;1;1;1;2;1;1;1;4;2;13; ; ;0,866801077
31488;2;1;1; ;1;1;1;1;1;1;1;7;6; ;3;1;0,866801077
31498;2; ;1; ;1;1;1;1;1;1;1;7;6; ;3;1;0,866801077
31510;2;1;1; ;1;1;1;1;1;1;1;3;6; ;4;2;0,866801077
31519;2;1;1; ;2;1;1;1;1;1;3; ; ; ;2;1;0,866801077
31527;2;1;1; ;1;1;1;1;2;7;1;9;6; ; ;3;0,866801077
31530;2;1;1; ;1;1;1;1;2;1;1;4;4;16;1;2;0,866801077
31533;2;1;1; ;2;1;2;1;2;4;3; ; ;16; ;1;0,866801077
31535;2;1;1; ;1;1;1;1;2;1;1;7;7;16;1;1;0,866801077
31568;2;1;1; ;1;1;1;1;1;1;1;3;2;10;4;4;0,866801077
31588;2;1;1; ;1;1;1;1;1;1;1;6;7;15;3;1;0,866801077
31606;2;1;1; ;1;1;1;1;1;1;1;1;1;16;2;1;0,866801077
31610;2;1;1; ;1;1;1;1;1;1;1;5;6;14;3;3;0,866801077
31719;2;1;1; ;2;1;1;3;2;6;3;8;8; ;1;1;0,866801077
31721;2;1;1; ;1;1;1;1;1;1;1;4;6;14;1;1;0,866801077
31725;2;1;1; ;1;1;1;1;1;4;1;5;5; ;4;4;0,866801077
31730;2;1;1; ;2;1;1;1;1;1;1;5;6;15;3;3;0,866801077
31737;2;1;1; ;1;1;1;1;5;1;1;2;5;15;5;4;0,866801077
31741;2;1;1; ;1;1;2;1;5;7;1;9;6;15; ;1;0,866801077
31751;2;1;1; ;2;2;2;1;1;1;1;7;5;17;1;1;0,866801077
31752;2;1;1; ;1;1;1;1;1;1;3;6;8;16;1;1;0,866801077
31762;2;1;3; ;1;1;1;1;2;6;1;8;6;16;1;1;0,866801077
31775;2;1;1; ;1;2;3;1;1;1;1;3; ;16;2;2;0,866801077
31788;2; ;1; ;1;1;2;1;1;1;1;7;5;16;2;1;0,866801077
31801;2;1;1; ;2;2;2;1;2;6;6;8;8;16;1;1;0,866801077
31820;2;1;1; ;1;1;2;1;1;4;1;8;6;16;2;2;0,866801077
31822;2;1;1; ;1;1;1;1;1;5;1; ;6;14;3;3;0,866801077
31823;2; ;1; ;1;1;1;1;2;1;1;7;6;15;2;1;0,866801077
31835;2;1;1; ;1;1;1;1;2;1;1;4;4;16;3;2;0,866801077
31838;2;1;3; ;1;1;1;1;1;1;1;4;4;15;4;4;0,866801077
31851;2;1;1; ;1;1;2;1;1;1;1;7;7;13;3;1;0,866801077
31855;2;1;1; ;1;1;1;1;2;2;1;2;4;14;3;3;0,866801077
31857;2;1;1; ;1;1;1;2;1;1;1;7;4;14;2;2;0,866801077
31864;2;1;1; ;2;1;1;1;1;1;3;7;8;16;2;2;0,866801077
32604;2;1;1; ;1;1;1;1;1;2;1; ;5;15;4;4;0,866801077
32609;2;1;1; ;1;1;1;1;2;1;6;7;9;16; ; ;0,866801077
33356;2;1;1; ;1;1;1;1;1;1;1;7;6; ;5;1;0,866801077
33429;2;1;1; ;1;1;1;1;1;1;1;2;2; ;4;4;0,866801077
33454;2;2; ;2;1;1;1;1;1;1;1;7;6;15;2;1;0,866801077
33459;2;1;1; ;1;1;2;1;2;1;2;7;8;16;2;1;0,866801077
33465;2;1;1; ;2;1;2;1;1;1;3;6;8; ;2;2;0,866801077
33469;2;1;1; ;2;1;2;1;2;1;4;6;5;17;5;3;0,866801077
33470;2;1;1; ;1;1;1;1;1;1;1; ; ;16;4;2;0,866801077
33491;2;1;1; ;2;3;3;3;1;6;6;8;8;13; ;2;0,866801077
33501;2;1;1; ;1;1;1;1;1;1;1;6;6;15;4;4;0,866801077
33523;2;1;1; ;2;1;1;1;1;1;3;3; ;16;5; ;0,866801077
33631;2;1;1; ;1;1;1;1;1;1;4;4;4;11;4;4;0,866801077
33645;2;1;2; ;1;2;3;1;1;1;3;2;8;15;5;5;0,866801077
33652;2;1;1; ;1;1;1;1;1;1;4;4;6;16;4;4;0,866801077
33655;2;1;1; ;1;1;2;1;1;1;1;7;6;16;3;1;0,866801077
33677;2; ;1;4;1;1;1;1;1;1;1; ; ; ;4;2;0,866801077
33683;2; ;1; ;1;1;1;1;2;1;7;2; ; ;1;1;0,866801077
33685;2;1;1; ;1;2;1;1;1;1;1;6;6;16;4;2;0,866801077
37929;2;1;1; ;1;1;1;1;1;1;1;2;6; ;2;1;0,866801077
37979;2;1;2; ;1;1;2;1;1;1;1;2;6;14;4;4;0,866801077
37980;2;1;1; ;1;1;1;1;1;1;3; ; ;14;5;1;0,866801077
37986;2;1;1; ;1;1;1;1;2;1;1;6;6;14;1;4;0,866801077
37988;2;1;1; ;1;1;1;1;1;1;1;7;7;16;2;1;0,866801077
37989;2;1;1; ;2;1;1;1;1;1;3;7;8;15;1;1;0,866801077
38177;2;1;1; ;1;1;1;1;1;1;1;4;4;14;4;3;0,866801077
38183;2;1;1; ;1;1;1;1;2;1;1;5;5;15;3;3;0,866801077
38197;2;1;1; ;1;2;2;1;1;1;1;6;6;14;4;1;0,866801077
38204;2;1;1; ;1;1;1;1;2;1;1;2;2;15;3;2;0,866801077
38748;2;1;1; ;1;1;1;1;1;1;1;7;6;14;4;4;0,866801077
38830;2;1;1; ;1;2;3;1;5;3;1;8; ;16; ;4;0,866801077
38834;2;1;1; ;1;1;1;1;2;1;1; ; ; ;1;1;0,866801077
38844;2;1;1; ;1;1;1;1;1;5;1;7;7;14;1;4;0,866801077
38845;2;1;1; ;2;2;2;1;1;1;1;7;7; ;2;2;0,866801077
38847;2;1;2; ;2;1;1;1;1;1;3;7;8;16;1;1;0,866801077
38858;2;1;1; ;1;1;2;1;1;1;2;2;6;15;4;4;0,866801077
38862;2;1;1; ;1;1;1;1;4;7;1;9;6;15; ;1;0,866801077
38868;2;2; ;1;2;1;1;1;1;1;3;7;8; ; ; ;0,866801077
38914;2;1;1; ;1;1;1;1;1;1;3;2;8;14;5;1;0,866801077
38919;2; ;1; ;1;1;1;1;1;1;1;7;7;15;1;1;0,866801077
38923;2;1;1; ;1;1;1;1;4; ;1;9;4;15; ;3;0,866801077
38930;2;1;1; ;1;1;1;1;1;1;4;5;4;13;4;4;0,866801077
38942;2;1;1; ;2;3;2;1;1;1;3;7;8;16;1;2;0,866801077
38950;2;1;1; ;1;1;1;1;4;7;3;9;5;14; ;2;0,866801077
39269;2;1;1; ;1;1;1;1;1;1;1;6;6;16;4;4;0,866801077
39272;2;1;1; ;2;1; ;1;2;1;1;4;3;16;3;2;0,866801077
39274;2;1;1; ;1;1;1;1;1;1;1;5;6;15;4;4;0,866801077
39286;2;1;1; ;1;1;1;1;1;1;1;4;6;16;4;2;0,866801077
39295;2;1;1; ;2;1;1;1;2;1;1;6;5; ;4;3;0,866801077
39460;2;1;1; ;2;1;1;1;1;1;1;3;6;17;3;3;0,866801077
39465;2; ;1; ;2;1;1;1;2;7;1;9;6; ; ;1;0,866801077
39470;2;1;1; ;1;1;1;1;1;4;1;8;7; ;4;4;0,866801077
39473;2;1;1; ;2;2;2;1;2;1;3; ; ; ;1;1;0,866801077
39479;2;1;1; ;1;1;1;1;2;1;1;6;7; ;2;2;0,866801077
39797;2;1;1; ;1;1;2;1;2;4;3;7;5;13; ; ;0,866801077
39822;2;1;3; ;1;1;2;1;5;1;1;7;6; ;1;1;0,866801077
39825;2;1;3; ;1;1;1;1;1;1;1;1;6;16;3;3;0,866801077
39830;2;1;1; ;1;1;1;1;1;1;1;6;6;14;2;2;0,866801077
39835;2;1;1; ;2;1;1;1;2; ;1; ;6;17; ;1;0,866801077
39843;2;1;1; ;1;1;1;2;1;1;3;5;8;16;5;2;0,866801077
39852;2;1;1; ;1;1;1;1;2;1;1;6;6;15;4;4;0,866801077
39862;2;1;1; ;2;2;2;1;1;1;1; ; ;16;3;3;0,866801077
39871;2;1;1; ;1;2;1;1;2;2;2; ; ; ;2;2;0,866801077
39878;2;1;1; ;1;2;2;1;1;1;1;5;6;14;1;1;0,866801077
39883;2;1;1; ;1;1;1;1;2;1;1;4;4; ;3;3;0,866801077
39889;2;1;1; ;1;1;1;1;1;1;1;7;7;15;2;2;0,866801077
40818;2;1;1; ;1;1;1;1;1;1;1;5;5; ;1;1;0,866801077
41811;2;1;1; ;1;2;1;1;1;1;1;7;5;16;4;4;0,866801077
41833;2; ;1; ;2;1;2;1;4;1;7; ;9; ;1;1;0,866801077
41842;2; ;1; ;1;1;1;1;1;1;3;7;8; ;4;1;0,866801077
41850;2;1;1; ;2;1;1;1;2;1;1;6;2;15;3;3;0,866801077
41854;2;1;1; ;1;1;1;1;1;1;3;7; ;16;1;1;0,866801077
41856;2;1;1; ;1;1;2;1;2;1;1;4;6; ;3;3;0,866801077
41860;2;1;1; ;1;1;1;1;1;1;1;7;5; ;1;1;0,866801077
43170;2;1;1; ;2;2;2;1;4;5;7;9;9;16;2;1;0,866801077
43173;2; ;1; ;1;1;1;1;1;1;1;4;6;15;4;3;0,866801077
43178;2;1;1; ;1;1;1;1;2;1;2;7;6;16;4;2;0,866801077
43181;2;1;1; ;1;2;2;1;2;1;1;6;6; ;2;3;0,866801077
43183;2;1;1; ;1;1;1;1;1;1;3;7;8;14;1;1;0,866801077
434;1;1;1; ;2;1;1;1;1;1;3;4;8;15;1;1;0,8679181
6282;1;1;1; ;1;1;2;1;4;7;4;9; ;15;1;1;0,8679181
8658;1;2; ;1;1;1;1;1;1;2;2;8;8;13;2;2;0,8679181
8684;1; ;1; ;1;2;2;1;4;7;1;9;6;8;1;1;0,8679181
8687;1;1;1; ;1;1; ;2;1; ;1;7;2;14;2;2;0,8679181
10604;1;1;1; ;1;1;1;1;2;1;1;6;2;16;3;1;0,8679181
12085;1;1;1; ;1;1;1;1;1;1;1;2;2;15;3;3;0,8679181
12108;1;1;1; ;2;1;1;1;1;1;1;6;5;15;3;3;0,8679181
14431;1;1;1; ;1;1;1;1;1;5;1;2;2;10; ; ;0,8679181
16791;1;1;1; ;1;1;1;1;1;1;4;7;8;15;1;5;0,8679181
18644;1;2; ;4;1;1;1;1;2;1;1;2;6;15;4;3;0,8679181
18666;1;1;1; ;1;1;2;1;1;1;1;6;6;15;2;2;0,8679181
19727;1;1;1; ;1;1;1;1;2;1;1;6;6;12;3;3;0,8679181
20056;1;1;1; ;1;1;2;2;2;1;1;2;2;14;1;4;0,8679181
20059;1;1;1; ;1;1;1;1;1;1;3;2; ;15;2;1;0,8679181
20147;1;1;2; ;2;2;2;1;4;3;7;2;9;16;1; ;0,8679181
20231;1; ;1; ;2;1;2;1;1;1;1;6;6;16;3;3;0,8679181
20433;1;1;1; ;1;1;1;1;1;1;3;3;8;14; ; ;0,8679181
20475;1;1;1; ;1;1;1;1;2;1;1;6;4;15;1;1;0,8679181
24193;1;1;1; ;2;1;2;1;2;1;1;6;6;14;3;3;0,8679181
26239; ;1; ;2;2;2;2;1; ;6;2; ; ; ;1;1;0,8679181
27808;1;1;1; ;2;2;2;1;1;4;1; ;6;13;3;3;0,8679181
30561;1;1;1; ;1;1;1;1;1;1;1;4;4;12;3;3;0,8679181
30622;1;1;1; ;2;1;1;1;2;1;1;4;6;15;4;4;0,8679181
30637;1; ;1; ;1;1;1;1;1;1;1;6;4;16;1;4;0,8679181
30650;1;1;3; ;1;1;1;1;1;1;3;4;8;14;4;3;0,8679181
30651;1;1;1; ;2;1;3;1;1;2; ;8;8;15;1;1;0,8679181
33713;1;2; ;1;1;1;2;1;2;4;1;7;6;14;1;1;0,8679181
33719;1;1;1; ;2;1;2;1;2;1;2;6;7; ;3;3;0,8679181
36056;1;1;1; ;1;1;1;1;1;2;2;8;8; ;1;1;0,8679181
36077;1;1;1; ;2;1;1;1;2;1;1; ; ;16;1;1;0,8679181
5312;1;1;1; ;1;1;2;1;2;1;1;2;6;8;5;2;0,86824379
17985;1;1;1; ;2;1;2;1;2;2;1;6;5;15; ; ;0,86824379
6117;2;1;1; ;1;1;1;1;2;7;4;9;8;13;1;5;0,868362307
17743;2;1;1; ;1;1;1;2;2;5;2;6;6;16;1;4;0,868619114
466;1;1;2; ;2;3;3;1;1;1;1;2; ;15; ; ;0,868767811
487;1;1;1; ;2;1;1;1;1;1;1;2;6;14;2;1;0,868767811
5488;1;2; ;1;2;1;1;1;2;4;2;7;6;15;1;1;0,868767811
10936;1;2; ;4;1;1;1;1;2;1;4;7; ;15;4;4;0,868767811
16640;1;1;1; ;1;1;2;1;2;1;1; ;7;15;1;1;0,868767811
17010;1;1;2; ;2;2;2;1;2;1;1;7;5; ;4;2;0,868767811
17013;1;2; ;2;1;1;2;1;4; ;1; ; ;10;1;2;0,868767811
17674;1;1;2; ;2;1;1;1;1;1;1;7;7;13;1;1;0,868767811
4612;1;1;2; ;1;1;1;1;1;1;2;7;8;15;2;2;0,869060889
4614;1;1;1; ;1;1;1;1;1;1;1;7;6;15;5;5;0,869060889
4623;1;1;2; ;1;2;2;1;1;4;1;7;4; ;4;2;0,869060889
4637;1;1;1; ;1;1;1;1;1;1;1;4;6;16; ; ;0,869060889
4646;1;1;1; ;1;1;1;1;1;1;1;4;4;12;4;1;0,869060889
4652;1;1;1; ;1;2;2;1;2;1;1;6;5;14;5;5;0,869060889
5661;1;1;1; ;1;1;1;1;1;1;2; ;8;14;3;3;0,869060889
5667;1;1;1; ;2;1;1;1;2;1;6; ; ; ; ; ;0,869060889
5669;1; ;1; ;2;1;2;1;1;1;1;4;6;15;4;4;0,869060889
5671;1;1;1; ;1;1;1;1;1;1;1;6;6; ;2;2;0,869060889
5674;1;1;1; ;1;1;1;1;2;4;3;7;8;15;1;2;0,869060889
5677;1;1;1; ;2;1;1;1;2;1;1;2; ;14; ; ;0,869060889
6506;1;1;3; ;1;1;1;1;1;1;1;4;5;13;5;1;0,869060889
6517;1;1;1; ;1;1;1;1;1;1;1;3;5;15;2;2;0,869060889
6534;1;1;1; ;2;1;1;1;2;6;1;9;6;15; ;2;0,869060889
6544;1;1;1; ;1;1;1;1;1;1;1;4;4;12;5;3;0,869060889
6546;1;1;1; ;1;1; ;1;2;1;1;7;6;12;3;3;0,869060889
6551;1;1;1; ;1;1;1;1;1;1;1;7;7;14;4;2;0,869060889
6554;1;1;1; ;1;1;2;1;1;1;1;6;5;13;2;2;0,869060889
7904;1;1;1; ;1;1;1;1;1;1;1;4;4;14;4;4;0,869060889
7922;1;1;1; ;1;1;1;1;1;1;1;4;4;14;3;3;0,869060889
8250;1;1;2; ;1;1;1;1;2;1;1;2;6;15;2;1;0,869060889
8252;1; ;1; ;1;1;2;1;1;1;1;7;6;14;1;1;0,869060889
8254;1;1;1; ;1;1;1;1;1;1;1;4;4;16;2;2;0,869060889
8276;1;1;1; ;1;1;3;1;1;1;1;6;6;15;5;3;0,869060889
8279;1; ;1; ;1;2;1;1;4;1;7;6;9;16;2;1;0,869060889
8285;1;1;1; ;1;1;1;1;1;1;1;4;4; ;1;1;0,869060889
14288;1; ;2; ;2;2;2;1;2; ;1; ; ; ;2;3;0,869060889
14298;1;1;1; ;1;2;2;1;1;1;1;7;7;16;1;1;0,869060889
14309;1;1;1; ;1;1;1;1;4;7;1;9;6;15;1;1;0,869060889
14319;1;1;1; ;1;1;1;1;2;1;1;5;5;14;3;3;0,869060889
14320;1;1;1; ;1;1;1;1;2;1;1;7;7;14;2;2;0,869060889
14335;1;1;1; ;1;1;1;1;1;5;3;7;8; ;1;1;0,869060889
15807;1;1;1; ;2;1;1;1;2;1;1; ; ; ;2; ;0,869060889
15830;1;1;2; ;1;2;2;1;1;1;1;7;6; ;5;5;0,869060889
15844;1;1;1; ;2;1;1;1;1;1;1; ; ; ;1;1;0,869060889
15845;1;2; ;1;2;1;1;1;1;1; ; ; ; ;1;1;0,869060889
19430;1;1;1; ;1;1;1;1;2;1;2;2;8;17;1;2;0,869060889
19437;1;1;1; ;2;1;1;1;2;1;1;6;6; ;3;1;0,869060889
19441;1;1;1; ;2;1;1;1;1;1;1; ; ;17;2;2;0,869060889
19460;1;1;1; ;1;1;1;1;1;1;1;2;6;14;2;2;0,869060889
19464;1;1;1; ;1;1;1;1;1;1;3;7;8; ;3;2;0,869060889
22281;1;1;1; ;1;2;1;1;2;2;4;7;7; ;1;1;0,869060889
22412;1;1;1; ;1;2;2;1;1;1;3;7;8; ;1;1;0,869060889
22415;1;1;1; ;1;1;1;1;1;1;1; ;2;17;3;1;0,869060889
22418;1;1;1; ;1;1;1;1;1;1;1;4;6;5;5;5;0,869060889
22430;1;2; ;1;1;1;1;1;2;7;1;9;6;16;1;1;0,869060889
22433;1;1;1; ;2;1;1;1; ;7;1;9;5;13; ;4;0,869060889
22454;1;1;1; ;2;1;1;1;1;1;2;2;8; ;1;1;0,869060889
22455;1;1;3; ;1;1;1;1;2;1;3;5;8;13;5;5;0,869060889
22788;1;1;1; ;2;2;3;1;1;2;1;8;7;15;4;3;0,869060889
22796;1;1;1; ;1;1;1;1;2;1;4;5;6; ;1;1;0,869060889
22798;1;1;1; ;1;1;2;1;1;1;1;3;2;16;2;2;0,869060889
22811;1;1;1; ;2;2;3;5;2;1;2;4;4; ;5;1;0,869060889
22815;1; ;2; ;2;1;1;1;1;1;1;2;2; ; ; ;0,869060889
22818;1;1;1; ;1;1;1;1;2;1;1; ;6; ;1;1;0,869060889
22924;1;1;1; ;1;1;1;1;2;1;2;5;8;16;5;1;0,869060889
22939;1;2; ;2;2;1;1;1;2; ;3; ;8; ;1;1;0,869060889
22957;1;1;2; ;1;1;1;1;5; ;3; ;6; ; ;2;0,869060889
22963;1; ;1; ;1;1;1;1;2;1;1;7;6;14;4;2;0,869060889
31209;1;1;1; ;1;1;1;1;1;1;1;5;6;12;4;3;0,869060889
31213;1;1;1; ;1;1;1;1;1;1;1;4; ;13;1;2;0,869060889
31215;1;1;2; ;2;2;2;1;2;1;7;6;9;12;1; ;0,869060889
31217;1;1;1; ;1;1;1;1;1;1;1;7;6;14;5;2;0,869060889
31239;1;1;1; ;1;1;1;1;2;1;1;2;5;16;1;1;0,869060889
10177;2;1;1; ;1;1;1;1;1;1;1;2;5;15;2;2;0,869358852
14499;2;1;1; ;1;1;1;1;2;1;1; ; ;14;3;3;0,869358852
14508;2;1;1; ;2;2;2;3;2;1;3;7;8;16;5;5;0,869358852
14535;2;1;1; ;1;1;1;1;1;1;1;2;4;15;5;5;0,869358852
20512;2; ;1; ;1;1;1;1;1;1;1;3;5;16;2;1;0,869358852
39084;2; ;1; ;1;1;1;1;2;1;1;5;6; ;5;1;0,869358852
39122;2;1;1; ;1;1;1;1;1;1;1;5;5;14;5;4;0,869358852
42788;2;1;1; ;1;1;1;1;2;1;1;7;6;15;5;5;0,869358852
42819;2;1;1; ;1;1;1;1;1;1;1;4;4;15;4;4;0,869358852
29703;2; ;1; ;1;1;2;1;2;1;2;6;8;10;4;3;0,870566176
29780;2;1;1; ;2;1;1;1;2;1;1;6;6;16;1;2;0,870566176
31466;2; ;1; ;1;1;1;1;1;1;1;7;6;15;5;5;0,870566176
31562;2;2; ;2;2; ;2;1;1;2;3;8;8;16;1;1;0,870566176
31603;2; ;1; ;2;1;1;1;1;1;1;6;6;15;5;3;0,870566176
31609;2;1;2; ;2;1;1;1;2;2;1;8;6;15;5;4;0,870566176
31716;2;1;1; ;2;1;1;5;2;4;6;8;9;16;4; ;0,870566176
31744;2; ;1; ;2;1;1;1;1;2;3; ; ;14;4;4;0,870566176
31793;2;1;1; ;1;1;1;1;2;1;1;4;6; ;1;1;0,870566176
31825;2;1;1; ;1;1;1;1;2;7;1;9;6; ; ;1;0,870566176
31858;2;1;1; ;1;2;1;1;1;1;1;7;6; ; ; ;0,870566176
32593;2;1;1; ;1;1;1;1;1;1;3;4; ;15;5;5;0,870566176
33495;2;1;1; ;2;1;1;1;2;4;1;8;6;16;4;4;0,870566176
33496;2; ;1; ;1;1;1;1;1;1;1;3;3;15;1;1;0,870566176
33508;2;2; ;2;1;1;1;1;1;1;2; ; ;16;1;1;0,870566176
33675;2;2; ;2;2;2;2;1;2;1;2;6;8;15;3;3;0,870566176
37931;2;1;1; ;1;1;2;1;2;1;1;6;6;15;2;1;0,870566176
37952;2;1;1; ;2;1;2;1;2;7;3;9;8;15; ;2;0,870566176
37981;2;1;1; ;2;1;1;1;1;2;3;8;8;14;5;5;0,870566176
38832;2; ;2; ;1;1;1;1;2; ;1; ;5;16; ;2;0,870566176
39522;2; ;1; ;1;1;1;1;1;1;4;6;9;15;5;5;0,870566176
39817;2;1;1; ;2;1;1;1;2;1;1;2;2;15;1;4;0,870566176
39855;2;2; ;2;1;2;2;3;2;1;7;6;9;16; ; ;0,870566176
43179;2;1;1; ;2;1;1;1;1;1;2; ; ;16;4;1;0,870566176
11967;2;1;2; ;2;2;2;1;2;1;1;7;6;12; ; ;0,871112129
7277;2;1;1; ;1;1;1;1;2;2;3;8;8;15;1;1;0,871531803
4960;1;1;1; ;1;1;1;1;2;1;1;4;4;13;4;4;0,872469026
4982;1;1;1; ;1;1;1;1;2;1;2;4;8;14;5;5;0,872469026
4983;1;1;2; ;2;1;1;1;2;1;1;7;6;13; ; ;0,872469026
4997;1;1;1; ;1;1;2;2;1;1;1;7; ;6;2;2;0,872469026
5003;1; ;2; ;1;1;1;1;1;1; ;7; ;17;1;1;0,872469026
5043;1;1;1; ;2;1;2;1;2;1;2;1; ; ;1;1;0,872469026
16482;1;1;1; ;1;1;1;1;2;1;1;7;6;14;3;4;0,872469026
21617;1;1;1; ;1;1;1;2;1;1;1;6;6;10;2;1;0,872469026
21625;1;1;1; ;1;1;1;1;1;1;1;5;5;16;2;1;0,872469026
21627;1;1;1; ;2;1;2;1;1;1;1;7;6;15;2;2;0,872469026
21630;1;1;2; ;2;1;1;1;1;1;3;7;7;11;4;1;0,872469026
21638;1;1;1; ;1;1;1;1;1;2;2;7;5;16;1;1;0,872469026
22827;1;1;1; ;1;1;1;1;1;1;3;5;8;14;3;2;0,872469026
22859;1;1;1; ;1;1;1;1;1;1;1;6;6;13;5;5;0,872469026
22864;1;1;1; ;1;1;1;1;1;1;1;7;7;14;2;2;0,872469026
22875;1;2; ;2;2;1;1;1;2;1;2;6;8; ;1; ;0,872469026
22876;1;1;1; ;1;1;2;1;1;1;1;7; ; ;2;2;0,872469026
22884;1;1;2; ;1;1;1;1;1;1;1;5;6; ;1;2;0,872469026
22897;1;1;1; ;1;1;1;1;1;1;1;7;6;15;2;2;0,872469026
22900;1;1;1; ;2;1;1;1;2;1;6;4;9;17;1;4;0,872469026
22904;1;1;2; ;1;1;1;1;2;1;1;7;6;16;2;1;0,872469026
39043;1;1;1; ;1;1;1;2;2;1;1;6;6;14;3;2;0,872469026
39047;1;1;1; ;2;1;1;1;4;1;7;5;9;15; ; ;0,872469026
39051;1;1;1; ;1;1;1;2;1;1;1;6;6;15;4;3;0,872469026
39067;1;1;1; ;1;2;3;2;1;1;1;7;7;12;2;2;0,872469026
39991;1;1;1; ;1;1;1;1;2;4;1;7;6;15;3;3;0,872469026
40001;1;1;2; ;1;1;1;1;2;5;1;6;5;14;2;1;0,872469026
41309;1;1;1; ;1;1;1;1;1;5;3;8;8;13;3;3;0,872469026
41329;1; ;1; ;1;1;1;1;1;1;1;7;5;14;3;3;0,872469026
41337;1;2; ;1;2;1;2;1;1;3;3;8;8;14;1;1;0,872469026
41343;1;1;1; ;1;1;2;2;1;1;1;7;5;16;2;2;0,872469026
41358;1;1;2; ;2;2;2;1;1;1;1;7;6;10;3;3;0,872469026
41385;1;1;1; ;1;1;1;1;1;5;1;8;6;16;4;1;0,872469026
41387;1;1;1; ;1;1;1;1;1;1;1;7;6; ;1;1;0,872469026
41427;1;1;1; ;1;3;1;1;1;1;1;7; ;16;1;1;0,872469026
41440;1;1;2; ;1;2;3;1;1;1;1;7;6;13;3;3;0,872469026
41456;1;1;1; ;1;1;1;1;1;1;1;6;6;16;2;1;0,872469026
7905;1;1;1; ;1;2;2;1;1;1;1;5;4;14;2;2;0,872835804
8240;1;1;1; ;1;2;2;1;1;1;1;7;7; ; ; ;0,872835804
15821;1;1;1; ;1;1;1;1;1;1;1;6;5;15;1;1;0,872835804
22407;1;1;1; ;1;2;2;1;1;1;1;4;4;15; ; ;0,872835804
22446;1;1;1; ;1;1;2;1;2;1;1;6;6;14;3;3;0,872835804
22777;1;1;1; ;1;1;1;1;1;1;1;5;5;16;2;2;0,872835804
22937;1; ;2; ;2;1;1;1;1;1;1;2;2;15; ; ;0,872835804
22945;1;1;1; ;2;1;2;1;1;4;1;8;6;15; ; ;0,872835804
24210;1;1;1; ;2;2;2;1;1;1;1;5;6;10; ; ;0,872875551
20708;1;1;1; ;1;1;1;1;1;1;4;4;5;12;4;4;0,87312012
734;1;1;1; ;1;1;1;1;1;1;1;7;5;14;3;3;0,873763144
7111;1;1;1; ;1;1;1;1;2;1;1;4;4;12;4;3;0,873763144
548;1;1;2; ;2;3;3;1;2;1;1;2;6;16;1;1;0,873794343
564;1;2; ;3;1;1;1;1;1;2;1;4;4;14;4;4;0,873794343
565;1;1;1; ;1;1;1;1;1;1;1;7;7; ;3;3;0,873794343
572;1; ;1; ;1;1;1;1;1;1;1;4;4;16;2;2;0,873794343
574;1;1;1; ;1;1;1;1;1;1;1;7;7;16;3;2;0,873794343
5546;1;1;1; ;1;1;1;1;2;1;1;4;4;14;2;1;0,873794343
11949;1;1;1; ;2;1;1;1;1;1;4;5;8;15;1;1;0,873794343
11954;1;1;1; ;1;1;2;2;2;1;1;2;2;16;3;3;0,873794343
11961;1;1;1; ;1;1;1;1;1;1;1;4;4;15;5;4;0,873794343
11973;1; ;1; ;1;2;1;1;1;1;2;7;8; ;1;1;0,873794343
12026;1; ;1; ;2;1;1;1;1;1;1;3;6;15;2;2;0,873794343
12041;1;1;1; ;1;1;2;1;2;1;1;7;6;13;5;4;0,873794343
12056;1;1;1; ;2;1;1;1;1;1;1;7;7; ;1;1;0,873794343
12061;1;1;1; ;1;1;1;1;1;1;1; ;6; ;1;1;0,873794343
12986;1;1;1; ;1;1;1;1;1;1;1;7;6;15;4;4;0,873794343
12989;1;1;1; ;1;1;1;1;1;1;1;5;7;16;4;3;0,873794343
12995;1;2; ;2;2;1;2;1;2;1;1; ;2; ;2; ;0,873794343
13002;1; ;1; ;1;2;3;1;1;1; ;7;8; ;1;1;0,873794343
13004;1;1;1; ;1;1;1;1;1;1;4;7; ;16;3;3;0,873794343
13005;1;1;1; ;1;1;1;1;1;1;3;2;8; ;1;1;0,873794343
15099;1;1;1; ;2;1;1;1;1;2;4;7; ; ;1;1;0,873794343
15118;1;1;1; ;1;1;1;1;1;1;1;4;5;13;3;1;0,873794343
15123;1;1;1; ;2;1;1;1;1;1;1;2;2;15;4;1;0,873794343
15127;1;1;1; ;2;1;1;1;1;1;2;7;6;14;3;3;0,873794343
15137;1;1;1; ;1;1;1;1;2;1;1;2;2;12;1;1;0,873794343
15399;1;1;1; ;1;1;1;1;1;1;1;4;4;17;4;1;0,873794343
15403;1;1;1; ;1;1;1;1;1;1;1;7;2;15;3;3;0,873794343
15415;1;1;3; ;1;1;1;4;1;1;1;4;6;14;3;3;0,873794343
15419;1;1;1; ;1;1;1;1;1;1;1;4;4;13;3;2;0,873794343
15420;1;1;1; ;2;2;2;1;1;1;3;6;8; ;1;1;0,873794343
15432;1;1;1; ;1;1;1;1;2;1;1;7;6;14;4;3;0,873794343
15619;1;1;1; ;1;1;1;2;2;7;1;9;6; ; ;3;0,873794343
19864;1;1;1; ;1;1;1;1;1;1;1;6;6;15;2;1;0,873794343
19869;1;1;1; ;2;1;1;1;1;1;1; ; ;16;5;5;0,873794343
19882;1;1;1; ;2;2;3;1;4; ;1;2;6;10; ;2;0,873794343
19888;1;1;1; ;1;1;1;1;1;1;3;4; ;12;3;3;0,873794343
37410;1;1;1; ;1;1;2;1;1;1;1;7;6;12;3;3;0,873794343
37429;1;1;1; ;1;1;1;1;1;1;1;5;6;15;1;1;0,873794343
37440;1;1;2; ;2;1;1;1;2;1;1;7;7;13;4;4;0,873794343
39993;1;1;1; ;2;1;1;1;2;1;1;3;6;14;4;3;0,873794343
42910;1;1;1; ;1;1;1;1;2;1;1;5;5;14;2;2;0,873794343
42927;1;1;2; ;2;1;1; ;1;1;1;2;6;14;5;5;0,873794343
42929;1;1;1; ;1;1;1;1;1;1;1;6;6;15;3;3;0,873794343
42931;1;1;1; ;2;1;2;1;2;2;2;8;8;14;1;1;0,873794343
42932;1;1;1; ;1;1;1;1;1;1;4;4;4;14;5;5;0,873794343
42942;1;1;1; ;2;2;1;1;1;1;1;6;6; ;1;1;0,873794343
45133;1;1;1; ;1;1;1;1;1;1;1;4;4;15;3;2;0,873794343
45140;1;1;1; ;1;2;2;1;1;1;1;3;6;15;5;5;0,873794343
45141;1;1;2; ;2;1;2;4;2;1;1;2;5;15;2;1;0,873794343
45143;1;1;1; ;1;1;1;1;2;1;1;2;4;15;4;1;0,873794343
45146;1;1;1; ;1;2;1;1;1;1;3;6;5;16;2;1;0,873794343
45165;1;1;1; ;1;1;1;1;2;2;1;8;5;16;3;3;0,873794343
13659;1;1;2; ;1;1;3;1;2;1;1;7;6;10;1;4;0,873894622
22319;1; ;1; ;2;1;1;1;1;1;1; ; ;15;1;1;0,873894622
36647;1;1;1; ;2;1;2;1;1;1;1;4;4;13; ; ;0,873894622
40542;1;1;1; ;2;1;1;1;2;1;1;6;6;8;5;4;0,873894622
35568;2;1;1; ;1;1;1;1;1;1;1;6;5;16;4;3;0,874803277
4958;1;2; ;2;2;1;2;1;1;1;3;7;8;15;1;1;0,876258745
4969;1;1;1; ;1;2;2;1;2;1;1;6;6;14;1;5;0,876258745
4995;1;1;1; ;2;2;2;1;1;1;1;6;6;16;1;1;0,876258745
5018;1; ;2; ;1;1;1;1;2;1;1;2;6; ; ; ;0,876258745
5027;1;2; ;1;2;1;1;1;4;5;7; ; ;12; ; ;0,876258745
21634;1;1;1; ;1;1;1;1;1;1;1; ;6;13;5;5;0,876258745
22909;1;1;2; ;2;1;3;1;1;1;3;7;8;15;3;2;0,876258745
39988;1;2; ;4;2;1;1; ;1;1;1;3;6; ;1;1;0,876258745
41455;1;1;1; ;2;1;1;1;2;4;1;6;8;14;2;1;0,876258745
9233;1;1;1; ;2;1;2;1;2;1;1;5;5;13;5;5;0,876315704
24578;1;1;1; ;1;2;1;1;2;1;1;6; ;13;4;3;0,876315704
37760;1;1;1; ;2;1;2;1;1; ; ;6;6;15;4;3;0,876315704
43615;1;2; ;1;2;1;2;1;1;1;1;2;6;12;5;5;0,876315704
3937;1;1;1; ;1;2;2;1;2;1;1; ; ; ; ; ;0,876912667
7338;1;1;3; ;1;1;1;4;2;1;4;6;4;10;2;2;0,876912667
7347;1;1;1; ;2;2;2;1;1;1;1;4;4;15;3;3;0,876912667
7359;1;1;1; ;1;1;1;1;2;6;1;2;6;8;5;1;0,876912667
18512;1;1;1; ;1;1;1;1;2;1;1;7;2;16;1;4;0,876912667
18547;1;1;1; ;2;1;1;1;2;1;1;6;6;14;1;1;0,876912667
20742;1;1;1; ;1;1;1;1;2;6;1;6;5;14;1;1;0,876912667
18571;1;1;1; ;2;1;1;1;2;1;4;2;8;15;1;5;0,877264238
36375;1;1;1; ;2;1;1;1;2;1;1;7;7;13; ; ;0,877403488
35186;1;1;1; ;1;1;1;2;2;1;1;4;4;14;5;4;0,877449434
3659;1;1;1; ;1;1;1;1;1;1;1;6;6; ;5;2;0,877558484
3801;2;1;1; ;1;1;1;1;1;1;1;5;5;15;4;1;0,877569207
3804;2;1;1; ;2;1;1;1;1;1;3;2;8;15;2;4;0,877569207
3813;2;2; ;2;1;1;1;1;1;1;5;6;6;16;4;2;0,877569207
3816;2;1;1; ;1;1;1;1;1;1;3;7;9;15;4;4;0,877569207
3822;2; ;1; ;2;2;2;1;1;1;1;7;7;13;2; ;0,877569207
3825;2;1;1; ;1;1;1;1;2;1;1;7;7;14;2;2;0,877569207
4876;2;1;1; ;1;1;1;1;2;1;1;2;6;14; ;3;0,877569207
4881;2;1;1; ;1;1;1;1;1;1;1;4;4;14;3;3;0,877569207
4885;2;1;1; ;1;1;1;1;1;1;3;7; ; ;2;2;0,877569207
4897;2; ;1; ;1;1;2;1;2;1;1;7;6;16;4;1;0,877569207
6079;2;1;1; ;2;1;1;4;1;1;1;3;6; ; ; ;0,877569207
6083;2;1;1; ;1;1;1;4;2;4;1;7;6;15;5;4;0,877569207
6098;2;1;1; ;1;1;1;1;1; ; ; ; ; ;1;1;0,877569207
6106;2;1;1; ;1;1;1;1;2;1;1;6;6;14;2;2;0,877569207
6466;2;1;1; ;2;2;2;1;1;1;1;7;6;15;5;5;0,877569207
6469;2;1;1; ;1;1;1;1;1;4;1;7;6; ;4;4;0,877569207
6471;2; ;2; ;2;1;1;1;1;1;1; ; ;15;5;1;0,877569207
6488;2;1;2; ;2;2;2;1;2; ;4; ; ;13; ;2;0,877569207
6499;2;1;1; ;2;1;1;1;1;1;1;6;6;16;1;1;0,877569207
11007;2;1;1; ;1;1;1;1;1;1;1;6;6; ;2;1;0,877569207
14473;2;1;1; ; ;2;1;1;1;1;1;6;5;16;1;2;0,877569207
14476;2;1;1; ;1;1;1;1;2;6;1;9;5;16;5;5;0,877569207
14487;2;1;1; ;1;1;1;1;1;1;1;7;6;15;2;2;0,877569207
15771;2;1;1; ;2;1;2;2;2;1;1;2;2;15;5;5;0,877569207
15778;2;1;1; ;1;1;2;1;1;1;1;6;6;16;2;2;0,877569207
15802;2;1;1; ;1;1;1;1;1;1;1;6;6;14;1;1;0,877569207
20356;2;1;1; ;2;1;2;1;2;2;2;8;8; ;2;1;0,877569207
20358;2;1;1; ;1;3;3;1;2;1;1;6;6;17;3;2;0,877569207
20368;2;1;1; ;1;1;1;1;2;6;1;9;5;13;5;2;0,877569207
20377;2;1;1; ;1;1;1;1;1;1;1;5;6;15;5;5;0,877569207
21095;2;1;1; ;1;1;1;1;1;1;1;6;6; ;1;1;0,877569207
21097;2;1;1; ;1;1;1;1;1;1;3;7;8;4;4;4;0,877569207
21101;2;1;1; ;1;1;1;1;1;5;1;5;5;14;3;3;0,877569207
21118;2;1;1; ;1;1;1;1;1;1;1;2;5; ;3;3;0,877569207
21360;2; ;1; ;2;2;3;2;3;7;1;9;5;17; ;4;0,877569207
21362;2;1;1; ;1;1;1;1;1;1;1;7;6; ;2;1;0,877569207
21369;2;1;1; ;1;1;1;1;2;1;1;7;6;16;2;2;0,877569207
21385;2;1;1; ;1;1;1;1;1;1;1;7;6;15;4;4;0,877569207
26096;2;1;1; ;2;2;2;1;4;7;3;9;8;16; ;1;0,877569207
26097;2;1;1; ;1;1;1;1;4;1;7;4;9;14;2;1;0,877569207
26116;2;1;1; ;1;1;1;1;1;1;1;5;5;16;4;3;0,877569207
26127;2;1;1; ;1;1;1;1;2;1;2;7;6;16;5;5;0,877569207
26128;2;1;1; ;2;1;2;1;2;1;3;7;8;13;1;1;0,877569207
26131;2;1;1; ;2;2;1;1;1;1;1; ; ;17;2;1;0,877569207
26134;2;1;1; ;1;1;1;1;1;1;1;4;5;12;4;4;0,877569207
28156;2;1;1; ;1;1;1;1;1;1;1;7;6;15;3;3;0,877569207
28158;2;1;1; ;2;1;1;1;4;7;4;9;8; ; ;3;0,877569207
5553;1;2; ; ;2;1;1;1;2;1;1;5;6; ;3;3;0,877589819
11965;1; ;1; ;2;1;1;1;1;1;1; ; ;17;1;1;0,877589819
15097;1; ;2; ;2;2;1;2;1;1;2;2;6;16;4;1;0,877589819
15124;1; ;2; ;2;2;2;1;2;1;1;7;4;14;5;1;0,877589819
15617;1;2; ;2;2;2;2;1;2;1;1;6;6;13;5;4;0,877589819
19857;1; ;1; ;2;2;1;2;4; ;1;9;6;12;4; ;0,877589819
37414;1;1;2; ;1;2;1;4;2;1;1;2;2;14;5;5;0,877589819
39074;1;1;1; ;2;1;1;1;2;1; ;7; ;14;1; ;0,877589819
45136;1;1;1; ;2;1;3;1;2;1;1;6;2;16;3;4;0,877589819
45170;1;2; ;2;2;2;2;1;1;2; ;7;7;13;3;2;0,877589819
6428;1;1;1; ;1;1;1;1;2;1;1;2;6; ;1;1;0,877801219
6681;1; ;1; ;2;1;2;1;1;1;1;4;5;14;2;2;0,877801219
23157;1;1;1; ;1;1;1;1;1;1;1;5;6;10;4;4;0,877801219
19557;1;1;1; ;2;1;1;1;2;1;1;3;3;13;1;1;0,877891441
11417;2; ;1; ;1;1;1;1;1;1;1;7;7; ;1;1;0,878180675
11872;2; ;1; ;2;1;2;2;2;1;1;6;6;15;1;2;0,878180675
30914;1;1;1; ;2;1;1;1;1;1;1;9;9;14; ; ;0,878243404
1482;2;1;3; ;1;1;1;4;2;2;1;4;5;13;2;5;0,878251028
3406;1;1;1; ;1;1;1;1;1;1;1;4;5;15;3;2;0,879633621
2869;1;1;2; ;1;1;1;4;1;1;1;3;6;15;2;2;0,879988644
10119;1;1;1; ;2;1;2;1;4;1; ;7; ;16;1;1;0,879988644
10121;1; ;2; ;1;2;2;1;1;1;1;2;2;16;1;1;0,879988644
10139;1;1;1; ;1;1;1;1;1;1;1;4;4;14;3;3;0,879988644
22678;1;1;1; ;1;2;2;1;2;2;1;8;6; ;2;1;0,879988644
22691;1;1;1; ;1;1;1;1;4;7;1;9;5;10;3;3;0,879988644
22697;1;1;1; ;1;1;1;1;2;1;1;4;5;16;3;3;0,879988644
22720;1;1;1; ;1;1;1;1;1;1;1;4;4;15;3;3;0,879988644
22722;1;1;1; ;1;1;1;1;1;1;3;2;8; ;4;1;0,879988644
35556;1;1;1; ;1;1;1;1;2;1;1;4;4;10;5;4;0,879988644
35557;1;1;1; ;1;1;2;1;1;1;1;7;6;14;3;3;0,879988644
35584;1;1;1; ;1;1;1;1;1;1;1;4;4; ;4;4;0,879988644
19852;2;1;1; ;1;1;1;1;2;1;1;6;6;17;2;4;0,880701133
30423;2;1;1; ;1;1;1;1;1;1;1;7;6;15;3;1;0,880772308
39724;2;1;1; ;1;1;1;2;4;5;7;3;9;13; ; ;0,880772308
30203;2;1;1; ;2;1;1;1;2;5; ; ; ; ;1;1;0,881125426
30330;2; ;1; ;1;1;1;1;1;1;1;4; ; ; ; ;0,881125426
11741;1;1;1; ;2;2;2;1;2;1;2;2;8;14;5;4;0,88121464
40184;1;1;2; ;1;1;1;1;1;1;1;5;5;12;3;3;0,88121464
5356;1;2; ;2;2;1;1;1;2;4;1;7;3;11;5;2;0,881260785
6439;1;2; ;1;2;1;2;1;1;2;3;7;6;12;5;5;0,881260785
6442;1;1;1; ;2;1;2;1;1;1;4;2;5;8;2;2;0,881260785
6669;1; ; ;3;1;1;2;1;1;4;1;7;5;14; ; ;0,881260785
7394;1; ;1; ;2;2;3;1;1;1;1;6;6;15;5;2;0,881260785
14206;1;1;1; ;2;1;1;1;1;1;2;7;6;15;3;3;0,881260785
15182;1;1;1; ;2;1;1;4;1;1;1;4;4;10;4;1;0,881260785
18758;1;1;1; ;1;1;1;1;1;1;1;6;6;12;3;3;0,881260785
18786;1;1;1; ;1;1;1;1;1;1;1;4;5;13;4; ;0,881260785
19824;1;1;1; ;2;1;1;1;1;1;1;2;6;15;4;4;0,881260785
37459;1;1;1; ;1;1;1;1;1;5;1;8;4;13;4;4;0,881260785
37487;1;1;1; ;2;3;1;1;1;1;1;4;4; ;5;5;0,881260785
3793;2;1;1; ;1;1;1;1;1;1;1;4;4;15;4;4;0,881381079
3795;2;1;1; ;1;1;2;1;1;1;1;2;6;17;1;1;0,881381079
6091;2;1;1; ;2;1;1;1;2;2;1; ;5;16; ;3;0,881381079
6101;2;1;1; ;1;1;1;2;4;1;7;6;9;16;2; ;0,881381079
6462;2;1;1; ;2;1;2;1;1;1;1;4;4; ;4;4;0,881381079
6477;2;1;1; ;2;1;2;4;2;1;7;7;9;14;5; ;0,881381079
14462;2;1;1; ;1;1;1;1;1;1;1;6;6;15;5;1;0,881381079
15779;2;1;1; ;1;1;1;1;1;1;1;6;6;13;3;3;0,881381079
15797;2;1;1; ;1;1;2;3;2;3;3; ; ;15; ; ;0,881381079
20380;2;1;1; ;2;1;1;1;1;1;1;6;6;15;4;4;0,881381079
20387;2;2; ;4;1;1;1;1;4; ;1;9;1;14; ;5;0,881381079
35202;1;1;1; ;2;2;2;1;1;1;2;7;6;16; ; ;0,881614099
39660;1;1;1; ;2;1;1;1;1;1;1; ; ;14;3;3;0,881614099
11493;2;1;1; ;2;1;1;1;1;4;1; ;6; ;4;1;0,881641736
11875;2;1;1; ;1;1;1;1;4;1; ;7; ;16;5; ;0,881641736
17339;2;1;1; ;2;1;1;1;1;1;2;2;8;15;4;4;0,881641736
743;1;1;2; ;2;1;1;1;1;2;1;7;6;16;5;4;0,881704713
3826;1;2; ;1;1;1;1;1;2;1;2; ; ;15;4;2;0,881704713
6316;1;1;1; ;2;1;1;1;2;1;1;9;5;12; ; ;0,881704713
9268;1;2; ;4;2;1;1;1;1;1;1;2;6;14;5;1;0,881704713
9367;1;1;1; ;2;2;2;1;2;1;1;6;6;14;1;4;0,881704713
9665;1;1;1; ;1;1;2;1;1;1;1;4;4;10;5;5;0,881704713
10010;1;1;1; ;2;1;2;1;2; ; ; ; ;13; ; ;0,881704713
10323;1; ;1; ;1;1;1;1;2;1;1;4;4;15;2;2;0,881704713
16244;1;1;1; ;2;1;1;1;2;1;1;4;6;15;2;2;0,881704713
21299;1;1;1; ;1;1;1;1; ;7;1;9;6;13; ; ;0,881704713
30186;1;1;1; ;2;1;1;1;1;1;1;2;6;15;1;1;0,881704713
1850;1;1;1; ;1;1;1;1;1;1;6;1;8; ; ; ;0,882058205
9281;1;2; ;3;1;1;1;1;2;2;1;8; ;17; ;1;0,882058205
661;1;1;1; ;1;1;1;1;5;7;1;9;2;12; ;4;0,882363971
726;1;1;2; ;2;1;2;1;1;1;1;6;5;16;3;2;0,882363971
4394;1;1;1; ;1;1;1;1;1;1;3;3;8;13;4;4;0,882363971
4402;1;1;1; ;1;2;2;1;1;1;1;1;6;8;4;4;0,882363971
4715;1;1;1; ;1;1;1;1;1;1;1;6;6;14;3;3;0,882363971
4731;1;1;1; ;1;1;1;1;1;1;1;7;7;13;4;3;0,882363971
4743;1;1;1; ;1;1;1;1;1;1;1;4;4;14;2;2;0,882363971
4842;1;1;1; ;1;1;1;1;1;1;1;1;5;13;5;4;0,882363971
4862;1;1;2; ;2;1;2;1;2;1;1;3;6;16; ; ;0,882363971
15447;1;1;2; ;2;2;1;1;2;1;1;8;4;15;5;1;0,882363971
24297;1;1;1; ;1;1;1;1;1;1;1;6;6;15;4;4;0,882363971
8021;1;1;2; ;1;1;2;1;1;1;1;2;2;8;1;1;0,88345446
19677;1;1;1; ;1;1;1;2;2;7;4; ;6;10; ;3;0,88345446
10490;1;1;1; ;1;2;1;1;1;1;1;7;5;17;1;1;0,883514254
5550;2;1;1; ;1;1;1;1;1;1;1;7;7;15;3;3;0,884172128
15133;2;1;1; ;1;1;1;2;2;1;1;2;5;15;2;2;0,884172128
19872;2;1;1; ;2;1;1;2;2;7;1;9;6;16;5;2;0,884172128
1331;2;1;1; ;1;1;1;1;4;7;1;9;7; ; ;3;0,884598093
6713;2;1;1; ;1;1;1;1;1;1;1;4;5;14;3;3;0,884598093
9657;2;1;1; ;1;1;1;1;1;1;1;4;6;10;5;5;0,884598093
1352;1;1;1; ;1;1;1;1;2;1;1;2;6;15;5;5;0,885223355
1366;1;1;1; ;1;1;1;1;1;1;1;3;3;9; ; ;0,885223355
6161;1;2; ;2;1;1;1;1;2;2;3;8;8;3;1;1;0,885223355
9173;1;1;1; ;1;1;1;1;1;2;2;5;3;8;4;4;0,885223355
9579;1;1;1; ;1;1;2;1;2;1;1;7;6;17;4;4;0,885223355
11985;1;2; ;1;1;1;2;1;1;1;2; ; ;14;1;1;0,885223355
40541;1;1;1; ;1;1;1;1;2;1;1;2;4;12;4;4;0,885223355
42445;1;1;1; ;1;1;2;1;2;1;2;1;6;14;4; ;0,885223355
5814;1;1;2; ;1;1;1;5;1;1;1;7;6;12;4;5;0,885606931
19327;1;1;1; ;1;1;1;1;1;5;1;9;4;14;3;3;0,885606931
25361;1;1;1; ;1;1;1;1;1;1;1;4;6;15;4;2;0,885606931
16111;1;1;1; ;1;1;1;1;2;7;4;9;7;14;4;2;0,885961987
43503;1;1;1; ;1;1;1;1;1;1;1;6;5;17;4;4;0,885961987
4381;1;1;2; ;1;1;1;1;2;1;1;4;2;13;3;4;0,88619667
4393;1; ;1; ;2;1;1;1;2;1;1;6;6;15;3;4;0,88619667
4701;1;1;2; ;2;3;3;1;1;1;1;2;5;15; ; ;0,88619667
4724;1;1;2; ;2;1;2;1;1;1;1;1;7;14;3;2;0,88619667
14159;1; ;1; ;2;1;2;1;1;1;1;7;7;10;5;5;0,88619667
327;1;1;1; ;1;1;1;1;2;1;1;2;8; ;3;2;0,886862887
334;1;1;1; ;2;1;1;1;2;1;3;7;8;15;2;1;0,886862887
338;1;1;1; ;2;2;1;1;1;1;1;6;6; ;1;1;0,886862887
342;1;1;1; ;2;1;1;1;1;1;1;6;6;16;1;1;0,886862887
346;1; ;1; ;1;1;2;1;1;1;1;2;6;16;2;1;0,886862887
352;1;1;1; ;1;1;1;1;2;7;1;4;4;9;5;1;0,886862887
359;1;1;1; ;2;1;2;1;2;1;1;7;6;15;4;2;0,886862887
363;1;1;1; ;1;1;1;1;2;1;1;2;6;8;3;2;0,886862887
364;1;1;1; ;2;1;1;1;1;1;1;3;6;15;5;4;0,886862887
366;1;1;1; ;2;1;1;2;5;7;1;9;6;15; ;2;0,886862887
385;1;1;1; ;1;1;1;1;2;1;1;6;6;13;4;3;0,886862887
399;1;1;3; ;1;1;1;4;1;1;1;1;6; ;5;3;0,886862887
756;1;1;1; ;1;1;1;1;1;1;1;5;4; ;1;1;0,886862887
769;1;1;1; ;1;1;1;1;2;7;4;9;6; ; ;1;0,886862887
1319;1;1;1; ;1;1;1;1;1;1;1;6;6;14;4;4;0,886862887
1550;1;1;1; ;1;1;1;1;1;1;3;7;8; ;1;1;0,886862887
1563;1;1;1; ;1;1;1;1;1;1;1;4;4;10;5;5;0,886862887
1582;1;1;1; ;2;1;1;1;1;1;1;3;6; ;1;1;0,886862887
1830;1;1;1; ;1;1;1;1;4; ;1; ;4;17;1;1;0,886862887
1854;1;1;1; ;2;1;1;1;2;2;1; ; ;14;1;1;0,886862887
1855;1;1;1; ;1;2;2;1;2;1;1;6;6;14;3;2;0,886862887
1856;1;1;1; ;2;1;1;1;1;1;1;4;4;15;5;5;0,886862887
1857;1;1;1; ;2;1;1;1;1;1;1;7;5;16; ; ;0,886862887
1863;1;1;1; ;2;1;1;1; ;7;1;9;6;11;1;1;0,886862887
2062;1;2; ;1;2;1;1;1;1;1;1;2;2; ;1;1;0,886862887
2067;1;1;1; ;1;1;1;1;1;1;3;4;8;14;5;5;0,886862887
2100;1;1;1; ;2;1;1;1;1;5;1;8;6;15;4;4;0,886862887
2103;1;1;1; ;1;1;2;1;2;4;1;9;6;15;4;4;0,886862887
2106;1;1;1; ;1;1;1;1;1;1;1;7;6; ;1;1;0,886862887
3583;1;1;1; ;2;1;1;1;1;1; ; ; ; ;2;1;0,886862887
3609;1;1;1; ;1;1;1;1;1;1;1;5;6;17;2;2;0,886862887
3610;1;1;1; ;2;1;1;1;1;1;3;4; ;8;2;2;0,886862887
3621;1;1;1; ;2;1;2;1;1;1;1;7;6; ;3;1;0,886862887
3637;1;1;1; ;1;1;1;1;1;1;1;5;6;15;4;4;0,886862887
3639;1;1;1; ;1;1;1;1;1;5; ;4;8;17;1;1;0,886862887
3684;1; ;1; ;2;1;1;1;2; ;1; ; ; ; ; ;0,886862887
3692;1;1;1; ;1;1;1;1;1;1;1; ; ; ;1;1;0,886862887
4180;1; ;1; ;2;1;2;1;1;1;1;6;4;12;4;4;0,886862887
4589;1;1;1; ;1;1;1;1;1;1;1; ;5;16;2;1;0,886862887
5745;1;1;1; ;1;1;1;1;2;1;1;4;4;14;4;2;0,886862887
5757;1;1;1; ;1;1;1;1;1; ;1; ; ; ; ; ;0,886862887
5787;1;1;1; ;2;2;1;1;1;1;1;7;6;16; ; ;0,886862887
5788;1;1;1; ;1;1;1;1;2;1;1;7;7; ;1;1;0,886862887
6716;1;1;1; ;2;1;1;1;2;7;1;9;6;12;2;2;0,886862887
6725;1; ;1; ;1;1;1;1;1;1;1;5;6;15;3;3;0,886862887
6727;1;1;1; ;2;1;1;1;1;4;1;6;5; ;2;1;0,886862887
6757;1;1;1; ;1;1;1;1;1;1;1;2;6;14;2;2;0,886862887
6772;1;1;1; ;1;1;1;1;2;6;6;8;8; ;1;1;0,886862887
6780;1;1;1; ;1;1;1;1;1;1;1;2;4;14;3;1;0,886862887
6785;1;1;1; ;2;1;1;1;4;7;1;9; ; ; ;1;0,886862887
6800;1;1;1; ;2;1;2;1;1;1;1; ; ;18;1;2;0,886862887
6811;1;1;1; ;2;1;1;1;4;7;1;9; ; ;1;1;0,886862887
6821;1;1;1; ;1;1;1;1;1;5;4; ; ; ;2;1;0,886862887
7033;1;1;1; ;1;1;1;1;2;1;1;4; ;17;5;5;0,886862887
7044;1;1;1; ;1;1;1;1;2;5;1;9;6;16;5;1;0,886862887
7088;1;1;1; ;1;1;1;1;4;7;1;9;5;14; ;2;0,886862887
7099;1;1;1; ;2;1;1;1;1;1;1;7;7;14;2;1;0,886862887
7101;1;1;1; ;2;1;1;1;2; ;1; ;6;13; ;1;0,886862887
7106;1;1;1; ;1;1;1;1;1;1;1;2;2; ;2;2;0,886862887
7276;1;1;1; ;1;1;2;1;2;1;1;5;5;14;4;1;0,886862887
7281;1;1;1; ;2;1;1;1;1;2;3; ; ;15;4;1;0,886862887
7284;1;1;1; ;1;1;1;1;1;1;1;4;4;16;2;2;0,886862887
7300;1;1;1; ;2;1;3;1;1;1;1;7;7; ;2;1;0,886862887
7301;1;1;1; ;2;1;1;1;2;1; ;7; ; ;1;1;0,886862887
8610;1;1;1; ;1;1;1;1;1;1;1;5;6;17;5;2;0,886862887
8615;1;1;2; ;2;1;1;1;1;1;1;7;5;14;2;2;0,886862887
8631;1;1;1; ;1;1;1;2;1;4;1;4;4;16;1;1;0,886862887
8639;1;1;1; ;1;1;2;1;1;1;1;2;6;15;4;4;0,886862887
8993;1; ;1; ;1;2;2;1;1;1;1;4;4; ;2;2;0,886862887
9017;1;1;1; ;2;1;2;1;1;1;1;2;6; ;1;1;0,886862887
9018;1;1;1; ;1;1;1;1;1;1;1;4;4;15;5;4;0,886862887
9408;1;1;1; ;2;1;1;1;1;1;1;3;2;17;1;1;0,886862887
9410;1;1;1; ;1;1;1;1;1;1;1;4;4;14;5;5;0,886862887
9429;1;1;1; ;2;1;1;1;2;1;1; ; ; ;2;1;0,886862887
9633;1;1;1; ;1;1;1;1;1;1;2;6; ; ;1;1;0,886862887
12499;1;1;1; ;1;1;1;1;1;5;1;8;6;15;1;1;0,886862887
12505;1;1;1; ;1;1;1;1;1;1;1;7;7; ;2;2;0,886862887
12522;1;1;1; ;1;1;1;1;2;1;1;5;5; ;2;2;0,886862887
12539;1;1;1; ;1;1;1;1;2;1;1;6;6;16;3;1;0,886862887
13953;1;1;1; ;1;1;1;1;1;1;1;4;4;15;3;2;0,886862887
14353;1;1;1; ;2;1;1;1;2;1;1;6;6; ;1;1;0,886862887
15871;1;1;1; ;2;1;1;1;1;1; ; ; ; ;1;1;0,886862887
15879;1;1;1; ;2;1;1;1;1;1;1;7;5; ;4;2;0,886862887
16251;1;1;1; ;2;1;2;1;1;1;3;2;8;17;1;1;0,886862887
16252;1;1;1; ;1;1;2;1;1;1;1;4;6;17;2;1;0,886862887
16267;1;1;1; ;1;1;1;2;1;1;1;7;5;14;1;1;0,886862887
19776;1;1;1; ;1;1;1;1;1;1;1;6;4;17;5;3;0,886862887
19801;1;1;1; ;1;1;1;1;1;1;1;4;6;16;5;1;0,886862887
19807;1;1;1; ;1;1;1;1;1;1;1;4;4;13;4;3;0,886862887
20018;1;1;1; ;1;1;1;1;2;1;1; ;6; ;1;2;0,886862887
20884;1;1;1; ;1;1;1;1;2;1;1;4;6; ;5;4;0,886862887
20890;1;1;1; ;1;1;2;1;1;1;3;3;8;16;2;2;0,886862887
20912;1;1;1; ;1;1;2;1;2;1;1; ; ; ;1;1;0,886862887
21000;1;1;1; ;1;1;1;1;1;1;1;5;6;15;5;4;0,886862887
21616;1;1;1; ;1;1;1;2;2;1;1;6;5;15;2;3;0,886862887
26017;1;1;1; ;1;1;1;1;1;1;1; ; ;5;4;4;0,886862887
26032;1;1;1; ;1;1;1;1;1;1;1;6;6; ;4;4;0,886862887
28673;1;1;1; ;1;1;1;1;2;1;1;4;6;10;2;1;0,886862887
30126;1;1;2; ;1;1;3;1;2;1;1;4;4;16;5;5;0,886862887
30133;1;1;1; ;1;2;2;1;1;1;4;4;4;12;2;1;0,886862887
30174;1;1;1; ;2;1;1;1;1;5;4;8; ; ;1;1;0,886862887
30225;1;1;1; ;1;1;1;1;1;1;1;7;7; ;1;1;0,886862887
30422;1;1;1; ;1;1;2;1;1;2;1;6;6;14;2;2;0,886862887
30435;1;1;1; ;2;1;1;1;1; ; ;3;5; ;5;1;0,886862887
30466;1;1;1; ;1;1;1;1;1;1;1;4;4;12;5;2;0,886862887
30504;1;1;1; ;1;1;1;1;1;1;3;4;4;10;2;2;0,886862887
30553;1;1;1; ;1;1;1;1;1;1;1;4;4;13;3;3;0,886862887
30851;1;1;1; ;1;1;1;1;1;1;1; ;4;14;4;5;0,886862887
30947;1;1;1; ;1;1;1;1;2;1;1;4;6;7; ; ;0,886862887
30953;1;1;1; ;2;2;2;1;2;6;1;9;6;17; ;1;0,886862887
30955;1;1;1; ;1;1;1;1;1;1;1;2;3;14;3;3;0,886862887
30968;1;1;1; ;2;1;1;1;2;5;1;9;6;14;4;2;0,886862887
30973;1;1;1; ;1;1;1;1;1;1;1;2;6; ;5;5;0,886862887
36274;1;1;1; ;1;1;1;1;2;1;7;4;9;15;2; ;0,886862887
36287;1; ;1; ;2;1;1;1; ;1;1; ; ;16;1;1;0,886862887
40875;1;1;1; ;1;1;1;1;1;1;3;2;8;12;2;2;0,886862887
43365;1;1;1; ;1;1;1;1;2;1;1;4;4;15;2;2;0,886862887
43375;1; ;1; ;2;1;2;1;2;1;1;6;6; ;2;2;0,886862887
9190;1;1;1; ;1;1;1;1;2;1;1;6;4;14;4;4;0,886996336
13637;1;1;1; ;1;2;2;1;5;3;1;8;4;18;5;1;0,886996336
13640;1;2; ;1;1;1;1;1;2;2;1;8;4;14;1;4;0,886996336
20347;1;2; ;4;2;1;1;1;4;7;1;9;6;14; ;3;0,886996336
40546;1;1;1; ;1;1;1;2;5;1;1;3;4;14;5;5;0,886996336
40571;1;1;2; ;2;2;2;1;4;7;3;9; ;13;1;1;0,886996336
9577;1;2; ;4;1;1;1;1;1;1;1;2;5;18;1;1;0,88735195
15339;2;1;2; ;1;2;2;1;2;1;1;1;7;15;5;4;0,888671816
29097;1;1;2; ;2;1;2;1;1;2;2;8;8;14; ; ;0,888762631
29113;1;1;2; ;1;2;2;1;2;1;1;3;6;14;2;1;0,888762631
3686;2;1;1; ;1;1;1;1;1;1;1;6;6; ;3;2;0,888905703
6017;1;1;1; ;1;1;1;1;1;1;1;7;7;13;3;3;0,889453716
7014;1;1;2; ;2;2;1;1;1;1;1;6;7;11;2;2;0,889453716
7026;1; ;1; ;2;1;1;1;2;1;1;7;6;14;4;4;0,889453716
9238;1;1;1; ;2;1;1;1;1;1;1;4;4;14;4;4;0,889453716
24223;1;1;1; ;1;1;1;1;1;1;1;4;6;13;1;3;0,889453716
24596;1;1;1; ;2;1;1;1;1;1;1;2;6;14;5;5;0,889453716
25338;1;1;1; ;1;1;1;1;2;7;1;9;6;15;5;1;0,889453716
35240;1;1;1; ;1;1;1;1;1;1;1;1;1; ;5;5;0,889453716
37724;1; ;1; ;1;1;1;1;2;1;1; ;2;13;5;5;0,889453716
37758;1;2; ;2;2;2;2;5;2;6;3;7;8;15; ; ;0,889453716
42724;1;1;1; ;1;1;1;1;1;1;2; ; ;3;5; ;0,889810315
4355;1;1;1; ;1;1;1;1;2;1;1;3;2;15;4;3;0,890557809
4363;1;1;1; ;1;1;1;1;1;1;1;7;6; ; ; ;0,890557809
4365;1;1;1; ;2;1;2;1;1;1;1;3;3;16;4;4;0,890557809
4375;1;1;1; ;2;1;3;1;2;7;2;9;8;15;1;1;0,890557809
11736;1;1;1; ;2;1;1;1;1;1;1;3;6;15;1;1;0,890557809
11752;1;1;1; ;2;1;1;1;1;1;1;6;4;16;5;5;0,890557809
11775;1;1;1; ;1;1;1;1;1;1;1;4;5; ;4;4;0,890557809
11780;1;1;1; ;1;1;1;1;1;1;2;4;8;15;4;1;0,890557809
11792;1;1;1; ;1;1;1;1;1;1;1;6;5;14;2;1;0,890557809
11798;1;1;1; ;1;1;1;1;2;1;6;4;9;16;1; ;0,890557809
11801;1;1;1; ;2;1;1;1;1;1;3;7;8;14;1;1;0,890557809
11818;1;1;1; ;1;1;1;1;1;1;3;5; ;13;2;2;0,890557809
24441;1;1;1; ;2;1;1;1;2;1;1;3;6;16;3;3;0,890557809
24447;1;1;1; ;1;1;1;2;1;1;1;4;6;15;3;2;0,890557809
24454;1;1;1; ;1;1;1;1;1;1;1;4;5; ;2;2;0,890557809
24461;1;1;1; ;1;1;1;1;2;1;1;6;4;14;3;1;0,890557809
24465;1;1;1; ;2;1;1;1;1;1;1;4;6;15;4;3;0,890557809
24467;1;1;1; ;2;1;1;1;2;1;1;4;6;15;4;1;0,890557809
24473;1;1;1; ;1;1;1;1;1;1;3;4;8;10; ; ;0,890557809
24490;1;1;1; ;2;1;2;2;2;6;1;9;4; ; ;1;0,890557809
24496;1;1;1; ;1;1;2;1;1;1;1;6;6;16;1;1;0,890557809
24507;1;1;1; ;1;1;1;1;1;1;1;4;4;16;5;5;0,890557809
24519;1;1;1; ;1;1;1;1;2;1;1;7;5;14;5;4;0,890557809
36218;1;1;1; ;1;1;1;1;1;1;5;6;6;10;5;5;0,890557809
36229;1;1;1; ;2;1;1;1;1;1;1;6;6;15;4;4;0,890557809
36239;1;1;1; ;1;1;1;2;1;1;1;2;6;13;4;3;0,890557809
36247;1;1;1; ;1;1;1;1;1;1;1;2;4;7;2;2;0,890557809
36259;1;1;1; ;1;1;1;1;2;1;1;4;6;16;4;3;0,890557809
36364;1;1;1; ;1;1;1;1;1;1;1;7;6;12;5;5;0,890557809
36376;1;1;2; ;2;1;1;1;2;4;2;8;8;12;1;2;0,890557809
36378;1;1;1; ;1;1;1;1;1;1;1;6;4; ;1;1;0,890557809
40148;1;1;1; ;1;1;1;1;1;1;1;4;4;14;1;1;0,890557809
40149;1;1;1; ;1;2;2;1;1;1;1;7;6;14;4;4;0,890557809
40151;1;1;1; ;1;1;1;1;2;1;1;6;5; ;1;1;0,890557809
40161;1;1;1; ;1;1;1;1;1;1;1;7;7;16;3;2;0,890557809
40166;1;1;1; ;1;1;1;1;1;1;1;2;2;16;2;1;0,890557809
40176;1;1;1; ;1;1;1;1;1;1;4;7;4;15;1;1;0,890557809
40327;1;1;1; ;2;1;1;1;1;1;1;4;5;7;1;1;0,890557809
40333;1;1;1; ;2;1;2;1;2;7;1;9;6;10; ;2;0,890557809
40337;1;1;1; ;1;1;1;1;2;2;2;8;8;16; ; ;0,890557809
40340;1;1;1; ;2;1;1;1;1;1;1;7;6; ;1;1;0,890557809
40355;1;1;1; ;1;1;1;2;1;1;1;6;5;15; ; ;0,890557809
40360;1;1;1; ;2;1;1;1;1;1;1;6;6;14;2;1;0,890557809
40382;1;2; ;4;2;1;2;1;1;1;1;7;7;15;3;3;0,890557809
40388;1;1;1; ;1;1;1;1;1;1;1;4;4;14;1;1;0,890557809
40391;1;1;2; ;2;2;3;1;2;1;1;2;6;15;1;1;0,890557809
40392;1;2; ;3;2;1;2;1;1;1;1;6;6;13;4;4;0,890557809
356;1;1;1; ;2;1;1;1;1;5;3;4;2;17;1;1;0,890715128
4755;1;2; ;4;1;1;1;1;2;1;1;6;6;13;5;5;0,890715128
9278;1;1;1; ;1;1;1;1;2;1;1;6;6;14;3;3;0,890715128
9644;1;1;1; ;2;1;2;1;4;7;1;9;5;15; ;1;0,890715128
30333;1;1;1; ;1;1;1;1;1;1;1;4;2;2;5;5;0,890715128
39669;1;1;1; ;2;2;2;1;2;1;1;7;3;16;5;2;0,890715128
40869;1;2; ;4;1;1;1;1;1;1;1; ; ; ;2;1;0,890715128
11003;2; ;1; ;1;1;1;4;1;1;1;1;7;10;5;4;0,892531915
15694;2;1;1; ;1;1;1;1;1;2;1;8;2;14;5;4;0,892531915
2035;1; ; ;2;2;1;1;1;2;4;2;6;5;13;3;1;0,892821377
27581;1;1;1; ;1;1;1;1;2;1;1;5;6;14;3;3;0,892821377
27495;1;1;1; ;2;2;2;1;4; ;6; ;8; ; ; ;0,893179325
6556;2;1;1; ;1;1;1;1;1;1;1;4;4;14; ; ;0,893927849
16745;2;1;1; ;2;1;1;1;2;1;1; ; ;15;2;4;0,893927849
11776;1; ;2; ;2;2;1;1;1;1;1;7;6;17;4;1;0,894426099
11821;1;2; ;1;1;2;2;1;1;1;3;1;8; ;5;1;0,894426099
36385;1;1;2; ;1;2;2;1;2;1;2;2; ;14;2;1;0,894426099
40339;1;1;2; ;1;2;2;1;2;1;3;7; ;13;4;3;0,894426099
40376;1;1;1; ;2;1;3;1;4;2;7;8;9;15;2;1;0,894426099
19724;1;2; ;3;2;1;3;1;2; ;4; ;6;15; ; ;0,895360534
30868;1;2; ;1;1;1;1;1;4;7;3;7;5;10;5;1;0,895360534
660;1;1;1; ;1;1;1;2;2;1;3;6;8;14;4;4;0,895592661
681;1;1;1; ;1;1;1;1;1;1;3; ;8;17;2;2;0,895592661
694;1;1;1; ;1;1;1;1;1;1;1;2;2;14;2;2;0,895592661
697;1;1;1; ;2;1;1;1;2;1;1;7;4; ; ; ;0,895592661
699;1;1;1; ;1;1;1;1;2;1;3;7;8; ; ; ;0,895592661
702;1;1;1; ;1;1;1;1;1;1;1;6;6;13; ; ;0,895592661
710;1;1;1; ;1;2;1;1;1;1;1;1;6;13;4;3;0,895592661
721;1;1;1; ;1;1;1;1;1;1;1;4;6;15;1;1;0,895592661
727;1;1;1; ;1;1;2;1;1;1;3;7;8;14;3; ;0,895592661
728;1;1;1; ;1;2;2;1;1;1;1;7;6;16;5;4;0,895592661
4377;1;1;1; ;1;2;1;1;1;1;1;1; ; ;4;1;0,895592661
4385;1;1;1; ;1;1;1;1;1;1;1;4;6;12;5;1;0,895592661
4406;1;1;1; ;1;1;1;1;1;5;1;7;6;13;3;2;0,895592661
4410;1;1;1; ;1;1;2;1;1;1;1;5;5;16;3;3;0,895592661
4413;1;1;1; ;1;1;1;1;1;1;1;6;6;15;4;2;0,895592661
4417;1;1;1; ;1;1;1;1;1;1;1;7;6;15;4;4;0,895592661
4422;1;1;1; ;1;1;1;2;1;1;1;7;5;15;5;5;0,895592661
4700;1;1;1; ;1;1;1;1;1;1;1;7;7;14;3;2;0,895592661
4703;1;1;1; ;1;1;1;1;1;1;1; ; ; ; ; ;0,895592661
4725;1;1;1; ;1;1;1;1;1;1;1;2;2;13; ; ;0,895592661
4728;1;1;1; ;2;2;2;1;1;1;2; ;8;16;2;1;0,895592661
4739;1;1;2; ;2;1;2;1;1;1;1; ; ;16;4;1;0,895592661
4852;1; ;1; ;2;1;1;1;4;7;1;9;5;15; ;4;0,895592661
4854;1;1;1; ;1;1;1;1;1;1;3;4;8;15;3;2;0,895592661
4859;1;1;1; ;1;1;2;1;1;1;1;6;6; ; ; ;0,895592661
6218;1;1;1; ;2;1;2;1;1;1;1;1;5;15; ; ;0,895592661
6243;1;1;1; ;1;1;1;1;2;6;1;9;4;15;1;1;0,895592661
11054;1;1;2; ;2;1;1;1;1;1;1;4;4;12;1;4;0,895592661
11062;1;1;1; ;1;1;1;1;1;1;1;2;6;15;4;4;0,895592661
11064;1;1;1; ;1;1;1;1;2;2;1;9; ;16;3;2;0,895592661
11079;1;1;1; ;1;1;1;1;1;1;1;1;4;14;5;1;0,895592661
11088;1;1;1; ;2;1;2;1;1;1;1;4;6;3;5;5;0,895592661
14152;1;1;1; ;1;1;1;1;2;1;1;7;5;15;5;2;0,895592661
14153;1; ;1; ;2;1;1;2;1;1;1;2;2;8;5;5;0,895592661
14155;1;1;1; ;2;2;2;2;2;1;1;7;6;14; ; ;0,895592661
14156;1;1;1; ;1;1;2;1;1;5;1;8;6;15;5;5;0,895592661
15441;1;1;1; ;1;1;1;1;1;1;1;7;6;14;2;2;0,895592661
15479;1;1;1; ;1;1;1;1;2;1;4;6;8;16; ; ;0,895592661
24278;1;1;1; ;1;1;2;1;1;1;1;2;6;14;1;2;0,895592661
24284;1;1;1; ;1;1;2;1;1;1;1;2;6;16;4;1;0,895592661
24291;1; ;1; ;2;1;2;1;2; ;1;4; ;13;4;3;0,895592661
24293;1;1;1; ;1;1;1;1;1;1;1;2;5;10;1;2;0,895592661
24298;1;1;1; ;1;1;1;1;1;1;1;4;5; ;4;3;0,895592661
24304;1;1;1; ;1;1;2;1;1;1;2;6;5;13; ; ;0,895592661
19683;1;1;1; ;2;1;1;2;1;1;1;1;1;13; ; ;0,895719501
19697;1;1;1; ;1;1;1;1;2;1;1;2;2; ; ; ;0,895719501
30863;2; ;1; ;1;1;1;1;1;1;1;2;6;12; ; ;0,896574628
1613;1;1;1; ;2;1;1; ;2;1;4;7;7;16;5;1;0,896699499
1620;1;2; ;1;2;1;1;1;2;1;4; ; ;11;5;1;0,896699499
1635;1;1;1; ;1;1;1;1;2;2;1;7;5;14;4;3;0,896699499
18467;1; ;2; ;2;1;1;1;2;1;1; ; ;14; ; ;0,896699499
19651;1;1;1; ;1;2;2;1;1;1;2;3;2;14; ; ;0,896699499
27490;1;1;1; ;1;1;1;1;1;1;1;6;6;13;4;4;0,896699499
27532;1; ;1; ;1;1;2;1;1;1;1;4;5;14;5;1;0,896699499
27601;1;1;1; ;2;2;3;1;1;1;1;6;7;15;4;4;0,896699499
38401;1;1;1; ;2;1;1;1;2;1;1;5;4;14;1;1;0,896699499
8753;2;1;1; ;2;1;2;3;2;1;4;2;8;14; ;2;0,897450973
10058;2; ;1; ;1;1;1;1;1;1;1;6;6;14;2;2;0,897450973
10086;2; ;1; ;2;1;2;1;2;5;4;9;9;15;4; ;0,897450973
14441;2;1;1; ;2;1;1;1;2;1;1; ;6;15;1;1;0,897450973
20447;2;1;1; ;1;1;2;1;1;4;1;7;6;13;5;5;0,897450973
20936;2;1;1; ;2;1;1;1;1;1;1;6;6;16;3;3;0,897450973
30639;2;1;1; ;1;1;1;1;1;1;1;7;6;16;3;2;0,897450973
44515;2;1;1; ;1;1;1;2;2;1;3;2;8;14;4;2;0,897450973
1376;1;2; ;4;2;1;1;1;2;2;1; ;3;16;1;2;0,898494914
2197;1;1;1; ;2;1;1;1;1;1;2; ;8;17;1;1;0,898494914
6183;1;1;1; ;1;1;1;1;2;1;1;6;6;15;3;2;0,898494914
6184;1; ;1; ;1;1;2;1;2;7;1;9;6;12;4;1;0,898494914
6959;1; ; ;2;2;1;1;1;2;1;1;3;7;14;2;2;0,898494914
9471;1;1;1; ;1;1;1;1;1;5;1; ;2;13;1;4;0,898494914
9487;1;1;2; ;2;2;2;1;2; ;1; ;6;15; ;4;0,898494914
36663;1; ;1; ;2;1;1;1;1;1;1;4;2;15;1;2;0,898494914
19555;2;1;1; ;2;1;1;1;1; ; ;8;8; ;1;1;0,898690574
1360;1;2; ;2;1;1;2;1;1;1;1;2;6;10; ; ;0,898855137
7355;1;1;2; ;2;1;2;1;2;7;1; ;5;15;2;2;0,899400136
15601;1;1;2; ;2;2;2;1;1;1;1;2;2;15;5;4;0,899400136
40732;1;1;1; ;1;1;1;1;1;1;1;2;4;13;4;4;0,899400136
40738;1;1;1; ;1;1;1;2;1;1;1;2;6;15;1;1;0,899400136
40742;1;1;1; ;1;1;2;1;1;1;1;3;6;11;1;2;0,899400136
708;1;1;2; ;2;1;1;5;1;1;1;7;6;14;4;4;0,899482821
4846;1;1;1; ;2;1;1;1;1;1;1;2;2;12; ; ;0,899482821
11063;1;1;1; ;1;1;1;1;2;1;1;7;6;13;2;2;0,899482821
11070;1;1;1; ;1;1;1;1;2;5;2;8;6;14;4;1;0,899482821
14163;1;1;1; ;2;2;2;2;2;1;1;6;6;16; ; ;0,899482821
15476;1; ; ;4;2;1;1;1;2;1;1;6;6;16;1; ;0,899482821
21264;2; ;1; ;1;1;1;2;2;1;1;3;6;15;3;3;0,900772817
39961;2;1;1; ;1;1;1;1;1;1;2;4;6;13;5;5;0,900772817
3761;2;1;1; ;1;1;1;1;4;7;1;9;2;15; ; ;0,901481087
2150;2;1;1; ;1;1;1;1;1;1;1;5;5; ;3;1;0,901995075
2166;2;1;1; ;2;1;1;1;1;1;1;7; ;14;3;3;0,901995075
4430;2;1;1; ;1;1;1;1;1;1;1;2;4;14;3;1;0,901995075
4440;2;1;1; ;1;1;1;1;1;1;2;5;8; ;4;4;0,901995075
4445;2;1;1; ;2;1;1;2;1;1;1;4;4;15;5;4;0,901995075
4451;2;1;1; ;1;1;1;1;1;1;1;6;6;15;2;2;0,901995075
4467;2;1;1; ;1;1;1;1;1;1;1;4;4;14;3;3;0,901995075
4477;2;1;1; ;1;1;1;1;1;1;1;7;6;16;3;3;0,901995075
4484;2;1;1; ;1;1;1;1;1;1;1;4;4;10;3;3;0,901995075
4502;2;1;1; ;1;1;1;1;1;1;1; ;4;16;3;3;0,901995075
4505;2;1;1; ;1;1;1;1;1;1;1;2;6;16;2;1;0,901995075
4508;2;1;1; ;2;2;2;1;1;1;1;1;6;16;1;1;0,901995075
4511;2; ;1; ;2;1;2;1;1; ; ;1;8; ;2;1;0,901995075
5934;2;1;1; ;1;1;2;1;1;1;1;4;5;16;5;5;0,901995075
5937;2;1;1; ;1;1;1;1;1;1;2;6;4;11;4;4;0,901995075
5966;2;1;1; ;1;1;1;1;1;1;1;4;5; ;1;1;0,901995075
5975;2; ;1; ;1;1;1;1;1;1;1;6;6;15;4;4;0,901995075
5977;2;1;1; ;2;1;1;1;1;1;1;7;5;15;4;3;0,901995075
5979;2; ;1; ;2;1;1;1;1;1;1;7;4;15;4;1;0,901995075
6332;2;1;1; ;1;1;1;1;1;1;1;5;5;11;2;2;0,901995075
6335;2;1;1; ;1;1;1;1;1;1;1;4;6;15;3;3;0,901995075
6343;2;1;1; ;2;1;2;1;1;1;1;1;1;15;4;4;0,901995075
6354;2;1;1; ;1;1;1;1;1;1;1;4;5;14;4;3;0,901995075
6365;2;1;1; ;1;1;1;1;2;1;1;6;6;15;3;3;0,901995075
6368;2;1;1; ;1;1;1;1;1;1;1;2;5;11;4;4;0,901995075
8196;2;1;1; ;1;1;1;1;1;1;2;6;8;15;4;3;0,901995075
8210;2;1;1; ;2;2;1;1;1;1;1;6;6; ;2;4;0,901995075
8228;2; ;1; ;1;1;1;1;1;1;1;4;5;16;4;4;0,901995075
8239;2;1;1; ;2;2;1;1;4; ;1;9; ;16; ;3;0,901995075
8576;2;1;1; ;1;1;1;1;2;7;1; ;6;12; ;4;0,901995075
8585;2;1;1; ;1;1;1;1;1;1;1;3;6;15;3;3;0,901995075
8593;2;1;1; ;2;1;2;1;1;1;1;1;7; ;5;1;0,901995075
8594;2; ;1; ;1;1;1;1;2;1;1;6;6;14;2;4;0,901995075
10419;2;1;1; ;1;1;1;1;2;1;1;9;6;15;2;2;0,901995075
10447;2;1;1; ;1;1;1;2;1;1;1;3;3; ;4;3;0,901995075
10451;2;1;1; ;1;1;1;1;4;7;1;9;6;14;1;3;0,901995075
10453;2;1;1; ;1;1;1;2;2;1;1;4;5;14;2;2;0,901995075
10459;2;1;1; ;1;1;1;1;1;1;1;4;4;12;2;2;0,901995075
11012;2;1;1; ;1;1;1;1;1;1;1;1;6;15;2;2;0,901995075
11027;2;1;1; ;1;1;2;2;1;1;1;5;6; ;1;1;0,901995075
11037;2;1;1; ;1;1;1;1;1;1;1;6;6;14;3;3;0,901995075
11042;2;1;1; ;2;1;2;1;4;7;1;9; ;16; ; ;0,901995075
13504;2;1;1; ;2;1;1;1;1;2;2;7;7;15;1;2;0,901995075
13534;2;1;1; ;1;1;1;1;1;1;1;1;1;15;4;3;0,901995075
15310;2;1;1; ;2;1;1;1;1;2;1;7;5;16;5;4;0,901995075
15312;2;1;1; ;1;1;1;1;1;1;1;4;4;14;4;4;0,901995075
15319;2; ;1; ;1;1;1;1;2;1;1;6;6; ;2;2;0,901995075
15323;2;1;1; ;1;1;2;1;1;1;1; ; ;15;1;3;0,901995075
15330;2;1;1; ;1;1;1;1;1;1;1;7;3;15;3;3;0,901995075
15335;2;1;1; ;1;1;1;1;1;1;1;3;2;16;2;1;0,901995075
15347;2;1;1; ;1;1;2;1;1;1;1;5;6;14;4;3;0,901995075
15696;2; ; ; ;1;1;1;1;2;7;3;9;8; ; ;3;0,901995075
15706;2;1;1; ;1;1;1;1;1;1;1;4;2;13;3;3;0,901995075
15716;2;1;1; ;1;2;2;1;2;1;1;7;7; ;3;3;0,901995075
23498;2;1;1; ;1;1;1;1;1;2;1;7;6;14;3;2;0,901995075
23500;2;1;1; ;1;1;1;2;1;1;1;4;6; ;4;2;0,901995075
23511;2;1;1; ;1;1;1;1;1;1;1;2;5;12;4;4;0,901995075
23518;2; ;1; ;1;1;1;1;1;1;1;6;6;15;4;3;0,901995075
23521;2;1;1; ;1;1;1;1;1;1;1;2;6;14;3;2;0,901995075
26051;2;1;1; ;1;1;1;1;1;1;1;6;5;16;4;4;0,901995075
26076;2;1;1; ;1;1;2;1;1;1;1;7;6;14;2;2;0,901995075
28160;2;1;1; ;1;1;1;1;1;1;3; ;8;13;4;4;0,901995075
28166;2;1;1; ;1;1;2;1;1;1;1;1;1;15;2;1;0,901995075
28171;2;1;1; ;1;1;1;1;1;1;1;4;4;15;4;4;0,901995075
28181;2;1;1; ;1;1;1;1;1;1;4;7;9;15;2;1;0,901995075
28340;1;1;1; ;1;1;2;1;2;1;3;4;9;15;5;5;0,902087252
28359;1; ; ;4;2;1;1;1;4; ;1;9;6;17; ;1;0,902087252
29219;1;2; ;2;2;1;2; ;1;2;3; ; ;13;2;1;0,902087252
35674;1;1;1; ;1;1;2;1;2;1;1;6;6;13;4;4;0,902087252
3662;2;1;2; ;2;1;2;1;2; ;4; ;6;14; ;2;0,902232468
3688;2;1;1; ;2;1;1;1;1;5;1;8;6;13;5;2;0,902232468
4601;2;1;1; ;1;1;1;1;2;1;1;7;4;16;3;4;0,902232468
29427;1;2; ;1;1;1;1;1;1;4;1; ; ;16;1;1;0,902448915
30181;2; ;1; ;2;1;1;1;1;1;1;6;6;16;4;4;0,90259419
4374;2;1;1; ;2;1;1;1;1;1;1;3;3;13; ; ;0,902743031
4099;1;1;1; ;1;1;1;2;2;1;1;5;5;13;3;3;0,903306834
7237;1;1;1; ;2;2;1;2;1;1;1;5;2;13;4;4;0,903306834
16917;1; ;1; ;2;1;2;1;2;1;1;3;2;16;5;5;0,903306834
18532;1;1;1; ;2;1;1;1;2;1;1;2;6; ;5;1;0,903306834
18569;1;1;1; ;1;1;1;1;2;1;1;4;6;13;5;4;0,903306834
20739;1;2; ;4;1;2;2;1;1;1;3;3;8;11;3;2;0,903306834
8796;1;1;1; ;1;2;2;2;2;1;1;1;2;14;1;1;0,903859757
12302;1;1;1; ;2;1;3;1;1;1;1;7;7;13;4;4;0,903859757
13056;1;1;1; ;1;1;1;1;2;1;1;4;4;15; ;4;0,903859757
19625;1;1;1; ;1;1;1; ;1;1;1;6; ;15;1;1;0,903859757
23173;1; ;1; ;1;1;1;1;1;1;1;2;7;17;5;4;0,903859757
31014;1;1;2; ;2;2;2;1;1;1;2;5;8;13;5;2;0,903859757
31032;1;1;1; ;1;1;2;1;1;1;1;4;4;12;4;1;0,903859757
39643;1;1;1; ;2;2;2;1;1;1;1;2;6;15;4;4;0,903859757
11154;2; ;1; ;1;1;1;1;2;5;1; ;4;9;4;4;0,904250477
1439;1;1;2; ;2;2;2;1; ;4;1; ;2;13; ; ;0,904315068
6298;1;1;1; ;1;1;1;1;1;1;1;3;5; ; ; ;0,904315068
9248;1;1;1; ;2;1;1;1;1;1;1;5;5;12;4;4;0,904315068
21331;1;1;1; ;2;2;1;1;1;1;1;3;3;14;5;4;0,904315068
26010;1;1;2; ;1;1;2;1;2;1;7;6; ;14; ; ;0,904315068
30171;1;1;1; ;1;1;1;1;1;1;1;4;4;10;4;4;0,904315068
30506;1;1;2; ;2;1;3;1;1;1;4;7;8;12;1;1;0,904315068
30924;1;1;1; ;1;1;1;1;1;1;1;1;6;11;2;1;0,904315068
39954;2;1;1; ;2;1;2;1;1;1;1;3;6;14;5;5;0,904685478
2172;2;1;1; ;1;1;1;1;1;1;1;7;6;13;1;1;0,905913046
5980;2; ;2; ;2;2;3;1;1;1;1;6;6;16;4;4;0,905913046
8206;2;2; ;2;1;1;1;1;2;1;1;6;6;16;3;4;0,905913046
8209;2;1;1; ;2;1;2;1;1;1;1;7;7;16;4;2;0,905913046
8572;2;1;2; ;1;1;2;4;1;5;1;8;7;16;4;3;0,905913046
10422;2; ;2; ;1;1;2;1;1;1;1;2;5;15;3;1;0,905913046
10430;2;1;1; ;2;1;2;1;1;1;3;7;8;13;4;5;0,905913046
10441;2;1;1; ;2;2;2;1;2;1;3;7;8;14;5;1;0,905913046
10445;2;1;1; ;1;1;1;1;1;1;1;4;4;15;5;5;0,905913046
11008;2;1;1; ;1;1;2;1;2;1;4;6;6;16;1;1;0,905913046
15325;2;1;1; ;2;2;1;1;2;5;1;8;6;16; ;2;0,905913046
15705;2; ;1; ;1;2;2;1;1;1;1;1;6;13;4;3;0,905913046
23492;2;1;1; ;2;2;2;1;2;1;1;3;6;15;5;4;0,905913046
23527;2;1;1; ;1;1;2;1;1;1;1;7;5;14;4;4;0,905913046
26053;2;1;1; ;1;1;1;1;1;4;4;7;6;15;4;4;0,905913046
26059;2; ;1; ;1;1;1;1;1;1;1;7;4;15;4;1;0,905913046
28180;2;1;1; ;2;1;1;1;1;1;1;7;5;16;1;1;0,905913046
11759;2; ;1; ;2;1;1;4;1;1;1;3;3;15;4;5;0,906300897
24504;2;1;1; ;1;1;1;1;2;1;1;6;5;14;1;1;0,906300897
24517;2;1;1; ;1;1;1;4;2;1;1;2;6;13;5;4;0,906300897
40398;2; ;1; ;1;1;1;4;1;1;5;6; ;15; ; ;0,906300897
19140;1;2; ;2;2;1;2;1; ;1;3; ;8;14; ; ;0,906565589
19163;1;1;1; ;2;1;1;1;1;1;1;5;4;15;4;4;0,906565589
24567;1;1;1; ;1;1;1;1;2;1;1;6;6;15;2;2;0,906565589
37794;1;1;1; ;2;1;1;1;1;1;1;9;5;14;4;3;0,906565589
15625;2;1;1; ;1;1;1;1;1;1;1;4;4;14;2;2;0,906845757
19607;2;1;1; ;1;1;1;1;2;1;1;3;6;15;4;3;0,906845757
27833;2;1;1; ;1;1;1;1;1;1;4;4;4;12;5;5;0,906845757
9746;1;1;2; ;2;2;2;1;1;1;1;7;6;14;1;4;0,906929048
6456;1;1;1; ;2;1;1;1;1;1;1;4;6;13;4;4;0,907785826
15179;1;1;1; ;1;1;1;1;2;1;1;6;6;15;4; ;0,907785826
1853;1;1;1; ;1;1;1;1;2;1;1;5;6;15; ;3;0,908243116
3832;1;1;2; ;1;1;1;1;5;1;1;2;4;11;5;3;0,908243116
9021;1;1;1; ;2;2;2;1;2;1;1; ; ;15;1;1;0,908243116
13975;1; ;2; ;2;1;1;1;2;1;1;7;6;14;4;1;0,908243116
21045;1;1;1; ;2;1; ;1;2;1;1;6;4;12;4;3;0,908243116
40892;1;1;1; ;1;1;2;1;2;1;1;6;6;10;5;3;0,908243116
40893;1;1;1; ;1;1;1;1;2;1;1;6;6;10;3;3;0,908243116
2227;1;1;1; ;2;2;2;1;3; ;1; ;6;15; ;4;0,909742389
9543;1;1;1; ;1;1;1;1;4;7;1;9;2;14; ; ;0,909742389
9554;1;1;2; ;1;1;1;1;2;1;1;6;6;10;2;2;0,909742389
10504;1;1;1; ;2;2;1;1;2;1;1;4;7;8;4;2;0,909742389
11980;1;1;1; ;2;1;1;1;2; ;1; ;4;16;1;1;0,909742389
13663;1;1;1; ;2;1;2;2;4;7;3;9;6;14;1;1;0,909742389
31297;1;1;1; ;1;2;2;2;2;7;1;9;6;9;1;3;0,909742389
31340;1;1;1; ;1;1;2;2;2;1;1;7;5;15;4;5;0,909742389
36653;1;1;1; ;1;1;1;1;1;1;1;4;4;12;4;4;0,909742389
40544;1; ;1; ;1;1;1;5;1;1;1;3;3;14;5;5;0,909742389
29670;2;1;1; ;2;1;1;1;1;1;1;2;3;15; ; ;0,910439854
32912;2; ;1; ;1;1;1;1;2;6;1; ;6;13; ; ;0,910439854
12977;2;1;1; ;1;1;1;2;1;1;1;6;2;3;2;2;0,910784797
26571;2;1;1; ;1;1;1;1;1;1;1;1;1;10;4;2;0,911182562
39738;2;1;1; ;1;1;1;1;1;1;1;6;6;16;3;3;0,911223584
22195;2;1;1; ;1;2;1;1;1;4;1;8;5; ;2;2;0,911404385
8942;1; ;1; ;2;2;2;2;2;1;1;1;2;14; ; ;0,912262786
16124;1;1;1; ;1;1;1;1;1;1;1;7;1;6;4;4;0,912262786
37754;1;1;2; ;1;1;1;4;1;1;1;7;7;15;4;1;0,912262786
42688;1;1;1; ;1;1;1;1;1;1;1;2;6;13;4;4;0,912262786
43651;1;1;1; ;1;1;1;1;1;1;1;2;6;15;5;5;0,912262786
27617;1;1;1; ;2;1;1;1;2;1;1;2;4;9;4;4;0,912674929
27624;1;1;1; ;2;2;1;1;1;1;1;5;6;12;3;1;0,912674929
35473;1; ;1; ;2;1;1;2;2;1;1; ; ;15;3;2;0,912674929
3912;1;1;1; ;1;1;1;1;1;1;1;7;6;15;5;5;0,912884237
3915;1;2; ;4;1;1;1;1;1;1;1;6;6;15;3;3;0,912884237
3925;1;1;1; ;1;1;1;1;2;6;1;9;4;11;1;1;0,912884237
3932;1;1;1; ;1;1;1;1;1;1;1;6;6;15;2;1;0,912884237
3935;1;1;1; ;1;1;1;1;2;1;2;7;7;13;2;2;0,912884237
3942;1;1;2; ;1;1;1;1;1;1;1;7;6;12;3;3;0,912884237
4092;1;1;1; ;2;1;1;1;2;1;1;7;6;16;3;3;0,912884237
4095;1;1;1; ;1;1;1;1;1;1;1;6;6; ;1;1;0,912884237
4101;1;1;1; ;1;2;2;1;1;1;1;4;4;16;4;1;0,912884237
7218;1;1;1; ;1;1;1;1;1;1;1;5;6;16;3;1;0,912884237
7221;1;1;1; ;1;1;1;1;2;1;1;4;6;9;1;3;0,912884237
7223;1;1;1; ;2;1;1;1;2;1;1;6;2;8;4;4;0,912884237
7233;1;1;1; ;1;1;1;1;1;1;4;6;8; ;2;1;0,912884237
7240;1;1;1; ;1;3;3;1;3;1;1;6;4;14;5;5;0,912884237
7251;1;1;1; ;2;1;2;2;1;1;1;6;2;14;1;2;0,912884237
7253;1;1;1; ;1;1;1;1;2;1;1;5;4;14;4;3;0,912884237
7349;1;1;1; ;1;1;1;1;1;1;1;5;5;10;4;4;0,912884237
7353;1; ;2; ;2;1;1;1;2;6;1; ;6;12; ;3;0,912884237
7362;1;1;1; ;1;1;1;1;1;1;1;4;5;14;3;3;0,912884237
7627;1;1;1; ;2;1;3;1;1;1;1;4;4; ;1;2;0,912884237
7630;1;1;1; ;1;1;1;1;1;1;1;3;3;16;3;2;0,912884237
7638;1;1;1; ;1;1;1;1;2;1;1;2;7;14;1;3;0,912884237
7644;1;1;1; ;1;1;2;1;1;1;1;6;5;12;4;2;0,912884237
7651;1;1;1; ;1;1;2;1;1;1;1;2;4;15;3;2;0,912884237
7653;1;1;1; ;1;1;1;1;2;1;1;6;4;15;5;1;0,912884237
7656;1;1;1; ;1;3;2;1;2;1;1;2;6;13;1;1;0,912884237
7660;1;1;2; ;2;2;2;1;1;1; ;7; ; ;1;1;0,912884237
7663;1;1;1; ;1;1;1;1;1;1;1;4;5;14;1;2;0,912884237
7673;1;1;1; ;1;1;2;1;2;1;1;6;6;16;2;2;0,912884237
7674;1;1;1; ;1;1;1;1;1;1;1;6;6;14;5;5;0,912884237
14241;1; ;1; ;1;1;1;2;1;1;1;7;6;16;2;2;0,912884237
14264;1;1;1; ;1;1;1;1;1;1;1;6;4;11;4;2;0,912884237
14282;1;1;1; ;1;1;1;1;1;5;1;4;4;16;3;3;0,912884237
14286;1;1;1; ;2;1;1;1;2;1;1;7;6;16;4;4;0,912884237
15573;1;1;1; ;1;1;1;1;1;1;1;4;6;14;2;2;0,912884237
15591;1;1;1; ;1;2;2;1;1;1;1;7;2; ;3;2;0,912884237
15595;1;1;1; ;1;1;1;1;1;1;1;4;6;7;3;3;0,912884237
15598;1;1;1; ;2;1;2;1;2;7;1; ;6; ; ;1;0,912884237
15604;1;1;1; ;1;1;1;1;1;1;1;1;1;16;3;2;0,912884237
15615;1;1;1; ;1;1;1;2;1;1;1;4;4;14;3;2;0,912884237
16897;1;1;1; ;2;1;1;1;4;7;1;9;2;16; ;1;0,912884237
16900;1;1;1; ;2;1;1;1;4;7;1;9;5;15;1;1;0,912884237
16915;1;1;1; ;1;1;1;1;1;1;1;6;6;15;2;1;0,912884237
16927;1;1;1; ;1;1;1;2;1;1;1;6;4;14;5;5;0,912884237
18511;1;1;1; ;1;1;1;1;1;1;1;5;5;14;4;4;0,912884237
18515;1;1;1; ;1;1;1;1;1;1;1;7; ;13;2;2;0,912884237
18516;1;1;1; ;1;2;1;1;2;1;1;5;6;13; ; ;0,912884237
18519;1;1;1; ;1;1;1;1;1;1;1; ;6;14;2;2;0,912884237
18526;1;1;1; ;2;1;1;1;2;1;1;7; ;16;2;2;0,912884237
18540;1; ;1; ;1;1;1;1;1;1;1;4;4;13; ; ;0,912884237
18541;1;1;1; ;1;1;1;1;1;4;3;8;8; ;1;1;0,912884237
18546;1;1;1; ;2;1;1;1;2;6;7; ;9;14;2; ;0,912884237
18550;1;1;1; ;1;1;1;1;1;1;1;5;6;15;2;2;0,912884237
18552;1;1;1; ;1;1;1;1;1;1;1; ;6;15;3;3;0,912884237
18560;1;1;1; ;1;1;1;1;1;1;3;6;8; ;1;1;0,912884237
18576;1;1;1; ;1;1;1;1;2;1;1;4;5;14;2;1;0,912884237
20717;1;1;1; ;1;1;1;1;2;1;1;7;6; ;1;1;0,912884237
20737;1;1;1; ;2;1;2;1;1;1;3;7;9; ;2;2;0,912884237
20740;1;1;2; ;2;1;2;1;1;1;1;7;6;15;2;2;0,912884237
21471;1;1;1; ;1;2;2;1;1;5;1;8;4;16;4;4;0,912884237
40747;1;1;1; ;2;1;1;1;2;1;7;6;9;11;1;1;0,912884237
40748;1;1;1; ;1;1;1;1;2;1;1;4;6;15;5;5;0,912884237
40751;1;1;2; ;2;1;2;1;2;1; ;2;6;15; ; ;0,912884237
10487;1; ;1; ;1;2;2;1;2;1;1;4;6;14;3; ;0,913694011
11364;1; ;2; ;2;2;2;1;1;1;1;7;5;16;5;1;0,913694011
11992;1;1;1; ;1;1;1;1;2;1;1;7;6;12;5;4;0,913694011
12006;1;1;1; ;2;1;1;1;2;1;1;7;7;15;3;4;0,913694011
20340;1;1;1; ;2;2;2;1;1;1;1;1;7;15;4;4;0,913694011
1496;2; ;1; ;1;2;2;1;2;1;1;3;3;14;2;1;0,914277498
1640;2;1;1; ;2;1;1;1;1;1;1;4;5;16;2;2;0,914277498
1669;2; ;1; ;2;2;2;3;2;2;2; ; ;16; ;1;0,914277498
2873;2;1;1; ;1;1;1;1;2;1;1;7;6;16;4;2;0,914277498
2884;2;1;1; ;1;1;1;1;1;1;1;7;6;15;3;1;0,914277498
2889;2;1;1; ;1;1;2;1;1;5;3;7;8; ;1;1;0,914277498
2898;2;1;1; ;2;1;2;1;1;2;1;8;6; ;1;1;0,914277498
2903;2;1;1; ;1;2;2;1;1;1;1;7;7;16;2;2;0,914277498
2908;2;1;1; ;1;1;1;1;1;1;1; ; ;14;5;1;0,914277498
2997;2;1;1; ;1;1;2;1;1;1;3;7;8; ;1;1;0,914277498
3016;2;1;1; ;1;1;1;1;1;1;1;7;6;16;2;2;0,914277498
3018;2;1;1; ;1;1;1;1;1;5;1;4;4;16;5;4;0,914277498
3024;2;1;1; ;1;1;1;1;1;1;1;6;4;15; ; ;0,914277498
10126;2;1;1; ;1;1;1;1;1;1;1; ; ;15;4;4;0,914277498
10132;2; ;1; ;1;1;1;1;2;1;1;5;5;15;3;3;0,914277498
10155;2;1;1; ;1;1;1;2;2;1;3;7;8;15;1;4;0,914277498
19261;2;1;1; ;1;1;1;1;1;1;1;2;2;16;1;1;0,914277498
19262;2;1;1; ;2;2;2;1;1;1;2;2;8;15;5;1;0,914277498
19265;2;1;1; ;1;1;1;1;2;1;1;1;7;16;2;2;0,914277498
19268;2;1;1; ;1;1;1;1;1;1;1;2;5;15;5;5;0,914277498
19290;2;1;1; ;1;1;1;1;1;1;1;2;6;16;3;3;0,914277498
21272;2;1;2; ;1;1;1;1;1;1;1;2;4;13;2;1;0,914277498
22688;2;1;1; ;2;1;3;2;2;1;1;6;6; ;4;2;0,914277498
22699;2;1;1; ;2;1;1;1;1;1;3;2;8; ;1;1;0,914277498
22701;2;1;1; ;1;1;1;1;2;1;1;7;7;16;2;2;0,914277498
22703;2;1;1; ;2;1;1; ;4;1;7;2;9;15;1;1;0,914277498
22709;2;1;1; ;1;1;1;1;1;1;1;7;7;16;3;3;0,914277498
26146;2;1;2; ;1;1;2;1;1;1;1;1;1;15;3;2;0,914277498
26151;2; ;2; ;2;1;1;1;2;1;2;6;8;16;4;1;0,914277498
26157;2;1;1; ;1;1;2;1;1;1;3;3;8;12;5;4;0,914277498
26171;2;1;1; ;1;2;1;2;2;1;1;7;7;15;4;4;0,914277498
35543;2;1;1; ;1;1;1;1;1;2;3;8;8; ;1; ;0,914277498
35551;2; ;1; ;2;1;2;2;2;7;2;9;8;15;4;1;0,914277498
35554;2;1;1; ;2;1;1;1;1;1;1;3;3;15;3;3;0,914277498
35562;2;1;1; ;1;1;1;1;1;1;1;7;6; ;2;2;0,914277498
35590;2; ;1; ;2;1;1;1;1;1;3;2;8; ;1;1;0,914277498
36610;2;1;1; ;1;1;1;1;1;1;1;4;4;15;4;4;0,914277498
36612;2;1;1; ;1;1;1;1;2;2;1;8;7; ;4;1;0,914277498
36622;2;1;1; ;1;1;1;1;1;1;1;2;6;14;4;2;0,914277498
36631;2;1;1; ;2;1;2;1; ;7;3;9;7;15;3;3;0,914277498
36992;2;1;1; ;1;1;1;1;2;1;1;7;6; ;1;2;0,914277498
37002;2;1;1; ;1;1;2;1;1;1;1;4;6;10;5;5;0,914277498
39936;2;1;1; ;2;1;1;1;2; ;3; ;8; ; ;1;0,914277498
39963;2;1;1; ;1;1;1;1;2;1;1;7;6; ;1;1;0,914277498
39966;2;1;1; ;1;1;1;1;2;1;1;6;6;14;4;4;0,914277498
7734;1;1;1; ;1;1;1;1;1;1;1;2;5;10;3;3;0,915597031
17112;1;1;1; ;1;1;1;1;1;1;1;6;5;14;5;5;0,916177543
17120;1;1;1; ;1;1;1;1;1;1;1;7;6;14;5;5;0,916177543
26306;1;1;1; ;1;1;1;1;1;2;1;8;4;14;5;5;0,916177543
5801;1;1;2; ;1;2;2;1;1;4;6;7;6;13;5;4;0,916225356
5837;1;1;1; ;1;1;1;1;1;1;1;2;6;15;5;4;0,916225356
8922;1;1;1; ;1;1;1;1; ;1;1;1;1;15; ; ;0,916225356
8947;1;1;1; ;2;3;3;2;1;1;1;7;6;13;2;2;0,916225356
15488;1;2; ;4;2;1;3;1;2;1;1;7;7;16;4; ;0,916225356
15489;1;1;1; ;2;2;3; ;2;3;1;8;7;16;1;3;0,916225356
16123;1;1;1; ;1;1;2;1;1;1;1;7;7;12;4;4;0,916225356
19299;1;1;2; ;2;2;1;1;2;7;1;9;6;9;1;1;0,916225356
25347;1;1;2; ;1;1;1;1;1;1;1;2;4;9;5;1;0,916225356
37719;1;1;1; ;1;1;1;1;2;1;1;4;4;14;3;2;0,916225356
7604;1;1;1; ;1;2;2;1;1;1;1;1;1;15;3;3;0,916544856
18619;1;1;2; ;2;1;2;1;2;1;1;7;6;14;5;3;0,916544856
36197;1; ;1; ;1;1;1;1;1;1;1;4;6;13;4;1;0,916544856
37824;1;1;1; ;1;1;1;2;1;1;1;4;4;17;3;3;0,916544856
782;2; ;1; ;1;1;2;2;2;1;1;1;6;11;5;5;0,91667701
11993;2;1;1; ;1;1;1;1;1;1;1;7;6;14;4;2;0,91667701
3924;1;1;1; ;2;1;2;1;1;1; ; ; ;17;1;1;0,916849506
7250;1;1;1; ;2;1;1;1;1;1;1;6;6;16;1;1;0,916849506
7368;1;1;1; ;2;1;1;1;1;1; ;8;8;14;1;1;0,916849506
7655;1;1;1; ;1;1;1;1;1;1;1;7;7;10;3;3;0,916849506
7666;1;1;1; ;2;1;1;1;1;1;1;2;2;15;5;4;0,916849506
7670;1;1;1; ;1;1;1;1;1;1;1;5;5;15;3;2;0,916849506
14254;1;1;2; ;2;2;1;1;2;6;1;9;7;14;1;3;0,916849506
15606;1;1;2; ;1;2;1;1;1;1;1;4;4;16;4;1;0,916849506
20722;1;1;2; ;2;1;2;1;2;1;1;6;6;15;1;1;0,916849506
20728;1;2; ;2;2;2;1;1;1;1;2; ; ;17;2; ;0,916849506
1423;1;1;1; ;2;1;1;1;2;1;1;2;7;8;4;1;0,917410718
4655;1;1;1; ;2;1;2;1;1;1;1;6;6;14;3;3;0,917410718
4670;1;1;1; ;1;1;1;1;1;1;1;4;2;14;5;5;0,917410718
4673;1; ;1; ;1;1;1;1;2;2;1;8;5;15;5;1;0,917410718
4678;1;1;1; ;1;1;1;1;2;1;2;7;8; ;2;1;0,917410718
4681;1;1;1; ;1;1;1;1;1;1;2;4;8;14;5;1;0,917410718
4688;1;1;1; ;1;1;1;1;1;1;1;6;6; ;1;1;0,917410718
4694;1;1;2; ;2;1;1;1;1;1;3;9;9; ;1;1;0,917410718
5336;1;1;1; ;1;2;2;2;1;1;5;4;8;15;5;4;0,917410718
6420;1;1;1; ;1;1;1;1;2;1;1;4;4;15;4;4;0,917410718
6430;1;1;1; ;1;1;1;1;2;1;1;3;4; ;3;1;0,917410718
6436;1;1;1; ;2;1;1;1;1;1;1;2;6;17;2;2;0,917410718
6444;1;1;1; ;1;1;1;1;1;1;1;7;6;15;2;1;0,917410718
6453;1;1;1; ;1;2;3;1;1;1;1;3;4;16;5;4;0,917410718
6458;1;1;1; ;1;1;1;1;1;1;1;6;6;15;2;2;0,917410718
6649;1;1;1; ;2;2;2;1;2;1;1;6;6; ;3;3;0,917410718
6652;1;1;1; ;1;3;3;1;2;1;1;6;6;16;2;2;0,917410718
6654;1;1;1; ;1;1;1;1;1;1;1;2;4;16;2;2;0,917410718
6660;1;1;1; ;1;1;1;1;1;1;1;4;4;13;3;3;0,917410718
6672;1;1;1; ;1;2;2;1;1;1;1;4;6;16;2;2;0,917410718
6679;1;1;1; ;1;1;1;1;1;1;1;7;7;15;5;4;0,917410718
6682;1;1;2; ;1;1;1;1;1;4;1;8;1; ;1;2;0,917410718
7382;1;1;1; ;1;1;1;1;2;1;4;2;7;14;1;1;0,917410718
7383;1;1;1; ;1;1;1;1;1;1;1;4;5;10;1;1;0,917410718
7385;1;1;1; ;1;2;1;1;1;1;4;7;6;16;1;1;0,917410718
7395;1;1;1; ;1;1;1;2;1;1;1;2;6;14;4;1;0,917410718
7401;1;1;1; ;2;1;2;1;1;1;1;7;6;15;2;1;0,917410718
7415;1;1;1; ;1;1;1;1;2;1;1;5;7;16;5;3;0,917410718
9087;1;1;1; ;2;2;1;1;1;1;1;6;6;16;3;3;0,917410718
9109;1;1;1; ;1;1;1;1;1;1;1;4;6;16;1;1;0,917410718
9144;1;1;1; ;1;1;1;1;1;1;3;7;8; ;1;1;0,917410718
9801;1;2; ;2;2;1;1;1;2;1;1; ; ; ;2;1;0,917410718
9804;1;1;1; ;1;1;1;2;2;1;1;6;6;12;2;2;0,917410718
13048;1; ;1; ;1;1;1;1;1;1;1;4;4;15;2;2;0,917410718
13081;1;1;1; ;1;1;1;1;1;2;6;6; ;12;2;2;0,917410718
14192;1;1;1; ;1;1;1;2;2;7;1;9;4;12; ;4;0,917410718
14198;1;1;1; ;1;1;1;1;1;1;3;5;8; ;3;2;0,917410718
14204;1;1;1; ;1;1;1;1;1;1;1;4;5;16;4;4;0,917410718
14215;1;1;1; ;1;1;1;1;1;1;1;2;6;15;1;1;0,917410718
14222;1;1;1; ;1;1;1;1;1;1;1;2;6;7;5;4;0,917410718
14226;1;1;1; ;1;1;2;1;1;1;1;3; ;17;1;3;0,917410718
14234;1;1;1; ;1;1;1;1;1;1;1;5;6;15;1;2;0,917410718
14661;1;1;1; ;2;1;1;1;1;3;3;6; ; ;1;1;0,917410718
15167;1;1;1; ;1;1;2;1;2;1;1;7; ;16;3;1;0,917410718
15173;1;1;1; ;2;1;1;1;1;1;1;3;6;14;4;4;0,917410718
15225;1;1;1; ;1;1;1;1;1;1;1;2;2;12;4;4;0,917410718
15361;1;1;1; ;1;1;1;1;2;1;1;7;7;16;5;2;0,917410718
15390;1;1;1; ;2;1;1;1;1;2;1;8;4;15;4;4;0,917410718
16327;1;1;1; ;1;1;1;1;2;1;4;4;8;12;2;2;0,917410718
17996;1;1;1; ;1;1;1;1;1;1;1;4;4; ;2;2;0,917410718
18690;1;1;2; ;2;1;2;1;1;3;3;8;8; ;1;1;0,917410718
18693;1;2; ;1;2;1;2;1;2;1;1; ; ; ;1;1;0,917410718
18699;1;1;1; ;1;1;1;1;2;1;1; ;4; ; ; ;0,917410718
18705;1;1;1; ;2;1;2;1;2; ; ;6;4;15;1;1;0,917410718
18773;1;1;1; ;2;1;1;1;4;7;5;9;8; ;1;1;0,917410718
18775;1;1;1; ;1;1;2;1;2;1;1;4;4;15;3;5;0,917410718
18777;1;1;1; ;1;2;2;1;1;1;1;5;4;11;4;1;0,917410718
19599;1;1;1; ;2;2;2;1;1;4;1;8;5;17;2;2;0,917410718
19620;1;1;1; ;2;1;2;1;2;7;1;9;7;17; ;3;0,917410718
19833;1;1;2; ;1;1;2;1;1;1;1;7;5;12;4;3;0,917410718
19932;1;1;1; ;2;1;2;1;1;1;1;6;4;17;4;4;0,917410718
19940;1;1;2; ;1;1;1;1;1;1;1;6;2;15;2;2;0,917410718
20239;1;1;1; ;1;1;2;1;2;1;1;4;4;14;2;2;0,917410718
20252;1; ;1; ;2;2;2;1;2;1;1;2;2;16;4;1;0,917410718
20258;1;1;1; ;1;1;1;1;1;1;1;7;6;16;2;2;0,917410718
20262;1;1;1; ;1;1;2;1;1;1;3; ;8;15;2;2;0,917410718
20266;1;1;1; ;1;1;1;1;2;1;4;4;4;16;2;1;0,917410718
20269;1;1;1; ;1;1;3;1;1;1;1;7;4; ;4;1;0,917410718
21420;1; ;1; ;2;1;1;2;2;1; ;6; ; ;3;3;0,917410718
22545;1;1;1; ;2;2;2;1;1;1;1;6; ;11;4;4;0,917410718
22557;1;1;1; ;1;1;1;1;1;5;1; ;6;14;1;1;0,917410718
22559;1;1;1; ;2;1;1;1;2;1;1; ; ; ;2;1;0,917410718
22577;1; ;1; ;2;3;3;2;2;1;1;5;4; ;4;1;0,917410718
23143;1;1;1; ;1;1;1;1;1;1;1;5;6;16;5;4;0,917410718
23163;1;1;1; ;1;1;1;1;1;1;1;6;6;16;4;4;0,917410718
23165;1;1;1; ;1; ;2;1;1;2;2; ; ; ;1;1;0,917410718
23168;1;1;1; ;2;2;1;1;1;1;1; ; ;16;4;4;0,917410718
24076;1;1;1; ;1;1;1;1;1;1;1;6;6;12;4;4;0,917410718
27831;1;1;1; ;1;1;1;1;1;1;1;4;4;16;5;4;0,917410718
27856;1;1;1; ;1;1;1;1;2;1;1;7;7;14;2;2;0,917410718
28296;1;1;1; ;1;1;1; ;1;1;1;2;6;13;2;2;0,917410718
28300;1;1;1; ;1;1;1;2;1;1;5;7;8;14;2;3;0,917410718
28311;1;1;1; ;1;1;1;1;2;1;2;7;8; ;2;1;0,917410718
31000;1;1;1; ;1;1;1;1;1;1;1;7;6;15;3;3;0,917410718
35173;1;1;1; ;2;1;1;1;2;1;1;7;6; ;1;1;0,917410718
35174;1;1;1; ;1;1;2;1;1;1;1;3;2;14;2;2;0,917410718
35178;1;1;1; ;2;1;2;1;2;1;1;2;6;15;5;1;0,917410718
37371;1; ;1; ;2;1;2;1;1;1;1; ; ;15;1;1;0,917410718
37400;1;1;2; ;1;3;2;1;1;1;1;7;7;15;5;2;0,917410718
37467;1;1;1; ;1;2;3;1;1;1;1;6;6;10;3;3;0,917410718
37551;1; ;1; ;2;2;2;2;1;1;1;7;6;16;1;1;0,917410718
39623;1;1;1; ;1;1;1;1;2;1;1; ;6; ;2;3;0,917410718
39653;1;1;1; ;2;1;2;2;2;1;1;6;2;15;1;4;0,917410718
39663;1;1;1; ;1;1;1;1;1;1;1;4;4;12;5;5;0,917410718
42961;1;1;1; ;1;1;2;1;1;1;1;5;7; ;3;3;0,917410718
42971;1;1;1; ;1;1;1;1;5;1;1;6;6;17;2;2;0,917410718
43042;1;1;1; ;2;1;2;1;2;1;1; ; ;14;3;2;0,917410718
43043;1;1;1; ;1;1;1;1;1;1;1;4;5;12;4;2;0,917410718
43051;1;1;1; ;1;1;1;1;4;7;1;9;7;15;1;1;0,917410718
43094;1;1;1; ;1;2;2;1;1;1;1; ; ;14;2;1;0,917410718
43096;1;1;1; ;2;2;2;1;2;1;3;7;8;16;4;4;0,917410718
43099;1;1;1; ;1;1;1;1;2;1;1;7;6;13;4;1;0,917410718
43117;1;1;1; ;2;1;2;1;1;1; ;2;8; ;1;1;0,917410718
43143;1;1;1; ;1;1;2;1;1;1;1;6;4;14;2;2;0,917410718
44772;1;1;1; ;1;1;2;1;1;1;1;6;6;16;4;4;0,917410718
11141;2;1;1; ;1;1;1;1;1;1;1;4;4;18;5;1;0,917807296
11142;2;1;1; ;1;1;1;1;1;1;1;7; ;16;3;3;0,917807296
11144;2;1;1; ;1;1;1;1;1;1;1; ; ;12;5;2;0,917807296
11146;2; ;1; ;2;1;1;1;1;1;1;7;6;15;2;1;0,917807296
11152;2; ;1; ;1;1;1;1;1;1;1;6;5;12;2;2;0,917807296
11155;2; ;1; ;1;1;1;1;2;1;3; ; ; ;2;1;0,917807296
11170;2;1;1; ;2;2;2;1;1;1;1;7;7; ;1;1;0,917807296
11179;2; ;1; ;1;1;1;1;1;2;1;9;4;10;4;4;0,917807296
11181;2;1;1; ;1;1;1;1;2;1;1;7;5;14;5;4;0,917807296
11193;2;1;1; ;1;1;1;1;2;1;1;6;6;13;1;1;0,917807296
11201;2;1;1; ;1;1;1;1;1;1;1;7;6;15;2;2;0,917807296
11202;2;1;1; ;1;1;1;1;1;1;1;3;3;15;4;4;0,917807296
11206;2;1;1; ;2;1;2;1;1;5;1; ;6;16;1;1;0,917807296
11208;2;1;1; ;1;1;1;1;2;1;1;7;6;9;2;3;0,917807296
11222;2;1;1; ;1;1;1;1;1;1;1;4;4;15;5;5;0,917807296
11237;2;1;1; ;2;1;1;1;1;1;3;2;8; ;3;3;0,917807296
11241;2;1;1; ;1;1;1;1;1;1;1;6;6; ;5;5;0,917807296
11269;2;1;1; ;1;1;1;1;1;1;1;2;6;15;2;2;0,917807296
11389;2;1;1; ;2;3;2;1;1;1;2; ; ; ;4;3;0,917807296
11400;2; ;2; ;2;2;3;1;2;1;2;6;8;17;3;3;0,917807296
11411;2;1;1; ;2;1;1;1;2;1;3;4;8;17;4;4;0,917807296
11416;2;1;1; ;1;1;1;2;1;1;1;5;5;15;1;1;0,917807296
11424;2; ; ; ;1;3;3;1;2;6;1; ; ; ; ; ;0,917807296
11498;2; ;1; ;2;1;1;1;2;1;1;6;6;16;1;2;0,917807296
11501;2;1;1; ;2;1;1;1;2;1;1;4;6;16;5;2;0,917807296
11505;2;1;1; ;2;1;1;2;1;1;1;1;1;16;5;3;0,917807296
11517;2;1;1; ;1;1;1;1;1;5;1; ; ; ;2;2;0,917807296
11874;2; ;1; ;1;1;1;1;1;1;1;4;7;16;4;4;0,917807296
11892;2;1;1; ;2;2;3;1;2;6;1;6;6; ; ;1;0,917807296
12247;2;1;1; ;1;1;1;2;1;1;1;7;5;15;5;3;0,917807296
12268;2;1;1; ;2;2;1;1;1;1;1;6;6;13;2;2;0,917807296
12271;2;1;1; ;1;1;2;1;1;1;1;7;7; ;1;1;0,917807296
12375;2;1;1; ;1;1;1;1;1;1;2;4;6; ;4;4;0,917807296
12381;2;1;1; ;1;1;1;1;1;1;1;4;7;13;4;4;0,917807296
12382;2;1;1; ;1;1;1;1;1;1;1;7;6;13;1;2;0,917807296
12396;2;1;1; ;1;1;1;1;1;1;1;2;2;17;3;3;0,917807296
12411;2;2; ;1;2;1;1;1;1;1;3; ;8; ;1;1;0,917807296
16597;2;1;1; ;1;2;3;1;1;5;1;8;6; ;3;3;0,917807296
16602;2; ;1; ;2;1;2;1;1;1;1;7;6;14;3;3;0,917807296
16606;2;1;1; ;1;1;1;1;1;1;1;4;6;6;5;5;0,917807296
16608;2;1;1; ;1;2;3;1;1;1;1;6;6;19;3;3;0,917807296
16615;2;1;1; ;1;1;1;1;2;1;1;6;2;15;4;1;0,917807296
16617;2;1;1; ;1;1;2;1;1;1;1;4;4;17;5;5;0,917807296
16628;2;1;1; ;1;1;1;1;2;1;1;6;6;10;4;3;0,917807296
17333;2;1;1; ;1;1;1;1;1;1;1;5;6;16;2;2;0,917807296
17338;2; ;1; ;2;2;2;1;2;1;2;6;8;16; ; ;0,917807296
17350;2;1;1; ;2;1;2;1;2;1;1;6;6;10;4;4;0,917807296
17359;2;1;1; ;2;1;2;1;4; ;1; ;4;16;2;1;0,917807296
17391;2;1;1; ;1;1;2;1;1;1;1;2;6;15;4;4;0,917807296
17404;2;1;1; ;1;1;1;1;1;1;1;2;2;15;5;4;0,917807296
17738;2;1;1; ;2;2;2;1;1;6; ;8;8; ;1;1;0,917807296
17756;2;1;1; ;1;1;1; ;1;1;3; ;8; ;1;1;0,917807296
17762;2;1;1; ;1;2;2;1;1;1;1;4;5;16;2;2;0,917807296
17764;2;1;1; ;1;2;2;1;2;1;1;7;6;16;3;1;0,917807296
763;1;1;1; ;2;1;1;1;1;1;1;6;6;17;2;2;0,917872856
1273;1; ;1; ;1;1;2;1;1;1;1; ; ;16;4;4;0,917872856
1276;1;1;1; ;1;1;1;1;2;7;2;9;6;16;1;1;0,917872856
1333;1;1;1; ;1;1;1;1;1;1;1;4;4;17;2;1;0,917872856
1432;1;2; ;1;2;2;2;1;1;1;3;7; ;15; ; ;0,917872856
1442;1;1;1; ;1;1;1;1;1;1;1;7;4;14;1;1;0,917872856
1455;1;1;1; ;2;1;1;1;2;1;1;7;6; ;2;1;0,917872856
1468;1;1;1; ;1;2;2;1;1;1;1;4;4;12;3;3;0,917872856
1795;1;1;1; ;1;1;1;1;2;6;1;8;4;15; ;4;0,917872856
3657;1;1;1; ;1;1;1;1;2;1;1;2;4;10;3;4;0,917872856
3663;1;1;1; ;1;1;1;1;1;1;1;6;6;14;2;1;0,917872856
3671;1;1;2; ;2;1;2;1;2;1;1;4;6; ;1;2;0,917872856
3675;1;1;1; ;1;1;1;1;1;1;1;6;6; ;4;4;0,917872856
3696;1;1;1; ;2;1;1;1;1;1;1;6;6; ;1;1;0,917872856
3829;1;1;1; ;1;1;1;1;2;1;1;6;6; ;4;3;0,917872856
3853;1;1;1; ;1;1;1;1;2;2;1;8;6;9;1;2;0,917872856
3857;1;1;1; ;1;1;1;1;1;1;1;4;4;15;3;3;0,917872856
3858;1;1;3; ;1;1;1;1;1;1;1;2;2;15;2;2;0,917872856
3863;1;1;1; ;2;1;2;1;2;1;1;6;6;16;4;4;0,917872856
4602;1;1;1; ;1;1;1;1;2;1;1;7;6;10;5;3;0,917872856
5782;1;1;1; ;1;1;1;1;1;1; ;6;6;15;1;1;0,917872856
5789;1;1;1; ;2;1;2;1;1;1;1;3;6;12;4;4;0,917872856
5792;1;1;1; ;1;1;1;1;1;1;1;4;6; ;4;3;0,917872856
5890;1;1;1; ;2;1;2;1;2;1;4;3; ; ;3;1;0,917872856
5912;1;1;1; ;1;1;1;1;1;1;1;4;6;14;3;1;0,917872856
5916;1;1;1; ;1;2;1;1;1;1;1;1;6;16;4;4;0,917872856
5920;1;1;1; ;1;1;1;1;2;1;1;4;5;14;4;4;0,917872856
5927;1;1;1; ;1;1;1;1;1;1;1;4;4;7;4;4;0,917872856
6317;1;1;1; ;2;1;1; ;4; ;1; ; ; ; ;1;0,917872856
6733;1;1;1; ;1;1;1;1;1;1;1;7;4;14;1;1;0,917872856
6754;1;1;1; ;2;1;1;1;1;1;1; ; ;16;2;2;0,917872856
6793;1;1;1; ;1;1;1;1;1;1;1; ; ;18;4;2;0,917872856
6817;1;1;1; ;1;1;1;1;1;1;1; ;6; ;1;1;0,917872856
6835;1;1;1; ;1;1;1;1;1;1;1;6;6;10;3;3;0,917872856
6850;1;1;2; ;1;1;1;1;2;1;1;6;6;13;2;2;0,917872856
6858;1;1;1; ;1;2;2;1;1;1;1;4;5;10;5;4;0,917872856
7047;1;1;1; ;2;1;2;1;2;1;3;5; ;17;2;1;0,917872856
7263;1;1;1; ;1;1;1;1;2;1;1;2;5; ;1;1;0,917872856
7541;1;1;2; ;2;1;2;1;2;1; ;2; ; ;2;2;0,917872856
7545;1;1;1; ;1;1;1;1;2;1;1;5;5; ; ;2;0,917872856
7561;1;1;2; ;1;1;1;1;1;1;1;4;4;10; ; ;0,917872856
8603;1;1;1; ;2;1;2;2;2;1;1;6;6;15;1;4;0,917872856
9000;1;1;1; ;1;1;1;1;1;1;1;6;5;15;1;1;0,917872856
9251;1;1;1; ;2;1;1;1;1;1;1;3;4; ;2;1;0,917872856
9272;1;1;1; ;1;1;1;1;2;1;1;6;6; ;4;2;0,917872856
9275;1;1;1; ;2;1;1;1;1;1;1;4;6;16;4;4;0,917872856
9325;1;1;1; ;1;1;1;1;1;1;1;4;6;16;4;1;0,917872856
9339;1;1;1; ;1;1;1;1;2;1;1;7;6;14;4;4;0,917872856
9350;1;1;1; ;2;1;1;1;2;1;3;3; ;15;5;1;0,917872856
9369;1; ;1; ;2;1;2;1;2;1;1;6;6; ;1;2;0,917872856
9419;1;1;1; ;2;2;2;1;1;4;4;7;4;14;4;4;0,917872856
9428;1;1;1; ;2;1;1;1;2;1;1; ; ;13;3;3;0,917872856
9622;1;1;1; ;1;1;1;1;2;1;1;4;4;12;4;4;0,917872856
9664;1;1;1; ;2;1;1;2;1;1;1;2;6;14;2;2;0,917872856
10003;1;1;1; ;1;1;1;1;1;1;2;7;8;15;3;3;0,917872856
10327;1;1;1; ;2;1;1;1;4;7;1;9;6;16;1;1;0,917872856
12504;1;1;1; ;1;1;1;1;1;1;1;6;4; ;2;1;0,917872856
12535;1;1;1; ;2;2;2;1;2;1;4;7;5;10;1;1;0,917872856
13961;1;1;2; ;2;1;1;3;2;1;1;7;7;16;2;2;0,917872856
13974;1;1;1; ;2;1;1;1;2;1;6;7;8;14;2;5;0,917872856
13998;1;1;1; ;1;1;1;1;1;1;1;7;6; ;1;1;0,917872856
14336;1;1;1; ;2;2;2;1;4;7;6;9; ; ;1;1;0,917872856
15860;1;1;1; ;2;1;1;1;1;1;1; ; ;16;5;5;0,917872856
15874;1;1;1; ;1;1;2;1;1;1;1; ;6; ;1;1;0,917872856
16261;1;1;1; ;2;1;3;1;1;1;1; ; ; ;2;2;0,917872856
16268;1;1;1; ;2;1;1;1;2; ;2; ; ; ; ; ;0,917872856
16277;1;1;1; ;1;1;1;1;1;1;1; ;6;13;5;5;0,917872856
16283;1;1;1; ;2;2;3;1;1; ; ;5;6;12;4;1;0,917872856
16290;1;1;1; ;1;1;1;1;2;1;1;7;4; ;3;3;0,917872856
16292;1;1;1; ;1;1;2;2;1;1;1;6;6;12;2;2;0,917872856
16294;1;1;1; ;1;1;1;1;1;1;1;6;6;15;2;2;0,917872856
16305;1;1;1; ;1;1;1;1;1;1;1;6;5;13;3;3;0,917872856
16306;1;1;1; ;1;1;1;1;1;2;1;8;7; ;1;1;0,917872856
17039;1;1;1; ;1;1;1;1;4;7;1;9;6;16;3;3;0,917872856
17040;1;1;1; ;1;1;1;1;1;1;1;6;6;13;4;4;0,917872856
17043;1;1;1; ;1;1;1;1;1;1;3;7;6;16;4;4;0,917872856
17044;1;1;1; ;1;1;1;1;1;1;1;2;2;15;2;2;0,917872856
17047;1;1;1; ;2;1;1;1;2;1;1;7;6;17;5;3;0,917872856
17049;1;1;1; ;2;1;1;1;1;1;1; ;6;15;5;5;0,917872856
17056;1;1;1; ;2;1;1;1;1;1;1;4;7;14;2;2;0,917872856
17057;1;1;1; ;1;1;1;1;1;1;1;4;4;15;2;2;0,917872856
17058;1;1;1; ;1;1;1;1;2;1;1;4;6;13;4;4;0,917872856
17060;1;1;1; ;2;1;2;1;1;1;1; ; ;16;1;1;0,917872856
17061;1;1;1; ;1;1;2;1;1;1;3;4;8; ;1;1;0,917872856
19548;1; ;1; ;1;1;1;1;1;1;1;4;5; ;1;1;0,917872856
19558;1; ;1; ;2;2;3;1;1;1;1;6;6; ;2;1;0,917872856
19559;1;1;1; ;1;1;1;1;2;7;1;9;6;13;2;2;0,917872856
19570;1;1;1; ;1;1;1;1;1;1;1;4;5;15;2;1;0,917872856
19574;1;1;3; ;1;1;1;1;2;7;1; ;4;17; ;1;0,917872856
19580;1;1;1; ;1;1;1;1;1;1;1;4;4;13;5;5;0,917872856
19583;1; ;1; ;2;1;1;1;1;1;1;4;6;14;2;2;0,917872856
19767;1;1;1; ;1;1;1;1;2;1;1;5;4;15;3;3;0,917872856
20006;1;1;1; ;1;1;1;1;1;1;1;7;5; ;1;1;0,917872856
20877;1;1;1; ;1;1;1;1;2;1;1;6;6; ;1;1;0,917872856
20882;1;1;1; ;2;1;1;1;1;1;1;7;2;14;4;3;0,917872856
20905;1;1;1; ;1;1;1;1;2;2;1;8;6; ; ; ;0,917872856
20977;1;1;1; ;1;1;1;1;1;1;3;6;8; ;1;1;0,917872856
21019;1;1;1; ;1;1;1;1;2;1;1;6;4; ;5;4;0,917872856
21173;1;1;1; ;1;1;1;1;2;1;1;4;4;13;4;3;0,917872856
21307;1;1;1; ;1;1;1;1;1;1;2;2;8; ;4;4;0,917872856
21312;1;1;1; ;1;1;1;1;1;1;1; ; ; ;3;3;0,917872856
21321;1;1;1; ;1;1;1;1;2;1;1; ; ;15;1;1;0,917872856
21323;1;1;1; ;1;1;1;1;1;1;1;2;6;17;3;3;0,917872856
21330;1;1;1; ;1;1;1;1;1;5;3;8;8; ;4;4;0,917872856
21666;1;1;1; ;1;1;1;1;2;1;1;7;5;13;1;5;0,917872856
21679;1; ;1; ;2;1;1;1;1;1;1;6;6;14;3;3;0,917872856
26044;1;1;1; ;1;1;1;1;1;1;1;4;4;17;1;1;0,917872856
30132;1;1;1; ;1;1;2;1;4;7;1;9; ;15; ;3;0,917872856
30162;1;1;1; ;1;1;1;1;1;1;1;6;6;14; ; ;0,917872856
30509;1; ;2; ;2;1;2;1;1;1;1;6;6; ;4;2;0,917872856
30527;1;1;1; ;1;1;1;1;2;1;1;4;6;15;1;1;0,917872856
30545;1;1;1; ;1;1;1;1;2;1;1; ; ;16;4;1;0,917872856
30558;1;1;1; ;1;1;1;1;2;1;2;7;8; ;5;1;0,917872856
30820;1; ;2; ;1;1;1;1;2;1;1;7;7;18;1;1;0,917872856
30829;1;1;2; ;1;1;2;1;2;1;1;3;7;11;4; ;0,917872856
30841;1;1;1; ;1;1;1;1;2;1;7;7;4;8;5; ;0,917872856
30844;1;1;1; ;2;1;1;1;2;1;1;6;6;15;4;5;0,917872856
30917;1;1;1; ;1;1;1;1;2;2;2;2;4;12;5;1;0,917872856
30934;1;1;1; ;1;1;1;1;1;1;1;7;5;15;4;1;0,917872856
30937;1;1;1; ;2;3;3;1;2; ; ;6;8; ;2;2;0,917872856
32677;1;1;1; ;1;1;1;1;1;1;1;4;4;16;4;4;0,917872856
32685;1;1;1; ;1;1;1;1;1;1;1;7;5; ;4;1;0,917872856
32691;1;1;1; ;1;1;1;1;1;1;1;4;5; ;1;1;0,917872856
32704;1;1;1; ;1;1;2;1;1;1;4;2;8; ;1;1;0,917872856
32710;1;1;1; ;1;1;1;1;2;1;1;2;6;16;5;5;0,917872856
39693;1;1;1; ;2;1;1;1;2;5;1; ; ; ;4; ;0,917872856
43346;1;1;1; ;1;1;2;1;1;1;1; ;6; ;1;1;0,917872856
43352;1;1;1; ;1;1;1;2;2;1;1;4;5; ;2;2;0,917872856
1647;2;1;1; ;1;1;1;1;1;1;1;7;4;15;5;5;0,918248819
1673;2;1;1; ;2;2;2;1;1;1;1;4;6;15; ; ;0,918248819
21263;2;1;1; ;1;1;1;1;1;1;1;4;6;16;3;3;0,918248819
21266;2;1;2; ;2;1;1;1;2;6;3; ; ;15;4;1;0,918248819
22679;2; ;1; ; ;2;3;1;5;7;3;9;6;14; ;1;0,918248819
22705;2; ;1; ;1;1;1;1;2;1;1;4;2;16;5;5;0,918248819
37005;2; ;1; ;1;1;1;1;1;1;3;7;9; ;1;1;0,918248819
37873;2;1;1; ;1;2;1;1;1;1;1;2;6;15;4;4;0,919339676
7680;1;2; ;1;2;1;1;1; ;2;4;6;4;14;1;1;0,919574083
7825;1;1;1; ;2;1;1;1;4; ;1; ;6;15; ;2;0,919574083
7828;1; ;1; ;1;1;1;1;2;1;1;2;6; ;4;4;0,919574083
44740;1;2; ;2;2;2;2;4;2;7;2;9;7;14; ; ;0,919574083
81;1;1;1; ;1;1;1;1;2;1;1;7;6;14;3;3;0,919694379
18343;1;1;1; ;1;1;1;1;1;1;1; ; ;14;4;4;0,919694379
36510;1;1;1; ;2;3;3;1;4; ;1; ;2;15;1;1;0,919694379
7596;1;1;1; ;1;1;1;1;2;1;1;2;4;8;2;1;0,920157117
11021;1;1;3; ;1;1;1;4;1;1;2;4;2;14;4;4;0,920157117
15564;1;1;1; ;1;1;1;1;2;7;1;9;6;13;4;4;0,920157117
17077;1;1;1; ;1;1;1;1;1;1;1;7;6;15;4;4;0,920157117
17119;1;1;2; ;2;1;1;1; ;7;1; ;2;14;5;4;0,920157117
17144;1;1;1; ;2;2;2;2;2; ;4; ;8;14; ;2;0,920157117
18601;1;1;2; ;1;1;1;1;2;1;1;6;6;14; ;3;0,920157117
26311;1;1;1; ;1;1;1;1;1;1;1;7;6;15;3;3;0,920157117
37685;1;1;2; ;2;2;2;1;2; ;2;8;8;15; ; ;0,920157117
37804;1;1;1; ;1;2;2;1;1;1;1;7;6;14;4;3;0,920157117
37806;1;1;1; ;1;1;1;1;2;1;1;4;4;15;3;3;0,920157117
38506;1;2; ; ;2;1;1;1;1;1;3;7; ;14;2; ;0,920157117
41600;1;1;2; ;1;1;1;4;2;1;1;7;5;16;3;4;0,920157117
20500;1;1;1; ;1;1;2;1;2;1;1;4;5;12;3;4;0,920220566
549;2;1;1; ;1;1;2;1;1;1;1;6;4;12;3;3;0,920441486
558;2;1;1; ;2;1;1;2;1;1;1;6;6;16;3;3;0,920441486
561;2;1;1; ;1;1;1;1;1;1;1;7;6;15;3;3;0,920441486
567;2; ;1; ;1;2;2;1;2;1;1;1;6;15;2;1;0,920441486
568;2;1;1; ;2;1; ;1;4;7;1;9;6;16;1;1;0,920441486
5540;2;1;1; ;1;1;1;1;1;1;1;5;6;15;3;3;0,920441486
5557;2;1;1; ;1;1;1;1;2;1;1;4;4;15; ;1;0,920441486
5568;2;1;1; ;1;1;1;1;1;3;1;8;6;15;2;2;0,920441486
5574;2;1;1; ;1;1;1;1;1;1;1;7;3;15;3;1;0,920441486
8799;2;1;1; ;1;1;1;1;1;1;1;4;2;11;4;3;0,920441486
11947;2;1;1; ;1;1;1;1;1;1;3;4;8;14;3;1;0,920441486
11956;2;1;1; ;1;1;1;1;1;1;1;4;4;4;3;1;0,920441486
12021;2;1;1; ;1;1;1;1;1;1;1;2;2;6;5;5;0,920441486
12024;2;1;1; ;2;1;1;1;1;1;3;5;8; ;1;1;0,920441486
12034;2;1;1; ;1;1;1;1;1;1;1;2;2;16;5;5;0,920441486
12039;2;1;2; ;1;1;1;1;1;1;1;7;6;14;4;4;0,920441486
12043;2;1;1; ;1;1;1;1;1;1;1;4;4;16;2;2;0,920441486
12044;2;1;1; ;1;1;1;1;2;1;2;6;6;15;2;1;0,920441486
12046;2;1;1; ;1; ;1;1;2;1;1;7;6;15;3;2;0,920441486
12049;2;1;1; ;1;1;1;1;1;1;1;4;4;12;3;3;0,920441486
12058;2; ;1; ;2;1;1;1;1;2;2; ; ; ;5;1;0,920441486
12981;2;1;1; ;1;1;1;1;1;2;2;8;8; ;1;1;0,920441486
12991;2;1;1; ;1;1;1;1;1;1;1;6;6;15;5;4;0,920441486
13000;2;1;1; ;1;1;1;1;1;1;1;7;6;15;4;3;0,920441486
13069;2;1;1; ;1;1;1;1;1;1;4;4;8;15;2;2;0,920441486
15100;2;1;1; ;2;1;1;1;1;1;1; ; ; ;1;1;0,920441486
15110;2;1;1; ;1;1;1;1;2;1;1;7;6;14;3;1;0,920441486
15113;2;1;1; ;1;1;1;1;1;1;1;5;5;10;4;4;0,920441486
15401;2; ;1; ;2;1;1;1;1;1;1;7;9; ;1;1;0,920441486
15424;2;1;1; ;1;1;1;2;2;1;3;9;8;16;5;3;0,920441486
15589;2;1;1; ;1;1;1;2;4;7;1;9;6;15; ;3;0,920441486
15618;2;1;1; ;1;1;1;1;2;1;1;6;6;15;4;1;0,920441486
15622;2;1;1; ;1;1;1;1;1;1;1;4;6;16;1;1;0,920441486
15627;2;1;1; ;1;1;1;1;2;1;1; ; ;10;5;5;0,920441486
15632;2;1;1; ;1;2;2;1;1;1;1;4;6; ;3;2;0,920441486
15634;2;1;1; ;2;1;1;1;2;1;1;7;6;15;1;1;0,920441486
19855;2;1;1; ;1;1;1;1;1;1;1;4;4;15;5;4;0,920441486
19861;2;1;1; ;1;1;1;1;1;1;1;7;6;17;2;1;0,920441486
19876;2;1;1; ;1;1;1;1;1;1;1;7;7;15;5;5;0,920441486
19880;2;1;1; ;1;1;1;1;1;1;1;2;5;16;4;3;0,920441486
37413;2;1;1; ;1;2;3;1;1;1;3; ;8;15;4;3;0,920441486
37418;2; ;1; ;1;1;1;1;1;1;1;4;6;14;4;4;0,920441486
37419;2;1;1; ;1;1;1;1;1;5;1;6;6; ;4;1;0,920441486
37436;2; ;1; ;1;1;1;1;1;1;3;3; ; ;3;1;0,920441486
42907;2;1;1; ;1;1;2;1;1;3;1;8;4;14;4;3;0,920441486
42920;2;1;1; ;1;1;1;1;1;1;1;4;5;16;3;1;0,920441486
42923;2; ;1; ;1;1;1; ;1;1;1;3;6;14;3;3;0,920441486
42937;2; ;1; ;1;1;1;1;1;5;2; ; ; ;1;1;0,920441486
42945;2;1;1; ;1;2;1;1;1;1;2;2;4;16;4;4;0,920441486
42948;2;1;1; ;1;1;2;2;1;1;1;2;6;16;4;4;0,920441486
45130;2;1;1; ;1;1;1;1;1;1;1;7;5;14;2;2;0,920441486
45150;2;1;1; ;1;1;1;1;1;1;1;6;6;16;2;1;0,920441486
45152;2;1;1; ;1;1;2;1;1;1;1;4;6;16;5;5;0,920441486
45158;2;1;1; ;1;1;1;1;1;1;1;4;6;16;2;4;0,920441486
29820;2;1;1; ;1;1;1;1;1;1;1;7;5;15;3;3;0,920461768
31905;2;1;1; ;1;1;1;1;1;1;1;7;5;17;2;2;0,920461768
32877;2;1;1; ;2;1;1;1;2; ; ; ; ; ; ;2;0,920461768
30691;2;1;1; ;1;1;1;2;2;1;1;1;6;8;5;4;0,920465124
326;2; ;1; ;1;1;1;1;2;1;1;6;6;15;5;1;0,920884925
329;2;1;1; ;1;1;1;1;1;1;1;4;4;12;4;4;0,920884925
336;2;1;1; ;1;1;1;1;1;1;3;6;8;17;1;1;0,920884925
340;2;1;1; ;1;1;2;1;1;1;1;2;6;16;3;2;0,920884925
344;2;1;1; ;2;2;2;1;1;1;1;5;6; ;4;4;0,920884925
349;2;1;1; ;2;1;2;1;1; ;1;6;5;7;5;2;0,920884925
354;2;1;1; ;1;1;1;1;1;1;1;2;6;13;4;2;0,920884925
360;2;1;1; ;1;1;1;1;2;1;1;6;6;14;4;3;0,920884925
361;2;1;1; ;1;1;2;1;1;1;1;6;6; ;1;1;0,920884925
362;2;1;1; ;1;1;1;1;1;1;1;4;4;14;2;1;0,920884925
369;2;1;1; ;1;1;1;1;4;7;1;9; ; ; ;1;0,920884925
408;2;1;1; ;1;1;1;1;1;1; ;7;5; ;1;1;0,920884925
410;2;1;1; ;2;1;2;1;1;2;1;8;6; ;4;1;0,920884925
748;2;1;1; ;1;1;2;1;1;1;1;4;5;16;2;2;0,920884925
765;2;1;1; ;1;1;1;1;1;1;1;6;6; ;1;1;0,920884925
1292;2;1;1; ;1;1;1;1;1;1;3;4;8; ;1;1;0,920884925
1326;2;1;1; ;2;1;2;1;2;1;1;7;6;16;2;2;0,920884925
1592;2;1;1; ;1;1;1;1;1;1;1;4;4;10;3;1;0,920884925
1815;2;1;1; ;1;1;1;1;4; ;1; ; ; ; ;1;0,920884925
1825;2;1;1; ;1;1;1;1;1;1;1;7;6; ;2;1;0,920884925
2063;2;1;1; ;1;1;1;1;1;1;1;7;6;15;3;2;0,920884925
2064;2;1;1; ;2;1;1;1;1;1;3; ;8; ;1;2;0,920884925
2071;2;1;1; ;1;1;1;1;1;1;1;4;4;15;1;1;0,920884925
2076;2;1;1; ;1;1;1;1;1;1;1;2;2;13;5;4;0,920884925
2078;2;1;1; ;1;1;2;1;1;1;1;3;6;14;5;5;0,920884925
2088;2;1;1; ;1;1;1;1;2;1;1;6;6;15;4;4;0,920884925
2094;2;1;1; ;1;1;1;1;1;1;1;4;5; ;1;1;0,920884925
2095;2;1;1; ;1;1;1;1;1;1;1;3;4;14;5;2;0,920884925
3036;2;1;1; ;1;1;1;1;1;1;1; ; ;17;3;4;0,920884925
3536;2;1;1; ;1;2;2;1;1;1;1;2;2;17;4;4;0,920884925
3572;2;1;1; ;1;1;1;1;2;1;1;6;5;13;1;1;0,920884925
3575;2; ;1; ;1;1;1;1;1;1;1;6;6;10;2;2;0,920884925
3627;2;1;3; ;1;1;1;1;1;1;1;4;4;14;3;3;0,920884925
3630;2;1;1; ;1;1;1;1;1;1;1;2;6;16; ; ;0,920884925
3652;2;1;1; ;1;1;1;1;1;2;2;2;2; ;4;4;0,920884925
4189;2;1;1; ;1;1;1;1;1;1;4;4;8;13;3;3;0,920884925
5749;2;2; ;4;2;1;1;1;1;4;1;8;6; ;1;1;0,920884925
5752;2;1;1; ;2;1;1;1;2;6;2; ;8;11; ;1;0,920884925
6719;2;1;1; ;1;1;1;1;1;1;1;2;2; ;1;1;0,920884925
6794;2; ;1; ;2;1;2;1;2;1;1; ; ;16;5;5;0,920884925
6797;2; ;1; ;1;2;1;1;2;1;1;7;5;17;1;1;0,920884925
6804;2;1;1; ;1;2;2;1;1;3;1;8;6; ;1;1;0,920884925
6812;2; ;1; ;1;1;1;1;1;5;3;8;8; ;1;1;0,920884925
6828;2;1;1; ;1;1;1;1;1;1;1;6;6;12;3;3;0,920884925
6832;2;1;1; ;1;1;1;1;1;1;1;2;2;14;4;4;0,920884925
6840;2; ;1; ; ;1; ;1;1;1;3;7; ; ;1; ;0,920884925
6843;2;1;1; ;1;1;2;1;2;6;1;9;4; ;1;1;0,920884925
6854;2;1;1; ;1;1;1;1;1;1;1;7;5;14;5;5;0,920884925
6856;2;1;1; ;1;1;1;1;1;1;1;7;6; ;1;1;0,920884925
7042;2;1;1; ;1;1;1;1;1;1;1;6;2;14;5;1;0,920884925
7068;2;1;1; ;1;1;1;1;1;1;1;4;6;16;1;1;0,920884925
7079;2;1;1; ;1;1;1;1;2;1;1; ;4;16;2;3;0,920884925
7081;2;1;1; ;1;1;2;1;1;1;2;2; ;13;2;2;0,920884925
7082;2;1;1; ;2;1;1;1;2;1;4;6;8;16;3;1;0,920884925
7086;2;1;1; ;1;2;2;1;5;1;1;7;6; ;4;4;0,920884925
7094;2;1;1; ;1;1;1;1;4;7;1;9; ;16; ;2;0,920884925
7114;2;2; ;1;2;1;1;1;4;7;1;9;6; ;1;1;0,920884925
7119;2;1;1; ;1;1;1;1;1;1;1;6;6;17;4;4;0,920884925
7267;2;1;1; ;1;1;1;1;1;1;1;4;2;12;3;3;0,920884925
7269;2;1;1; ;2;2;2;1;4; ;1; ; ; ;1;1;0,920884925
8609;2;1;1; ;2;1;2;1;1;5;1; ;2;8;4;1;0,920884925
9259;2;1;1; ;2;1;1;1;1;1;1;2;6; ;1;1;0,920884925
9352;2;1;1; ;1;1;1;1;1;1;1;6;6;13;3;3;0,920884925
9637;2;2; ;4;1;1;1;1;1;1;4;2;8;10;1;1;0,920884925
9640;2;1;1; ;1;2;2;1;1;1;1;6;6;14;1;1;0,920884925
9650;2;1;1; ;1;1;1;1;1;4;1;5;5;15;2;2;0,920884925
9994;2; ;1; ;2;3;3;1;2;1;1;3;7;16;1;1;0,920884925
10000;2;1;1; ;1;1;1;1;1;1;1; ; ;15;2;1;0,920884925
10015;2;1;1; ;1;1;1;1;1;1;2;4;8; ;1;1;0,920884925
12528;2;2; ;2;2;1;1;1;1;1;3;2;8; ;1;1;0,920884925
12534;2;1;1; ;1;1;1;1;1;1;1;6;4;14;3;3;0,920884925
13957;2; ;1; ;1;1;1;1;2;1;1;2;4;12; ;2;0,920884925
13988;2;1;1; ;1;1;1;1;1;1;1;7;6;13;3;2;0,920884925
13994;2;1;1; ;1;1;2;1;1;1;3;6;8; ;1;1;0,920884925
14350; ; ;1; ;2;1;1;1;1;1;1;2;2; ;1;1;0,920884925
14362;2; ;1; ;1;1;1;1;2;2;1;4;6;17;1;2;0,920884925
16234;2;1;1; ;1;1;1;1;2;1;1;6;6; ;4;4;0,920884925
16248;2;1;1; ;1;1;1;1;1;1;1;6;6;15;2;2;0,920884925
16255;2;1;1; ;2;1;1;1;1;6;1; ;6; ;4;1;0,920884925
19772;2;1;1; ;1;1;1;1;5;1;1; ;6;12;2;2;0,920884925
20014;2; ;1; ;1;1;1;1;1;1;1;5;5;14;3;3;0,920884925
20878;2;1;1; ;1;1;1;1;1;1;2;7;8;17;1;1;0,920884925
20976;2;1;1; ;1;1;1;1;1;2;2;5;5;15;4;4;0,920884925
20983;2;1;1; ;1;1;1;1;2;1;1;6;2;16;4;4;0,920884925
21001;2; ;1; ;2;1;1;1;1;1;1;6; ;16;2;2;0,920884925
21012;2; ;1; ;1;1;1;1;1;1;1; ; ;13;5;5;0,920884925
21185;2;1;1; ;2;1;1;1;1;1;1;7; ; ;1;1;0,920884925
21688;2;1;1; ;1;1;1;1;1;1;1;4;6; ;3;1;0,920884925
26022;2;1;1; ;1;2;1;1;2;6;1;8;6;8;5;1;0,920884925
26030;2;1;1; ;1;1;1;1;1;1;1;4;4;10;4;3;0,920884925
30165;2;1;1; ;2;1;1;1;1; ;1; ; ; ;4;3;0,920884925
30167;2;1;1; ;1;1;1;1;1;1;1;5;4;16;1;2;0,920884925
30176;2;1;1; ;1;1;1;1;2;1;1;6;5;15;5;5;0,920884925
30196;2;1;1; ;1;1;1;1;1;1;3;6;6;14;4;2;0,920884925
30199;2;1;1; ;1;1;1;1;1;1;1;4;4;15;3;3;0,920884925
30218;2;1;1; ;1;1;1;1;1;1;1;4;5;13;5;4;0,920884925
30229;2;1;1; ;1;1;1;1;1;1;1;4;4; ;2;2;0,920884925
30301;2;1;1; ;1;1;1;1;1;1;1;7;6;13;4;3;0,920884925
30311;2;1;1; ;1;1;1;1;2;3;1;8;6; ;1;2;0,920884925
30315;2;1;1; ;2;1;3;1;1;1;1;5;6; ;1;1;0,920884925
30318;2; ;1; ;2;1;2;1;1;1;1;2;2; ;4;1;0,920884925
30319;2;1;1; ;1;1;1;1;1;1;1;4;6;17;4;4;0,920884925
30320;2;1;1; ;1;1;1;1;1;1;1;6;6; ;1;1;0,920884925
30327;2;1;1; ;1;1;1;1;2;1;1;7;6;14; ; ;0,920884925
30336;2;1;1; ;1;1;2;1;1;5;1; ;6; ;1;1;0,920884925
30341;2;1;1; ;1;1;1;1;1;1;1;4;5;12;5;3;0,920884925
30344;2;1;1; ;2;1;1;1;2;1;3;6;8;16;1;1;0,920884925
30472;2;1;1; ;1;1;1;1;1;1;3;6;8; ;1;1;0,920884925
30515;2;1;1; ;1;1;1;1;4;7;2;9;8; ;1;1;0,920884925
30825;2;1;1; ;1;1;1;1;2;1;1;2;2; ;4;4;0,920884925
30972;2;1;1; ;1;1;1;1;1;1;2;7;8; ;1;1;0,920884925
30986;2;1;1; ;1;1;1;1;2;1;1;6;6;12;2;2;0,920884925
36266;2;1;1; ;2;1;1;1;2;1;1;4;4;14; ; ;0,920884925
36268;2;1;1; ;1;1;1;1;1;1;1;6;6; ;1;1;0,920884925
36288;2;1;1; ;2;1;1;1;2;1;1;3;6;16;2;1;0,920884925
36294;2;1;1; ;2;2;2;1;2;1;4;7; ;14; ; ;0,920884925
36305;2;1;1; ;2;1;1;1;1;1;2;7; ; ;1;1;0,920884925
36947;2;1;1; ;1;1;1;1;1;2;2;2;6; ;1;1;0,920884925
39679;2;1;1; ;1;1;1;1;2;1;1; ; ;13;3;2;0,920884925
39680;2; ;1; ;1;1;1;1;2;1;1;2;6;14;4;2;0,920884925
39683;2;1;1; ;1;1;1;1;1;1;1;4;4;15;3;3;0,920884925
39722;2;1;1; ;1;1;1;1;1;1;1;7;7;14;5;4;0,920884925
1401;1;1;1; ;1;2;2;1;1;1;1;5;6;14;5;4;0,921395649
6434;1;1;1; ;1;1;1;1;1;1;1;4;4;10;1;1;0,921395649
8805;1;1;1; ;1;1;1;1;1;1;3;7;8;14;1;1;0,921395649
14229;1;1;1; ;1;1;2;1;1;1;1;4;4;16;4;4;0,921395649
15146;1;1;2; ;1;1;1;1;1; ; ;2; ;15;3;1;0,921395649
15187;1;1;1; ;1;2;2;1;1;1;1;6;4; ;4;4;0,921395649
15188;1;1;1; ;2;1;1;1;2;2;4;8;8;16; ;4;0,921395649
16340;1;1;2; ;1;1;1;1;1;1;1;3;3;15;2;1;0,921395649
16562;1; ;1; ;2;1;1;1;1;1;1;7;7;15;2;2;0,921395649
17974;1;1;1; ;2;1;1;1;1;1;3;7;8;15;1;1;0,921395649
18687;1;2; ;2;2;2;1;1;1;1;4; ; ;15;3;3;0,921395649
18696;1;1;1; ;1;1;2;4;2;1;1;6;6;13;5;1;0,921395649
18707;1;1;1; ;2;1;2;1;1;1;1;7;7;16;2;2;0,921395649
18767;1; ;1; ;2;2;2;1;1;1; ;2; ; ;1;1;0,921395649
19813;1;1;1; ;2;1;1;1;1;1;1;6;4;15;1;1;0,921395649
22550;1;1;1; ;1;1;1;1;1;1;1;4;4;15;4;2;0,921395649
23148;1;1;2; ;2;2;2;1;2;1;1; ;7;16;2;2;0,921395649
33294;1;1;1; ;1;1;1;1;1;1;1;4;4;13;3;3;0,921395649
35215;1;1;1; ;1;1;1;1;2;1;1;5;4;16;4;1;0,921395649
39630;1;1;1; ;1;1;1;1;2;1;1; ; ;15;3;3;0,921395649
39633;1;1;1; ;2;1;1;1;1;1;1;2;6; ;1;1;0,921395649
43032;1;1; ; ;2;1;1;2;1;1;1;7;6;17;4;4;0,921395649
814;1;1;1; ;1;1;1;1;2;2;1;3;6;14;4;4;0,921535835
6966;1;1;1; ;1;2;2;1;2;1;1;6;6;13;3;2;0,921535835
9450;1;2; ;1;2;1;1;1;1;5;4; ;6;14;4;1;0,921535835
23471;1; ;1; ;1;1;1;1;1;2;1;6; ;15;2;2;0,921535835
23730;1;1;1; ;2;1;1;1;2;1;1;6;6;14;5;3;0,921535835
11166;2;1;1; ;1;1;1;1;2;1;1;5;5;12;4;1;0,921793949
11420;2;1;1; ;1;1;1;1;1;1;1;2;2;15;2;5;0,921793949
11481;2;2; ;2;2;1;1;1;1;1;1; ; ;14;5;4;0,921793949
11502;2; ;1; ;2;1;1;1;1;1;1;7;7;17;1;1;0,921793949
11865;2;1;1; ;1;1;1;1;2;1;1;3;4;11;5;4;0,921793949
11898;2;1;1; ;2;1;1;1;1;1;1;7;5;14;5;5;0,921793949
12274;2;1;1; ;1;1;1;2;4;1;7;6;9;15;5; ;0,921793949
16593;2;2; ;1;2;2;3;1;2;3;2;8;8;14;1;1;0,921793949
17326;2;1;2; ;1;1;1;1;1;1;1;2;6; ;1;2;0,921793949
17363;2;1;1;4;1;1;1;1;2;1;1;6;2;12;3;2;0,921793949
32703;2;1;1; ;2;2;2;1;2;1;1;7;7;14;5;4;0,921793949
1589;1;2; ; ;1;3;2;1;2;1;2; ; ;17;1;1;0,921859794
1852;1; ;1; ;2;1;1;1;2;1;1;2;4;15;1;1;0,921859794
3836;1; ;1; ;2;1;1;1;1;1;1;2;6;16;1;1;0,921859794
3843;1; ;2; ;1;1;2;1;1;1;1;7;7;15;5;5;0,921859794
4561;1;1;1; ;2;1;1;1;2;1;1;4;6;14;5;4;0,921859794
7071;1;1;1; ;2;1;1;1;4;2;7;8;9; ;1;1;0,921859794
7532;1;1;1; ;2;1;1;1;2; ;1;7;6;14;4;1;0,921859794
9642;1;1;1; ;1;1;1;1;2;6;1;9;2;14; ;1;0,921859794
12511;1;2; ;3;2;1;2;1;2;1;1;7;6;13;3;2;0,921859794
17030;1; ;1; ;2;1;2;1;1;1;1; ; ; ; ; ;0,921859794
17034;1;1;2; ;2;1;1;1;1;1;3;7;8;16;4; ;0,921859794
21014;1;1;1; ;1;1;1;1;2;1;1;4;4;14;4;4;0,921859794
21328;1;2; ;2;1;1;1;1;1;1;3;7;8;9;1;1;0,921859794
21683;1;1;1; ;1;1;1;1;4;7;1;9; ; ; ;1;0,921859794
35420;1;1;1; ;1;1;1;1;4;7;1;9;6; ;1;1;0,922351658
20174;1;1;1; ;2;1;1;1;1;1;1;4;7;16; ; ;0,922721446
35509;1; ;1; ;1;1;1;1;1;1;1;2;2; ;3;1;0,922721446
6639;2;1;1; ;1;2;2;1;2;1;1;2;5;14;2;1;0,923190475
804;1;1;1; ;1;1;1;1;1;1;3;5;8; ;2;2;0,923381545
816;1;1;1; ;1;1;1;1;1;1;2;3;8;16;2;3;0,923381545
2207;1;1;1; ;1;1;1;1;2;1;1;2;6;15;2;1;0,923381545
2229;1;1;1; ;1;1;1;1;1;5;3;2; ;15;2;2;0,923381545
5588;1;1;1; ;1;1;1;1;1;2;1;8;5;16;2;2;0,923381545
5619;1;1;1; ;2;1; ;1;1;1;1;7;6; ;4;1;0,923381545
9162;1;1;1; ;1;1;1;1;1;1;1;2;5;15;4;1;0,923381545
9166;1;2; ;2;2;2;2;1;1;1;3;6;8; ;1;1;0,923381545
9180;1;1;1; ;1;1;1;1;1;5;1;7;4; ;4;4;0,923381545
9553;1;1;1; ;1;1;1;1;1;1;1;5;5; ;1;1;0,923381545
9556;1;1;1; ;2;1;1;1;2;1;1;2;6;15;4;4;0,923381545
10485;1;1;1; ;2;1;1;1;1;1;1;2;6;15;2;1;0,923381545
10503;1;1;1; ;2;1;1;1;1;1;1;2;2;9;4;4;0,923381545
11354;1;1;1; ;2;1;1;1;2;1; ;7; ;15;2;4;0,923381545
11357;1;1;1; ;1;1;1;1;1;1;1;6;4;14;1;1;0,923381545
11361;1;1;1; ;2;2;2;1;2;1;1;4;6; ;2;2;0,923381545
11369;1; ;1; ;1;1;2;1;2;7;1; ;6;17; ;5;0,923381545
11979;1;1;1; ;2;2;1;1;1;3;3;8;8; ;1;1;0,923381545
11983;1;1;1; ;1;1;1;1;1;1;2;7; ;15;2;2;0,923381545
12654;1;1;1; ;2;1;1;2;2;1;1;4;3;16; ; ;0,923381545
13631;1;1;1; ;1;1;1;1;2;1;1;5;5;9;5;1;0,923381545
13661;1;1;1; ;2;1;2;1;4;7;1;9;7; ; ;1;0,923381545
13872;1;1;1; ;1;1;1;1;1;1;3;4;8;16;1;2;0,923381545
13881;1;1;1; ;2;1;2;1;1;1;1; ; ; ;1;1;0,923381545
20317;1;1;1; ;1;2;2;2;1;1;1;5;5;15;4;4;0,923381545
20351;1;1;1; ;1;1;1;1;1;1;1;2;6;12;4;4;0,923381545
21127;1;1;1; ;1;2;3;1;2;1;1;2;6; ;1;1;0,923381545
21131;1;1;1; ;1;1;1;1;1;1;1;7;6;14;1;1;0,923381545
21144;1;1;1; ;1;1;1;1;1;1;1;4;6;15;1;1;0,923381545
21150;1;1;1; ;1;1;1;1;1;1;3;4;8; ;1;1;0,923381545
21151;1;1;1; ;1;1;1;1;2;1;1;4;5; ;4;3;0,923381545
21164;1;1;1; ;1;1;1;1;2;1;1;2;6;14;2;4;0,923381545
21169;1;2; ;2;1;1;1;1;2;1;1;6;6;15;1;1;0,923381545
31299;1;1;1; ;1;1;1;2;1;1;3;2;8;13;5;5;0,923381545
31314;1;1;1; ;1;1;1;2;1;1;1;4;4;12;3;3;0,923381545
31330;1;1;1; ;1;1;2;1;1;1;1;6;2;16;5;1;0,923381545
31351;1;1;1; ;1;1;1;1;2;1;1;2;6;13;3;2;0,923381545
31353;1;1;1; ;1;1;1;1;1;1;1;6;6;14;4;3;0,923381545
31354;1;1;1; ;1;1;1;1;2;7;3;9;8; ;1;1;0,923381545
31355;1;1;1; ;2;1;1;1;1;1;4;1;8;14;5;4;0,923381545
31375;1;2; ;2;2;2;2;1;2; ; ; ; ;16; ;2;0,923381545
31378;1;1;1; ;1;1;2;1;1;1;1;3;6;14;4;4;0,923381545
35037;1;1;1; ;1;2;2;1;1;1;4;4;8; ;4;1;0,923381545
36051;1;1;3; ;1;1;1;4;1;1;1;2;6;15;4;4;0,923381545
36563;1;1;1; ;1;1;1;1;1;5;3; ; ; ;1;1;0,923381545
36575;1;1;1; ;1;1;1;1;2;1;1;4;5;13;1;1;0,923381545
36579;1;1;1; ;1;1;1;1;1;1;1;4;4;16;4;4;0,923381545
36584;1;1;1; ;1;1;2;1;1;1;1;4;6;14;4;1;0,923381545
36591;1;1;1; ;1;1;1;1;1;1;1;2;2;13;4;4;0,923381545
36593;1;1;1; ;1;2;1;1;2;1;1;6;2;15;3;4;0,923381545
36639;1;1;1; ;1;1;1;1;2;1;6;5;8;15;4;4;0,923381545
36641;1;1;1; ;1;1;1;1;1;1;1;6;6;14;2;2;0,923381545
36671;1;1;1; ;1;1;1;1;2;1;1;2;6;14;3;2;0,923381545
39208;1;1;1; ;1;1;1;1;2;1;1;5;4;14; ;5;0,923381545
40534;1;1;1; ;1;1;1;1;2;1;1;2;6;12;3;1;0,923381545
40535;1;1;1; ;1;1;1;1;2;1;1;6;6;12;5;4;0,923381545
40538;1;1;1; ;1;2;2;1;2;1;1;4;4;14;5;3;0,923381545
40559;1; ;2; ;2;3;3;1;5;1; ;6; ;15;1;1;0,923381545
40561;1;1;1; ;2;1;1;1;1;1;3;7;8; ;1;1;0,923381545
40563;1;1;1; ;1;1;1;1;1;1;1; ; ;13;4;4;0,923381545
40577;1;1;1; ;1;1;1;1;2;1;4;7;5;12;2;2;0,923381545
40580;1;1;1; ;1;1;1;1;1;1;1;4;6;16;1;1;0,923381545
2021;1;1;2; ;1;1;1;4;1;1;1;6;4;14; ; ;0,923689229
3382;1;1;1; ;1;1;1;1;2;1;1;6;4;14;4;4;0,923689229
19652;1;1;1; ;2;1;1;2;1;1;3; ; ;15;4;4;0,923689229
37173;1;1;1; ;1;1;1;1;1;1;4;2;8;13;5;5;0,923689229
20409;2;1;1; ;1;1;1;1;1;1;1;7;7;14;5;5;0,923806928
28576;2;1;1; ;1;1;1;1;2;1;1;2;6;13;4;5;0,924089467
29775;2;1;2; ;1;1;1;4;1;1;1;7;6;14;1;4;0,924089467
32595;2;1;1; ;1;2;2;1;2;1;1;6;6;15;1;4;0,924089467
32617;2;1;1; ;1;2;1;1;1;1;1;4;4;14; ; ;0,924089467
37908;2; ;2; ;2;1;2;1;1;1;1;6;4;15;5;5;0,924089467
39425;2;1;1; ;1;1;1;1;1;1;1;4;4;16;5;2;0,924089467
40765;2; ;1; ;1;1;2;1;2;1;3;7; ;16;1;1;0,924089467
43225;2;1;1; ;2;1;1;1;2;1;3;6;8;14;4;3;0,924089467
43227;2;1;1; ;2;1;2;1;2;1;3;7;8;13;1;1;0,924089467
44905;2;1;1; ;1;1;1;1;1;1;4;7; ;12;5;4;0,924089467
16164;1;1;1; ;1;1;1;1;2;1;1;6;6;14;1;3;0,924172616
5577;2; ;1; ;1;1;1;1;2;1;1;7;5;14;4;2;0,924439581
11945;2; ;2; ;2;2;2;1;2; ;1; ;7;17; ;1;0,924439581
12033;2;1;2; ;2;1;2;1;2;1;1;7;2;14;2;1;0,924439581
15406;2; ;1; ;2;1;1;1;2;1;1;4;2;16; ;4;0,924439581
15412;2;1;1; ;1;1;1;4;2;6;1; ;5; ; ;2;0,924439581
15633;2;1;1; ;1;1;1;1;2;5;1;8;6;15;4;2;0,924439581
15643;2;1;1; ;1;1;1;1;4;7;1;9;4;15; ;4;0,924439581
37444;2;1;1; ;1;1;1;1;2;2;1;2;6;14;3;3;0,924439581
37446;2;1;2; ;2;1;1;1;1;2;3;7;8;14;4;2;0,924439581
42915;2;1;2; ;1;1;1;1;1;1;1;7;5;16;2; ;0,924439581
45163;2;1;1; ;1;1;1;1;4;1; ;7; ;15;4; ;0,924439581
29824;2; ;2; ;2;2;2;1;1;1;1;7;6;16; ; ;0,924459951
4518;2; ;1; ;2;1;1;1;2;1;1;6;6;14;3;1;0,924463322
6407;2;1;1; ;2;2;2;2;2;1;1;6;5;15;1;3;0,924463322
20127;2;1;1; ;2;1;1;1;2;6;1;9;2;12;5;5;0,924463322
20145;2;1;1; ;1;1;2;1;2;1;1; ;5;13;4;1;0,924463322
26217;2;1;1; ;1;1;1;1;2;7;4;9;5;13; ;4;0,924463322
23803;2;1;1; ;2;3;3;1;1;1;1; ; ;15; ; ;0,924515981
23825;2;1;1; ;1;1;1;1;1;1;1;4;4;15;5;5;0,924515981
9682;2;2; ;2;2;1;2;1;2;6;1; ;6;14;5;5;0,92484331
348;2;1;1; ;1;1;1;1;1;1;1;5;4;14;5;3;0,924884946
1304;2;1;1; ;2;1;1;1;1;5;1;6;6;16;2;2;0,924884946
5769;2;1;1; ;2;1;1;5;2;6;3;6;6;16;3;4;0,924884946
6718;2;1;1; ;1;1;1;1;2;1;1;2;6;12;4;4;0,924884946
7035;2;1;1; ;1;1;1;1;1;1;4;7;6;14; ; ;0,924884946
7067;2;1;1; ;1;1;1;1;1;1;1;3;6;14;1;1;0,924884946
7278;2;1;1; ;1;1;1;1;1;1;1;6;4;14;1;1;0,924884946
9628;2;1;2; ;1;1;1;1;2;1;1;6;6;15;2;1;0,924884946
13944;2;1;1; ;1;1;1;1;4;1;7;5;9;14;5; ;0,924884946
21664;2; ;1; ;1;1;1;1;4;7;1;9;6;14; ;4;0,924884946
30207;2; ;1; ;1;1;1;1;2;1;1;6;6;15;5;2;0,924884946
36278;2;1;1; ;1;1;1;1;1;1;3;3;9;13; ; ;0,924884946
36282;2;1;1; ;2;1;1;1;1;1;1;2;5;16;4;4;0,924884946
28937;1;1;1; ;1;1;1;1;1;1;1;2;6;12;5;4;0,925220295
28944;1;1;1; ;1;1;1;1;1;1;1;1;2;13;2;2;0,925220295
28976;1; ;1; ;2;1;1;1;1;1; ;7;6;11;1;1;0,925220295
29359;1;1;1; ;2;1;1;1;1;1;1;6;6;16; ;4;0,925220295
35681;1;1;1; ;1;2;2;5;1;1;1;7;6;15;2;1;0,925220295
23710;1;1;1; ;1;1;1;1;2;1;1;2;6;14;4;4;0,925538684
36672;1;1;1; ;1;1;1;1;1;1;1;4;6;10;5;1;0,925538684
26435;2;1;1; ;1;1;1;1;2; ;1; ;2; ; ;3;0,925576044
5811;1;1;1; ;1;1;1;1;1;1;1;4;4;15;3;2;0,925939728
5812;1;1;1; ;1;1;1;1;1;1;1;6;7;15;2;2;0,925939728
5832;1;1;1; ;1;1;1;1;2;1;1;4;4;15;4;4;0,925939728
5840;1;1;1; ;1;1;1;1;1;1;1;6;5;19;2;2;0,925939728
5984;1;1;1; ;1;1;1;1;1;1;1;2; ;14;4;4;0,925939728
5988;1;1;2; ;1;1;1;4;1;1;1;2;6;15;1;1;0,925939728
6018;1; ;1; ;1;1;1;1;1;1;1;4;4;15;3;2;0,925939728
6021;1;1;1; ;1;1;2;1;1;1;1;2;2;15;4;4;0,925939728
6023;1;1;1; ;2;2;2;1;1;4;1; ;6;14;2;2;0,925939728
6987;1;2; ;2;2;1;1;1;4;7;3;9;8;14;1;1;0,925939728
6989;1;1;1; ;2;1;1;1;1;1;1;7;6; ;4;1;0,925939728
7002;1;1;1; ;1;1;1;1;2;2;1;8;6;16;5;4;0,925939728
7005;1;1;1; ;2;1;3;1;2;7;1;9;4;15;1;3;0,925939728
7013;1;1;1; ;1;1;2;1;2; ;3; ;8;15; ;1;0,925939728
7021;1;1;1; ;2;1;2;1;1;1;1;6;6;14;4;4;0,925939728
7024;1;1;1; ;1;1;1;1;1;1;1;5;5;15;3;3;0,925939728
8900;1;1;1; ;2;1;2;1;1;1;1;7;7;13;4;4;0,925939728
8905;1;1;1; ;1;1;2;1;1;1;1;6;6;14;3;3;0,925939728
8908;1;1;1; ;1;2;2;1;1;1;3;4;8;10;4;4;0,925939728
8932;1;1;1; ;1;2;2;1;1;1;1;7;7;15;3;3;0,925939728
8936;1;1;2; ;2;2;2;1;1;1;1; ; ; ;2;1;0,925939728
9225;1;1;3; ;1;1;1;1;4;1;3;5;4;16;4;1;0,925939728
15484;1;1;1; ;2;1;1;2;1;1;1;6;6;15; ; ;0,925939728
15517;1;1;1; ;1;1;2;1;1;1;1;6;6;14;4;1;0,925939728
16113;1;1;1; ;1;1;1;1;1;1;1;6; ;16;4;4;0,925939728
16121;1;1;1; ;1;2;2;2;1;1;2;1;5;13;4;4;0,925939728
19297;1;1;1; ;1;1;1;1;1;1;1;7;6;15;4;4;0,925939728
19325;1;1;1; ;1;1;1;1;1;1;1;6;7;15;4;4;0,925939728
19338;1;1;1; ;1;1;1;1;1;1;1;6;6;10;3;1;0,925939728
24195;1;1;1;2;2;1;2;1;1;1;1;7;7; ;2;2;0,925939728
24205;1;1;1; ;1;2;2;1;1;1;2;6;8;14;2;2;0,925939728
24217;1;1;1; ;1;1;1;2;1;1;3;4; ;13;5;4;0,925939728
24572;1; ;2; ;2;3;3;1;1;2;1; ;9;14; ; ;0,925939728
24576;1;1;1; ;1;1;1;1;2;4;1;6;5;9;5;4;0,925939728
24580;1;1;1; ;1;1;1;1;2;1;1;5;4;15; ; ;0,925939728
24581;1;1;1; ;1;1;1;1;1;1;3;5;8;16;2;2;0,925939728
24582;1;1;1; ;1;2;1;1;1;1;1;7;6;12;4;4;0,925939728
24601;1;1;1; ;2;1;1;1;1;1;1;4;6;15;4;4;0,925939728
24602;1;1;1; ;1;1;1;1;1;1;1;4;5;13;3;2;0,925939728
24607;1;1;1; ;1;1;1;1;1;1;1;4;5;15;4;4;0,925939728
25340;1;1;1; ;2;1;1;1;1;1;1;6;6;15;3;3;0,925939728
25351;1;1;1; ;1;1;1;1;1;1;1;4;4;15;4;4;0,925939728
25364;1;1;1; ;2;1;1;1;1;1;1;6;4; ;4;2;0,925939728
25367;1;1;1; ;1;1;1;1;1;1;1;4;5;16;3;3;0,925939728
35218;1;1;1; ;1;1;2;1;1;1;1;2;6;16;3;2;0,925939728
35220;1;1; ; ;1;1;1;1;2;1;2;5;8;16;5;2;0,925939728
35245;1;1;1; ;1;1;1;1;1;1;1;4;8;15;4;4;0,925939728
35248;1;1;1; ;1;1;1;1;1;1;1;4;5;15;4;4;0,925939728
35254;1;1;1; ;1;1;3;2;2;1;1;1;4;15;4;4;0,925939728
35262;1;1;1; ;1;1;1;1;1;1;1;7;6;15;4;4;0,925939728
37707;1;1;1; ;2;1;1;1;1;2;1;4;2;15;4;4;0,925939728
37709;1;1;1; ;1;1;1;1;2;1;1;4;4;10;4;3;0,925939728
37721;1;1;1; ;2;1;1;1;2;1;1;7;7;14;5;4;0,925939728
37734;1;1;1; ;1;1;1;1;1;1;1;2;5;15;3;3;0,925939728
37738;1;1;1; ;1;1;1;1;1;1;1;2;4;15;4;4;0,925939728
37740;1;1;1; ;1;1;1;1;1;1;1;6;6; ;1;2;0,925939728
37752;1;1;1; ;1;1;2;2;1;1;1;2;4;10;4;4;0,925939728
37761;1;1;1; ;1;1;1;1;1;1;1;6;5;12;4;4;0,925939728
37776;1;1;1; ;2;1;1;2;1;1;1;7;2;17;2;1;0,925939728
37782;1;1;2; ;2;1;2;1;1;1;1;6;2;14;4;4;0,925939728
42707;1;1;2; ;1;1;1;1;1;1;1;6;6;14;2;2;0,925939728
43469;1;1;1; ;1;1;1;1;2;1;1;2;6;16;4;2;0,925939728
43501;1;1;1; ;1;1;1;1;1;1;1;6;4;15;3;3;0,925939728
43511;1;1;1; ;1;1;1;1;1;1;1;4;6;14;4;4;0,925939728
43617;1;1;1; ;1;1;2;1;1;1;1;3;6;16;3;3;0,925939728
43623;1;1;1; ;1;1;1;1;1;1;1;7;7;17;3;2;0,925939728
43624;1;1;2; ;2;2;2;3;1;5;1;7;6;15; ; ;0,925939728
43637;1;1;1; ;1;1;2;1;2;1;4;5;5;13;3;2;0,925939728
43642;1;1;1; ;2;1;1;1;2;1;1;7;2;16;4;4;0,925939728
43646;1;1;1; ;1;1;1;1;4;7;1;9;4;14; ;5;0,925939728
15300;1; ;1; ;1;1;1;3; ;6;1;9;6;15; ;3;0,92635805
19480;1;1;1; ;2;1;1;1;1;1;1;3;4;14;5;4;0,92635805
35429;1;1;1; ;2;1;1;1;2;1; ;7;4;14;5;4;0,92635805
35529;1;1;1; ;2;1;1;1;1;1;1;4;5;10; ; ;0,92635805
32335;2;1;1; ;1;1;2;1;1;1;1;7;7;15;4;5;0,926546747
104;1;1;2; ;1;1;1;1;1;1;1;6;6;13; ; ;0,926729445
2192;1;1;1; ;1;1;1;5;2;1;4;1;7; ;3;4;0,927392411
2196;1;1;1; ;2;1;1;1;1;1;1;4;2;15; ; ;0,927392411
9171;1;1;1; ;1;1;1;1;2;1;1;7;7;18;5;3;0,927392411
9561;1;1;1; ;1;2;2;2;1;4;3;7;8;15;5;4;0,927392411
31321;1;1;1; ;2;1;1;1;1;1;1; ; ;15;2;1;0,927392411
36588;1;1;1; ;2;2;1;1;1;1;3; ; ;16; ; ;0,927392411
36645;1;1;1; ;1;2;2;1;1;1;1;6;7;11;2;1;0,927392411
36675;1;1;1; ;1;1;1;1;1;1;3;2;8; ;1;1;0,927392411
40520;1; ;1; ;2;2;3;1; ;1;1; ; ;14;1;3;0,927392411
40557;1;1;1; ;2;1;1;1;1;1;1;4;5;14;2;2;0,927392411
7955;2;1;1; ;1;1;1;1;2;1;1;5;4;12;2;2;0,928159658
17610;2;1;1; ;1;1;1;1;1; ; ;2;6;15;4;2;0,928159658
23786;2; ;1; ;2;1;2;1;4;7;1;9; ;13;1;1;0,928159658
36009;1;2; ;2;2;1;2;3;2;1;1;4;6;10;4;4;0,928391796
12837;1;2; ;4;1;1;1;5;2;1;1;7;6;13; ; ;0,928560823
33889;2;1;1; ;1;1;1;1;2;1;1;6;6;14;5;4;0,929087068
37242;1;1;1; ;2;2;2;1;1;1;1;6;7;16;4;1;0,929239148
37544;1;1;1; ;1;1;1;1;2;1;1;6;7;16;5;1;0,929239148
15023;2;1;1; ;1;1;1;1;1;1;1;7;4;13;4;4;0,929459557
15544;2; ; ;1;2;3;3;1;2;6;6; ; ; ; ; ;0,929459557
11815;2;1;1; ;1;1;1;1;1;1;1;1;6;14;4;4;0,929541995
36219;2; ;1; ;2;1;1;4;1;1;1;3;6;14;2;2;0,929541995
36262;2;1;1; ;1;1;1;1;1;1;1;6;4; ;4;4;0,929541995
23774;1;1;1; ;1;1;1;1;1;1;1;7;7;13;5; ;0,929816878
37610;1;1;1; ;1;2;2;1;2;1;1;5;7; ;5;4;0,929816878
5823;1;2; ;1;2;1;1;1;2;1;1;6;6;9;5;5;0,929961706
7029;1;1;1; ;1;2;1;1;2;1;4;2;4;14;4;4;0,929961706
9196;1;1;1; ;2;1;1;1; ;1;1; ; ; ;3;4;0,929961706
16142;1; ;1; ;1;1;1;1;2;1;1;6;5;14;2;2;0,929961706
16146;1;1;1; ;1;1;1;1;1;5;1;2;4;15;4;3;0,929961706
24219;1;1;1; ;1;1;2;1;1;1;1;2;2;15;5;5;0,929961706
37715;1; ;2; ;2;1;2;1;1;1;1;7;5;15;4;4;0,929961706
37780;1;1;1; ;2;1;1;1;2;6;1;4;4;16;3;4;0,929961706
42692;1;1;1; ;1;1;2;2;1;1;1;1;6;14;4;4;0,929961706
42708;1;1;1; ;2;1;1;1;1;1;1;5;7;10;3;3;0,929961706
42714;1;1;1; ;1;1;1;1;4; ;4; ; ;13; ;5;0,929961706
42721;1;1;1; ;1;2;1;1;1;1;1;4;6;15;4;3;0,929961706
43480;1;1;1; ;2;1;1;1;1;1;1;3;6;17;2;2;0,929961706
43626;1; ;1; ;2;3;3;1;4;5;7;1;9;14;3;1;0,929961706
43627;1;1;2; ;2;2;2;3;2;1;2;7;8;12;5;5;0,929961706
793;2;1;1; ;1;1;1;1;1;1;1;4;6;13;5;5;0,930420132
2211;2;1;1; ;2;1;1;1;4;2; ;8; ;12;2; ;0,930420132
36594;2;1;1; ;1;1;1;1;2;1;1;4;4;14;5;5;0,930420132
6618;1;1;1; ;2;1;2;1;2;2;1;8;6;17;5;5;0,932088848
6625;1;1;1; ;2;1;2;1;1;1;1;6;6;15;3;3;0,932088848
6638;1;1;1; ;1;1;1;1;1;5;1;5;5;17;4;4;0,932088848
19690;1;1; ; ;2;1;1;1;1;4;1;7;5;16; ; ;0,932088848
19700;1;2; ;2;2;1;1;1;1;4;2;3;7;12; ; ;0,932088848
19718;1;1;1; ;1;1;1;1;2;1;1;6;6;10; ; ;0,932088848
30865;1;1;1; ;2;1;1;2;2;1;1;6;2;16;3;3;0,932088848
30880;1;1;1; ;2;1;1;1;2;1;1;2;6;12; ; ;0,932088848
30883;1;1;1; ;1;1;1;1;2;1;1; ; ; ;1;1;0,932088848
30897;1;1;1; ;2;1;1;1;1;1;1;6;2;17;3;3;0,932088848
30899;1;1;1; ;1;1;1;1;1;1;1;4;4;15;3;3;0,932088848
15049;2; ;1; ;2;1;2;1;2;1;1;7;6; ; ;3;0,933122717
17134;2;1;1; ;2;1;1;1;1;1;1;6;6;13;1;2;0,933122717
45228;2; ;2; ;1;1;1;4;1;1;1;7;5; ;5;5;0,933205633
3974;1; ;2; ;2;1;1;1;1;1;1;7;7;14;3;2;0,933360639
7729;1;1;1; ;1;1;1;1;1;1;1;2;2;15;5;5;0,933360639
7877;1;1;1; ;1;1;1;1;1;1;1;4;5;13;4;3;0,933360639
33224;1;1;2; ;2;1;1;1;2;7;1;9;6;14; ;3;0,933360639
33239;1;1;1; ;2;1;1;1;1;1;1;7;2;15;1;1;0,933360639
44725;1;1;1; ;2;1;1;1;1;1;3;2;8;14;5;3;0,933360639
44734;1; ;1; ;1;1;1;2;1;1;1;2;2;14;3;3;0,933360639
10;1;1;1; ;2;1;1;1;1;1;1;7;6;8;4;3;0,933482739
15;1;1;1; ;1;1;1;1;1;1;1;6;5;14;4;4;0,933482739
16;1;1;1; ;1;1;1;2;1;1;1;6;2; ;4;2;0,933482739
17;1;1;1; ;1;1;1;1;2;1;1;5;5;14;4;4;0,933482739
18;1;1;1; ;1;2;2;1;1;1;1;7;6;13; ; ;0,933482739
24;1;1;1; ;1;1;1;1;2;1;1;4;4;8;4;1;0,933482739
110;1;1;1; ;2;1;1;1;2;1;1;7;4;17;4;4;0,933482739
1599;1;1;1; ;1;1;1;1;1;1;1;7;6;16;3;3;0,933482739
1602;1;1;1; ;1;1;2;1;1;1;1;6;6;17;3;3;0,933482739
1603;1;1;1; ;1;1;1;1;2;1;2;4;6;17;3;4;0,933482739
1618;1;1;1; ;1;1;1;1;1;1;1;4;6;16;4;4;0,933482739
1632;1;1;1; ;1;1;1;1;1;1;1;4;4;15;4;4;0,933482739
2027;1;1;1; ;1;1;1;1;2;1;1;5;6;16;1;2;0,933482739
2042;1;1;1; ;1;1;1;1;1;1;1;5;5;16;3;3;0,933482739
2047;1;1;1; ;1;1;1;1;2;4;1;6;4;14;1;3;0,933482739
3391;1;1;1; ;1;1;1;1;1;1;1;6;6;14;3;3;0,933482739
3394;1; ;1; ;1;1;1;1;1;1;1;4;5;17;4;4;0,933482739
3398;1;1;1; ;1;1;1;1; ; ; ; ; ;16;2;2;0,933482739
3403;1;1;1; ;1;1;1;1;2;1;1;7;6;15;5;2;0,933482739
3411;1;1;1; ;1;1;1;1;1;1;3;7;8;16;2;1;0,933482739
3413;1;1;1; ;1;1;1;1;1;1;1;4;4;16;3;3;0,933482739
3421;1;1;1; ;1;1;1;1;1;1;1;7;7;17;4;4;0,933482739
3439;1; ;1; ;1;1;1;1;1;1;1;4;2;15;3;2;0,933482739
3456;1;1;1; ;1;1;1;1;2;1;4;7;8;14;3;1;0,933482739
18317;1;1;1; ;1;1;1;1;1;1;1;5;7;15;2;2;0,933482739
18319;1;1;1; ;1;1;1;1;4;7;1;9;6;14; ;1;0,933482739
18331;1;1;1; ;1;1;1;2;1;1;3;2;8;15;1;2;0,933482739
18338;1;1;1; ;1;1;1;1;1;1;1;7;6;13;4;4;0,933482739
18358;1;1;1; ;1;1;1;1;2;1;3;4;8;15;3;4;0,933482739
18456;1;1;1; ;1;1;1;1;2;1;1;3;4;13;2;2;0,933482739
18478;1;1;1; ;2;2;2;1;1;1;3;2;9; ;1;1;0,933482739
18485;1; ;2; ;2;2;3;4;1;1;1;7;2; ;1;1;0,933482739
18501;1;1;1; ;1;1;1;1;1;1;1;6;5;16;4;4;0,933482739
18502;1;1;1; ;1;1;1;1;1;1;3;4;5;12;3;2;0,933482739
19665;1; ;1; ;1;1;1;1;1;1;1;4;4;15;4;4;0,933482739
27400;1;1;1; ;1;1;1;1;1;1;3;7;8;16;1;1;0,933482739
27447;1;1;1; ;1;1;1;1;1;1;1;7;6; ;5;5;0,933482739
27468;1;1;1; ;2;1;2;1;1;1;1;7;7;15;2;1;0,933482739
27473;1; ;1; ;1;1;1;1;2;1;4;5;8;15;4;1;0,933482739
27500;1;1;1; ;1;1;1;1;1;1;1;4;4;16;4;4;0,933482739
27502;1; ;1; ;1;1;1;1;1;1;1;6;6;14;1;4;0,933482739
27508;1;1;1; ;2;1;1;1;1;1;1;7;7; ;4;4;0,933482739
27512;1;1;1; ;1;1;1;2;1;1;1;5;5;14;4;4;0,933482739
27530;1;1;1; ;1;1;1;1;2;1;1;7;6;15;4;4;0,933482739
27536;1;1;1; ;1;1;1;1;1;1;1;2;2;16;3;3;0,933482739
27542;1;1;1; ;1;1;1;1;1;1;1;7;6; ;4;4;0,933482739
27544;1;1;1; ;1;1;1;1;1;1;5;6;8; ;2;2;0,933482739
27562;1;1;1; ;1;1;1;1;1;1;1;6;7;15;4;4;0,933482739
27569;1; ;1; ;2;1;2;1;1;1;1;4;4;15;2;2;0,933482739
27595;1;1;1; ;1;1;1;1;4;7;1;9;6;13; ;3;0,933482739
36485;1;1;1; ;2;1;1;1;1;1;1; ; ;15;4;3;0,933482739
36488;1;1;2; ;2;2;1;1;1;1;1;2;2;16;2;2;0,933482739
36512;1;1;1; ;1;1;1;1;2;6;1; ; ;12;1;1;0,933482739
37162;1;1;1; ;2;1;1;1;4;7;1;9;5;17; ;2;0,933482739
37168;1;1;1; ;2;1;1;2;1;1;3;1;8;9;5;1;0,933482739
37179;1;1;1; ;2;2;2;1;1;1;1;7;7;16;2;1;0,933482739
37184;1;1;1; ;1;1;1;2;1;1;1;2;2;15;4;4;0,933482739
38419;1;1;3; ;1;1;1;1;2;1;1;2;5;14;2;2;0,933482739
38436;1;1;1; ;1;1;1;1;1;1;1;7;6;13;4;4;0,933482739
37855;2; ;1; ;2;1;1;1;1;1;1; ;4;14;5;5;0,933496823
2527;1;1;1; ;2;1;1;1;4;7;1; ;2;10; ;4;0,933855697
435;2;1;1; ;2;1;1;1;2;1;1;4;6; ;5;1;0,934265039
438;2;1;1; ;1;1;1;1;1;1;1;4;5;14;3;3;0,934265039
439;2;1;1; ;1;1;1;1;2;2;1;8;2;16;1;1;0,934265039
4527;2;1;1; ;1;2;1;2;1;1;1;4;4;8;5;5;0,934265039
4539;2; ;1; ;2;1;1;1;2;1;1;6;5;16;5;1;0,934265039
4546;2;1;1; ;1;1;1;1;2;7;1;9;6;14;4;4;0,934265039
4549;2;1;3; ;1;1;1;3;1;1;1;4;5;14;4;4;0,934265039
6249;2;1;1; ;1;1;1;1;2;1;1;4;4;16;5;1;0,934265039
6256;2;1;1; ;1;1;1;1;1;1;1;6;6;16;2;1;0,934265039
6266;2;1;1; ;2;1;1;1;2;1;1;3;2;15;1;2;0,934265039
6396;2;1;1; ;1;1;1;1;1;1;1;5;2;15;2;2;0,934265039
6397;2;1;3; ;1;1;1;1;1;1;1;7;6;15;5;5;0,934265039
6403;2;1;1; ;1;1;1;1;1;1;1;6;6;14;2;2;0,934265039
6559;2;1;1; ;1;1;2;1;2;7;1;9;2;14; ;3;0,934265039
6566;2;1;1; ;2;1;1;1;1;1;3;7;8; ;2;1;0,934265039
6570;2;1;1; ;1;1;1;1;1;1;3; ;8; ;1;1;0,934265039
6571;2;1;1; ;1;1;1;1;2; ;1; ;4;15; ;1;0,934265039
8335;2; ;1; ;1;1;1;1;1;1;1;4;5;15;4;4;0,934265039
8340;2; ;1; ;1;1;1;1;4;7;1;9;5; ;1;1;0,934265039
8352;2; ;1; ;1;1;1;1;1;1;1;4;6;15;4;4;0,934265039
8358;2;1;1; ;1;1;1;1;1;1;1;4;4;15;5;5;0,934265039
8364;2;1;1; ;1;1;1;1;1;1;3;6;8;16;3;3;0,934265039
8374;2;1;1; ;2;1;1;1;1;1; ;5;8; ;1;1;0,934265039
8513;2; ;1; ;1;1;1; ;1;1;3;4;5;14;4;4;0,934265039
8515;2;1;1; ;1;1;1;1;2;2;1;5;6;16;2;1;0,934265039
8524;2;1;1; ;2;1;2;1;1;1; ; ; ; ;1;1;0,934265039
8532;2;1;1; ;1;1;1;1;1;1;1;2;2;12;1;1;0,934265039
8536;2;1;1; ;2; ;2;1;1;1;1;6;2;15; ;2;0,934265039
8541;2;1;1; ;1;1;1;1;1;1;1;4;4;15;1;1;0,934265039
8547;2;1;1; ;2;1;1;1;2;1; ;7; ;17;1;1;0,934265039
8651;2; ;1; ;1;1;1;1;1;1;4;5;4;15;1;1;0,934265039
8652;2;1;1; ;2;3;2;1;1;1;1;6;6;17;1;1;0,934265039
8669;2;1;1; ;2;1;1;1;1;1;3;2;8; ;1;1;0,934265039
8673;2;1;1; ;2;1;1;1;2;1;1;6;2;16;1;1;0,934265039
8674;2;1;1; ;2;2;2;3;2;7;7;9;9;18;1;1;0,934265039
8677;2;1;1; ;1;2;2;1;1;1;1;7;6;15;4;2;0,934265039
8682;2;1;1; ;2;1;2;1;1;1; ; ;7;17;1;1;0,934265039
8693;2;1;1; ;1;1;1;1;2;1;1;4;6;11;4;3;0,934265039
8696;2;1;1; ;2;1;2;1;1;5;3;7; ; ;1;1;0,934265039
8698;2;1;1; ;1;1;1;1;1;1;1;2;6; ;2;1;0,934265039
8714;2; ;1; ;1;1;1;1;1;1;1;6;6;16;4;1;0,934265039
8726;2;1;1; ;2;1;1;1;1;1;3;6;8; ;1;1;0,934265039
8732;2; ;1; ;2;2;2;1;2;1;1;7;6; ;3;1;0,934265039
8751;2;1;1; ;1;2;2;1;1;1;1;2;5;15;2;2;0,934265039
8760;2;1;1; ;1;1;1;1;2;1;3;7; ; ; ;3;0,934265039
10030;2;1;1; ;1;1;1;1;1;1;1;4;4;15;3;3;0,934265039
10033;2;1;1; ;1;1;1;1;2;1;4;6;6;14;2;2;0,934265039
10053;2;1;2; ;1;1;1;1;1;1;1;5;6;14;4;2;0,934265039
10060;2;1;1; ;2;2;2;1;1;2;2;8;8; ;1;1;0,934265039
10063;2;1;1; ;1;1;2;5;4;2;7;7; ; ;4;1;0,934265039
10067;2; ;1; ;2;1;1;1;1;1;1;2;6; ;1;1;0,934265039
10069;2;1;1; ;1;1;1;1;1;1;1;5;5;13;3;2;0,934265039
10088;2;1;1; ;2;2;2;1;1;1;1;3;2;16;1;1;0,934265039
10097;2;2; ;4;2;1;1;1;1;1; ;6; ; ;2; ;0,934265039
10098;2;1;1; ;2;2;2;1;1;1;1;3;6;14;2;2;0,934265039
10629;2; ;1; ;2;1;1;1;1;1;3; ; ; ;1;1;0,934265039
10632;2;1;1; ;1;1;1;1;2;1;1;7;6; ;1;1;0,934265039
12067;2;1;1; ;1;1;2;1;1;1;1; ;5;14;4;4;0,934265039
12069;2;1;1; ;1;1;1;1;1;1;1;4;4;16;3;3;0,934265039
12079;2;1;1; ;1;1;1;1;2;1;1;5;4;13;5;3;0,934265039
12104;2; ;1; ;2;1;1;1;1; ;1; ; ; ;1;1;0,934265039
12106;2;1;1; ;1;1;1;1;1;1;1;3;4;16;2;1;0,934265039
14425;2;1;1; ;1;1;1;1;2;4;1; ;6; ;2;1;0,934265039
14428;2;1;1; ;2;1;1;1;2;6;3;8;8; ;1;1;0,934265039
14455;2;1;1; ;1;1;1;1;1;5;1;9;5;15;2;2;0,934265039
16720;2;1;1; ;2;1;3;1;2; ;2; ;8; ; ;5;0,934265039
16730;2;1;1; ;1;1;1;1;1;1;1;4;5;15;3;2;0,934265039
16749;2;1;1; ;1;1;1;1;1;1;2; ;6;15;4;1;0,934265039
16766;2;1;1; ;1;1;1;2;2;1;1; ;6; ; ;1;0,934265039
16768;2;1;1; ;2;1;2;1;2;1;1;3;4;15;2;1;0,934265039
16771;2;1;1; ;1;1;1;1;1;2;1;4;2;15;3;4;0,934265039
16797;2;1;1; ;1;1;1;1;2;1;1; ; ;15;4;1;0,934265039
16810;2;1;1; ;1;2;2;1;1;1;1;5;5;15;3;3;0,934265039
18638;2;1;1; ;1;1;1;1;1;1;1;4;4;14;3;2;0,934265039
18650; ; ;1; ;2;2;3;1;1;1; ;7; ;16;1;1;0,934265039
18658;2;1;1; ;1;1;1;1;1;1;1;6;6;16;3;3;0,934265039
19222;2;1;1; ;2;1;2;1;1;1;1;7;2; ;1;1;0,934265039
19227;2; ;2; ;1;1;2;3;2; ;1;1;8;15; ;5;0,934265039
19245;2;1;1; ;1;1;1;1;1;1;1;4;4;15;2;2;0,934265039
19257;2; ;1; ;2;1;2;1;1;1; ;7; ; ;3;2;0,934265039
19726;2;1;1; ;1;1;1;1;1; ;1;8; ;11;3;2;0,934265039
19730;2;1;1; ;1;1;1;1;1;1;1;6;6;14;2;2;0,934265039
19733;2;1;1; ;1;1;1;1;1;1;1;3;6; ;1;1;0,934265039
19738;2;1;1; ;2;1;1;1;2;1;2;2;6;17;3; ;0,934265039
19759;2;1;1; ;1;1;1;1;1;1;1;6;6;18;1;1;0,934265039
20039;2;1;1; ;2;1;1;1;2; ;1; ; ;17; ;2;0,934265039
20053;2;1;1; ;1;1;1;1;2;1;1;6;4;16;4;4;0,934265039
20104;2;1;1; ;1;1;1;1;4;7;2;9;9;14; ; ;0,934265039
20105;2;1;1; ;1;1;1;1;2;2;1;8;6;15;3;2;0,934265039
20113;2;1;1; ;1;1;1;1;1;1;1;1;1;16;1;1;0,934265039
20121;2;1;1; ;1;2;2;2;4;1;7;6;9; ;5; ;0,934265039
20194;2;1;1; ;1;1;1;1;1;1;6;4; ;16;2;2;0,934265039
20199;2; ;1; ;1;1;1;1;2;4;1;8;5; ;5;1;0,934265039
20205;2;1;1; ;1;1;1;1;1;5;1;8;6;15;3;2;0,934265039
20216;2;1;1; ;2;1;2;1;1;1;1; ; ;18;3;3;0,934265039
20224;2;1;1; ;1;1;1;1;1;1;1;7;4;16;4;1;0,934265039
20429;2;1;1; ;1;1;1;1;2;1;4;2;6; ;4;1;0,934265039
20432;2;1;1; ;1;1;1;2;1;1;3; ;9;15;4;3;0,934265039
20438;2;1;1; ;1;1;1;2;1;1;1; ;4;17;2;2;0,934265039
20796;2;2; ;2;2;1;1;1;2;2;1;8;6;18;1;1;0,934265039
20816;2;1;2; ;1;1;1;1;1;2;1;8;6; ; ;1;0,934265039
20821;2;1;1; ;1;1;1;1;1; ;3; ;8; ;1;1;0,934265039
20826;2; ;1; ;2;1;1;1;1;1;1;7;7; ;2; ;0,934265039
20828;2;1;1; ;1;1;1;1;2;1;1;5;5;15;4;3;0,934265039
20839;2;1;1; ;1;1;1;1;1;1;1;4;5;15;4;4;0,934265039
20852;2;1;1; ;2;2;2;1;1;4;4;6;6; ;2;1;0,934265039
20854;2; ;1; ;2;1;1;1;1;1;1;6;6;16;2;2;0,934265039
20861;2; ;1; ;1;1;1;1;2;1;1;6;6;16;4;1;0,934265039
20870;2;1;1; ;1;1;1;1;1;1;1;4;4; ;4;2;0,934265039
20924;2; ;1; ;2;1;1;1;1;1;1;4;4;17;3;3;0,934265039
20939;2;1;1; ;1;1;1;1;1;2;3;8;8; ;1;1;0,934265039
20954;2;1;1; ;1;1;1;1;1;1;1;4;4;14;3;3;0,934265039
20957;2;1;1; ;1;1;1;1;2;1;1;4;4;16;5;5;0,934265039
21614;2;1;1; ;2;1;1;2;4;7;1;9;4;14;1;5;0,934265039
24155;2;1;2; ;2;1;2;1;1;1;1;7;7;15;4;2;0,934265039
24156;2;1;1; ;2;1;1;1;2;1;1;6;3;16;1;1;0,934265039
24160;2;1;1; ;2;1;1;1;1;4;1;8;6;17;2;2;0,934265039
24163;2;1;1; ;1;1;1;1;4;7;1;9;5;17;1;1;0,934265039
24165;2;1;1; ;1;1;1;1;1;1;1;4;6; ;2;2;0,934265039
26238;2;1;1; ;1;1;1;1;1;1;1;2;6;15;2;2;0,934265039
26243;2; ;1; ;1;1;2;1;1;2;1;7;6;11;2;2;0,934265039
27812;2;1;1; ;2;1;1;1;1;1;1;7;2;16;3;2;0,934265039
27814;2;1;1; ;1;1;1;1;1;1;3;7;8; ;1;1;0,934265039
27820;2;1;1; ;1;1;1;1;2;6;1; ;7; ;5;1;0,934265039
27822;2;2; ;2;2;1;1;4;2;7;3;9;8;15;1;1;0,934265039
27824;2;1;1; ;1;1;1;1;1;1;1;4;6;16;4;4;0,934265039
30564;2;2; ;3;1;1;1;5;4;7;3;3;8; ;1;1;0,934265039
30571;2;1;3; ;1;1;2;1;2;6;4;9;8; ;1;1;0,934265039
30576;2; ;1; ;1;1;1;1;1;5;1; ;6;15;5;4;0,934265039
30578;2; ;1; ;1;1;1;1;2;1;1; ;6; ;1;1;0,934265039
30616;2; ;1; ;1;1;1;1;1;1;1;4;6; ;4;3;0,934265039
30620;2;1;1; ;1;1;1;1;1;1;3;6;8;15;1;1;0,934265039
30624;2;1;1; ;1;1;1;2;1;1;1;4;5;15;4;3;0,934265039
30635;2; ; ; ; ;3;3;3;4;7;2;9; ; ;1;1;0,934265039
30654;2; ;1; ;2;1;2;1;2;1;3;7; ; ;1;1;0,934265039
30655;2;1;1; ;1;1;1;1;4;7;1;9;6;15;3;3;0,934265039
30669;2;1;1; ;1;1;1;1;2;1;1;3;4;15;2;2;0,934265039
30677;2;1;1; ;1;1;2;1;1;1;1;6;6; ;2;2;0,934265039
30685;2;1;1; ;1;1;1;1;1;1;3;4;4;13;5;5;0,934265039
30687;2;1;1; ;1;1;1;1;1;1;3;7;7; ;1;1;0,934265039
30694;2;1;1; ;2;1;3;1;2;4;4;7;2;16;1;1;0,934265039
30697;2; ;1; ;1;1;1;1;2;6;1;8;6;17;2;1;0,934265039
30701;2;1;1; ;1;3;3;1;1;1;1;6;6;17;2;2;0,934265039
30779;2;1;1; ;2;1;1;1;1;1;1;6;6;12;2;2;0,934265039
30780;2;1;1; ;1;1;1;1;1;1;1;4;5;17;5;4;0,934265039
30781;2; ;1; ;1;1;1;1;1;1;3;7;8; ;3;2;0,934265039
30784;2;1;2; ;1;1;1;1;2;1;1;4;6; ;1;1;0,934265039
30785;2;1;1; ;1;1;1;2;1;1;3;4;5;10;2;3;0,934265039
30790;2;1;1; ;1;1;1;1;2;1;1;2;5;16;4;4;0,934265039
33695;2; ;1; ;1;1;1;1;2;1;1;6;6;15;1;1;0,934265039
33698;2;1;1; ;1;1;1;1;2;1;1;4;4;14;5;3;0,934265039
33705;2;1;1; ;1;1;1;1;1;1;1;6;6; ;2;2;0,934265039
33708;2;1;1; ;1;1;1;1;1;1;2;2;8; ;1;1;0,934265039
36040;2;1;1; ;1;1;1;1;5;7;2;9;8; ; ;1;0,934265039
36041;2; ;1; ;2;2;2;1;2;7;1;9;6; ;5;1;0,934265039
36072;2;1;1; ;1;1;1;1;1;1;1;7;4;16;1;1;0,934265039
36074;2;1;1; ;2;1;1;1;1;1;1;2;4;14;1;1;0,934265039
35624;1;1;2; ;2;2;2;1;2;1;1;7;7;12; ; ;0,934345697
25947;2;2; ;3;2;1;1;1;2;1;1;3;3;15;3;5;0,934602635
34828;2;1;1; ;1;1;1;1;2;1;1;2;6;13;2;2;0,934602635
800;1;1;1; ;1;1;1;1;2;1;1; ;2;13;1;5;0,935351803
805;1;1;1; ;2;1;1;1;2;1;6;6; ;11;2; ;0,935351803
810;1;1;1; ;1;2;2;1;1;1;3;6; ; ;3;3;0,935351803
820;1;1;1; ;1;1;1;1;2; ;3; ;9; ; ;1;0,935351803
1182;1;1;1; ;1;1;1;1;1;1;1;7;4; ;1;1;0,935351803
1190;1;1;1; ;1;1;1;1;2;1;4;4;8;14; ; ;0,935351803
1199;1;1;3; ;1;1;1;4;2;1;1;6;6; ; ; ;0,935351803
1359;1;1;1; ;1;1;1;1;1;1;1;6;6;14;2;2;0,935351803
1362;1;1;1; ;1;1;1;1;2;1;1;6;6; ; ; ;0,935351803
1367;1;1;1; ;1;1;1;1;2;1;3;6;8;16;4;1;0,935351803
1382;1;1;1; ;1;2;2;1;1;1;1;4;6;15;1;1;0,935351803
1945;1;1;1; ;1;1;1;1;1;5;1;4;6;16; ; ;0,935351803
1951;1;1;1; ;1;1;1;1;1;5;1;2;2;16;5;2;0,935351803
1969;1;1;1; ;1;1;1;1;1;1;1;6; ;16;4;4;0,935351803
1971;1;1;1; ;2;1;1;1;1;1;1;2;2; ;4;4;0,935351803
1972;1;1;1; ;1;1;3;1;2;1;1;6;3;12;4;4;0,935351803
1976;1;1;1; ;1;1;2;1;1;5;1;3;4;15;5;5;0,935351803
2220;1;1;1; ;1;1;1;1;1;1;3;4;8;16;5;5;0,935351803
2224;1;1;1; ;2;1;2;1;1;1;1;7;6; ;5;4;0,935351803
3587;1;1;3; ;1;1;1;4;2;1;1;4;6;14;2;2;0,935351803
3996;1;1;1; ;2;2;2;1;2;1;2;6;8; ;3;3;0,935351803
4000;1;1;1; ;2;3;3;1;1;1;1;7;2;16;2;1;0,935351803
4024;1;1;1; ;1;1;1;1;1;1;1;2;6;16;2;2;0,935351803
4027;1;1;1;2;2;1; ;1;1;5;1;8;6;16;2;2;0,935351803
6123;1;1;1; ;1;2;1;2;1;1;1;2;6;16;4;3;0,935351803
6133;1;1;1; ;1;1;1;1;2;1;1;9;4; ; ;4;0,935351803
6135;1;1;1; ;1;1;1;4;1;1;3;4;8;17;3;2;0,935351803
6142;1;1;1; ;2;1;1;1;1;1;2;5;8;13;1;1;0,935351803
6160;1;1;1; ;1;1;1;1;2;1;1;6;6;15;3;3;0,935351803
6165;1;1;1; ;1;1;1;1;2;1;1;4;6;13;5;4;0,935351803
6168;1; ; ;4;1;1;1;1;1;1;1;6;2;15;1;1;0,935351803
6194;1;1;1; ;1;1;1;1;1;1;1;6;6;15;2;2;0,935351803
6196;1;1;1; ;1;1;1;1;1;1;3;2;8;14;3;3;0,935351803
6208;1;1;1; ;1;1;1;1;1;1;1;7;6;10;4;4;0,935351803
6948;1;1;1; ;1;1;1;1;1;1;1;4;4;14;5;5;0,935351803
6962;1;1;1; ;1;1;1;1;1;1;1;4;4;15;5;4;0,935351803
6967;1;1;1; ;1;1;1;1;2;1;1;4;2; ;4;4;0,935351803
6972;1;1;1; ;1;1;1;1;1;1;1;2;2;14;2;2;0,935351803
9155;1;1;1; ;1;1;1;1;1;1;1; ; ;16;1;1;0,935351803
9177;1;1;1; ;1;1;1;1;2;1;1;4;5;7;5;4;0,935351803
9452;1; ;1; ;1;1;1;1;2;1;1;4;6; ;5;5;0,935351803
9456;1;1;1; ;1;1;1;1;2;1;1;4;7;16;4;4;0,935351803
9461;1; ;1; ;1;1;1;1;2;1;1;2;6;15;4;1;0,935351803
9465;1;1;1; ;1;1;1;1;2;1;1;3;6;13;4;4;0,935351803
9474;1;2; ;2;2;1;1;1;2;1;1; ;6;15;4;4;0,935351803
9476;1;1;2; ;2;1;2;1;1;1;3;2;8; ;1;1;0,935351803
9489;1;1;1; ;1;2;3;1;1;1; ;6;6;15;3;3;0,935351803
9490;1;1;1; ;2;2;3;1;1;2;1;1;6;14;3;2;0,935351803
9544;1;1;2; ;2;2;2;1;2;1;1;3;8;15;3;1;0,935351803
9575;1;1;1; ;1;2;3;1;2; ; ; ; ;16;2;2;0,935351803
10473;1;1;1; ;1;1;1;1;1;1;3;3; ; ;1;1;0,935351803
11362;1; ;1; ;2;1;1;1;1;1;1;6;6; ;1;1;0,935351803
11363;1;1;1; ;2;1;1;1;2;5;1;4;6;6;3;2;0,935351803
11380;1;1;1; ;1;1;1;1;2;4;1; ; ;16;1;1;0,935351803
20344;1;1;1; ;2;1;1;1;1;2;1;8;6;13;5;5;0,935351803
21160;1;1;1; ;1;1;1;1;1;1;1;6;4;15;1;1;0,935351803
22340;1;1;2; ;1;1;2;2;2;2;1; ; ;18;5;1;0,935351803
23465;1;1;1; ;1;1;1;1;2;1;1;6;6;15;1;2;0,935351803
23479;1;1;1; ;2;1;2;1;1;1;1;5;5;14;4;4;0,935351803
23487;1; ;1; ;1;1;1;1;1;1;1;4;2;14;5;5;0,935351803
23699;1;2; ;2;1;1;1;1;2;1;3;6;8; ; ; ;0,935351803
23701;1;1;1; ;1;1;1;1;1;1;1;1;5;9;2;1;0,935351803
23705;1; ;1; ;1;2;2;1;2;1;1;6;6;15; ; ;0,935351803
23720;1;1;1; ;1;1;2;1;1;5;1;2;6;16;5;1;0,935351803
23728;1;1;1; ;1;1;1;1;1;1;1;3;4;16;4;1;0,935351803
31348;1;1;1; ;1;1;1;1;1;1;1;4;4;15;4;4;0,935351803
36590;1;1;1; ;2;2;2;1;1;1;1; ; ;14;3;1;0,935351803
36656;1;1;1; ; ;1;2;1;1;5;5;1;1;12;1;1;0,935351803
40512;1;1;1; ;1;1;1;1;1;1;1;7;5; ;2;1;0,935351803
40552;1;1;1; ;1;1;1;1;1;1;1;4;6;14;4;4;0,935351803
42826;1;1;1; ;2;1;1;1; ;1;7;5;9;16;4; ;0,935351803
42829;1; ;3; ;1;1;1;1;1;1;1;5;5;15;1;1;0,935351803
42845;1;1;1; ;1;1;2;1;1;1;1;2;6;14;1;1;0,935351803
42846;1;1;1; ;2;2;2;1;1;1;6;7;8; ;1;1;0,935351803
42867;1;1;1; ;1;1;1;1;1;1;1;2;2;15;5;5;0,935351803
42868;1; ;1; ;1;2;3;2;2;1;1;2;6; ;2;3;0,935351803
42899;1;1;1; ;1;1;1;1;1;1;3;7; ;15;5;1;0,935351803
34487;2; ;2; ;2;1;2;1;2;1;3;3;8;18;1;1;0,935764573
6627;1;1;1; ;1;1;1;1;1;1;1;2;2;15;4;3;0,936137536
6631;1;2; ;3;2;1;1;1;2; ; ; ; ;17;4;1;0,936137536
19711;1;1;2; ;2;1;1;1;2;1;1;6;6;15; ; ;0,936137536
25455;1;1;3; ;1;1;1;1;1;1;1;2;5;13; ; ;0,936651862
34610;1;1;2; ;2;2;2;1;1;1;1;3;6;9;4;1;0,936651862
8054;2;1;1; ;1;1;1;1;4;7;1;9;4;10;5;5;0,936883557
6606;2;1;1; ;1;1;1;1;1;1;1;6;5;14;4;1;0,937031249
6608;2;1;1; ;1;2;1;1;1;1;1; ; ;14;2;1;0,937031249
6632;2;1;1; ;1;1;2;1;1;4;3;8;8; ;1;1;0,937031249
19686;2;1;1; ;1;1;1;1;1;1;3;7;8; ;1;1;0,937031249
19702;2;1;1; ;1;1;2;1;1;1;1;7;7;16;5;1;0,937031249
19706;2; ;1; ;2;1;1;1;2;7;2;9;6;15;1;1;0,937031249
19710;2;1;1; ;2;1;1;2;1;1;1;2;5;16; ; ;0,937031249
19720;2;1;1; ;1;1;1;1;1;2;1;7;5;15;5;3;0,937031249
30864;2;1;1; ;2;2;2;1;1;1;1;7;6;16;1;1;0,937031249
30877;2;1;1; ;2;1;1;2;1;1;1;7;6;16;4;2;0,937031249
30885;2;1;1; ;2;1;1;1;2; ;3; ;8; ;1;1;0,937031249
30889;2;1;1; ;1;1;1;1;2;1;1;2;5;14;2;3;0,937031249
1;1;1;1; ;2;1;1;1;1;1;1;4;4;16;3;3;0,937537481
19;1;1;1; ;2;1;1;2;1;1;1;4;6;14;4;3;0,937537481
27;1;1;1; ;1;1;1;1;1;1;1;2;4;14;4;4;0,937537481
75;1;1;1; ;1;1;1;1;1;5;1;9;5;15;5;3;0,937537481
2044;1;1;1; ;2;1;1;1;1;1;1;6;6;16;4;4;0,937537481
2056;1;1;2; ;2;1;1;1;2;1;1;3;6;15; ; ;0,937537481
3423;1;1;1; ;1;1;2;1;2;1;1;1;1;15;2;1;0,937537481
18337;1;1;1; ;1;1;1;1;2;1;1;2;6;14;3;2;0,937537481
18346;1;2; ;1;2;1;2;1;1;1;1;2;6;15;3;1;0,937537481
18489;1; ;3; ;1;1;1;1;5;1;2;4;4;15;2;2;0,937537481
19661;1;1;1; ;1;1;1;1;1;1;1;7;6;15; ; ;0,937537481
27406;1;2; ;2;2;1;1;1;4;7;1;9;5;14; ;1;0,937537481
27421;1;1;1; ;2;1;1;1;1;1;1;3;3;12;4;4;0,937537481
27424;1;1;1; ;1;3;3;1;1;1;4;1; ;11;4;4;0,937537481
27451;1;2; ;2;2;2;2;3;2; ;4; ;8;14; ; ;0,937537481
27479;1;1;1; ;1;1;1;1;2;1;2;4;8;15;2;2;0,937537481
27486;1;2; ;2;2;1;2;1;2;6;1; ;7;16; ; ;0,937537481
27488;1;1;1; ;1;1;2;1;1;1;1;2;6;16;1;1;0,937537481
27514;1;1;1; ;1;1;1;1;1;1;1;4;4;16;4;4;0,937537481
27545;1;1;1; ;1;1;1;1;1;1;1;4;5;14;1;1;0,937537481
36505;1;2; ;2;2;2;2;1;2;4;2; ; ;16; ;2;0,937537481
36513;1;1;1; ;1;1;1;1;1;1;1;4;6; ;1;1;0,937537481
37159;1;1;2; ;1;1;1;1;1;1;1;2;2;15;4;4;0,937537481
38396;1;1;1; ;1;1;1;1;2;1;1;4;6;11;5;4;0,937537481
10190;1;1;1; ;1;1;1;1;1;1;1;3;3;13;4;5;0,938073877
415;2;1;1; ;1;1;1;1;1;1;1;4;6;12;3;3;0,938323179
422;2;1;1; ;1;1;1;1;2;1;1;4;5;16;4;4;0,938323179
4525;2;1;1; ;1;1;2;1;2;1;1;4;4;16;1;3;0,938323179
6246;2;1;1; ;1;1;1;1;1;1;1;3;4;15;4;1;0,938323179
6255;2;1;3; ;1;1;1;4;2;1;2;2;6;16;4;4;0,938323179
6277;2;1;1; ;1;1;1;1;1;1;1;3;3;15;2;2;0,938323179
6575;2;1;1; ;1;1;1;1;1;1;1;2;4;14;4;2;0,938323179
8355;2;1;1; ;1;1;1;1;2;6;1;9;6;13; ;2;0,938323179
8525;2;1;1; ;1;1;1;1;1;1;1;4;4;13;5;5;0,938323179
8647;2;1;1; ;2;1;1;1;1;1;1;4;4;15;2; ;0,938323179
8661;2; ;1; ;1;1;1;1;2;1;1;4;5;16; ;5;0,938323179
8709;2;1;1; ;2;2;2;1;1;1;1;6;6;15;4;2;0,938323179
8746;2;1;2; ;2;2;2;1;1;1;1;5;5;17;5;1;0,938323179
10042;2; ;1; ;1;1;1;1;1;1;1;2;6;12; ; ;0,938323179
10078;2; ;1; ;1;1;1;1;1;1;1;6;6; ;4;1;0,938323179
10593;2;1;1; ;2;1;1;1;2;2;3;8;8;17;5;5;0,938323179
10605;2;1;1; ;1;1;1;1;1;1;1;4;4;13;4;4;0,938323179
12078;2;1;1; ;1;1;1;1;2;1;1;6;6;14;2;2;0,938323179
12097;2;1;1; ;1;1;1;1;2;1;1;6;6;14;1;1;0,938323179
14450;2;1;1; ;1;1;1;1;2;1;6;3;5;13; ; ;0,938323179
14452;2;1;1; ;1;1;1;1;1;1;1;5;5; ;5;4;0,938323179
16741;2;1;1; ;2;1;1;1;4;1;7;4;9; ;4;1;0,938323179
16753;2; ;1; ;2;1;2;1;1;4;1; ; ;10;3;1;0,938323179
18672;2;1;1; ;1;1;1;1;1;1;1;4;6;16;3;3;0,938323179
20135;2; ;1; ;1;1;1;1;2;1;1;5;4;16;2;2;0,938323179
20213;2;1;1; ;1;1;1;1;1;1;1;2;2;15;1;1;0,938323179
20452;2; ;1; ;1;1;1;1;1;1;4;6;2;14;3;3;0,938323179
20464;2;1;1; ;1;1;2;1;2;1;1;2;6;14; ; ;0,938323179
26209;2;1;1; ;1;1;1;1;2;1;1;4;4;15;5;5;0,938323179
26211;2; ;1; ;1;1;1;1;2;1;1;3;6;12;5;5;0,938323179
26213;2; ;1; ;1;1;1;1;2;1;1;4;4;13;3;3;0,938323179
26215;2; ;1; ;1;1;1;1;2; ;1; ; ;15; ;4;0,938323179
26240;2;1;1; ;1;1;1;1;2;1;1;2;6; ;2;2;0,938323179
30577;2; ;1; ;1;2;2;1;4;7;6;9;8; ; ;1;0,938323179
30585;2; ;1; ;1;1;1;1;2;1;1;4;4;13;3;4;0,938323179
30611;2;1;1; ;1;1;1;1;2;1;1;4;4;15;2;2;0,938323179
30617;2;1;1; ;2;1;2;1;2;1;4;7;8;17;1;1;0,938323179
30630;2;1;1; ;2;1;1;1;1;1;3;7;8;16; ; ;0,938323179
30692;2;1;1; ;1;1;2;1;1;5;1;4;6;12;4;4;0,938323179
30704;2;1;1; ;2;1;2;1;5;7;1;9;6;17; ;1;0,938323179
36043;2;1;1; ;1;1;1;1;1;1;4;2;8;15;2;1;0,938323179
36080;2;1;1; ;2;1;2;1;3; ;2; ;6;17; ;1;0,938323179
32576;2;1;1; ;1;1;1;2;1;1;1;4;6; ;5;4;0,938662241
32796;2;1;1; ;2;1;1;1;2;1;1;4;5;15;5;2;0,938662241
2253;2; ; ; ;2;1;1;1;1;1;1;7;6;16;3;4;0,939060948
27710;2;1;1; ;1;2;2;1;2;1;1;4;6;16;5;4;0,939060948
28329;1;1;1; ;1;1;1;1;1;1;1;6;6;15;4;1;0,939091501
28332;1;1;1; ;2;2;2;1;1;1;1;7;6;14; ; ;0,939091501
28338;1;2; ;2;1;1;2;1;2;1;3; ;8;16;3;2;0,939091501
28346;1;1;1; ;1;1;1;1;1;1;3;4;8;17;1;1;0,939091501
28353;1;1;1; ;2;2;3;1;1;2;1;8;7;25;3;1;0,939091501
28355;1;1;1; ;1;1;1;2;1;1;3;7;8;16;4;4;0,939091501
28904;1;1;2; ;2;2;3;1;2;1;1;7; ;15;1;1;0,939091501
28919;1;1;1; ;1;1;1;1;1; ;1; ;6;16;5;4;0,939091501
28949;1;2; ;2;2;1;1;5;4;7;7;9;9; ;1;1;0,939091501
28953;1;1;1; ;1;1;1;1;1;1;1;6;6;14;3;2;0,939091501
28960;1;1;1; ;1;1;1;1;1;1;1;6;5;15;1;1;0,939091501
28963;1;1;1; ;1;1;2;1;2;1;1;5;6;13;2;1;0,939091501
28972;1; ;1; ;1;1;1;2;1;1;1;3;6;11;2;2;0,939091501
29008;1;2; ;2;1;1;1;1;1;1;1;6;6;16;1;1;0,939091501
29013;1; ;1; ;1;1;1;2;1;1;1;3;6;13;4;4;0,939091501
29076;1; ;1; ;1;1;1;1;1;1;1;4;4;10;5;5;0,939091501
29082;1;1;1; ;1;2;1;1;2;1;1;4;4;16;4;3;0,939091501
29099;1;1;1; ;2;1;1;1;1;1;1;7;7;13;4;4;0,939091501
29114;1;1;1; ;2;2;2;1;2; ;2; ;8;14; ;1;0,939091501
29115;1;1;1; ;2;1;1;1;1;2;2;8;8;14;5;5;0,939091501
29119;1;1;2; ;2;1;2;1;1;1;4;3;6;16;3;3;0,939091501
29225;1;2; ;2;1;1;1;1;2;3;3;8;8;14;1;1;0,939091501
29245;1;1;1; ;1;1;1;1;1;1;3;7;8; ;1;1;0,939091501
29347;1;1;1; ;1;1;1;1;2;7;1;9;5; ;1;1;0,939091501
29387;1;1;1; ;2;2;2;1;2;2;2;8;8;15;2;1;0,939091501
29392;1;1;1; ;1;1;1;1;1;1;1;2;6; ;2;2;0,939091501
29409;1;1;2; ;2;2;3;5;1;1;1;6;6;15;3;1;0,939091501
29420;1;1;1; ;2;2;1;1;2;6;1;9; ; ; ;1;0,939091501
30250;1;1;1; ;1;1;1;1;1;1;1;7;6;15;3;3;0,939091501
37237;1;1;1; ;1;1;1;1;1;1;1;3;5;16;2;2;0,939091501
37257;1;1;1; ;2;2;2;1;1;4;4; ; ;16;2;2;0,939091501
37265;1;1;1; ;1;1;1;1;2;1;3;7;7;15;4;2;0,939091501
37273;1;1;1; ;2;1;1;1;2;1;1;5;6;16;4;1;0,939091501
37498;1;2; ;2;2;1;1;1;2; ;1; ;6;12; ;4;0,939091501
37501;1;1;1; ;2;1;1;1;1;1;4; ; ;15;2;2;0,939091501
37518;1;1;1; ;1;1;1;1;1;1;1;7;7;16;2;2;0,939091501
37539;1;1;1; ;1;1;1;1;1;1;3;7;8;15;4;1;0,939091501
1259;2;1;1; ;1;1;1;1;1;4;1;9;6;12;2;2;0,939242674
1291;2;1;1; ;1;1;1;1;1;1;1;6;6; ;5;1;0,939242674
1295;2;1;1; ;2;1;1;1;1;1;1;6;6;16;1;1;0,939242674
1327;2;1;1; ;1;1;1;1;1;1;1;7;6; ;4;1;0,939242674
1430;2;1;1; ;2;2;3;3;1;1;1;4;4; ; ; ;0,939242674
1443;2;1;1; ;1;1;2;1;1;1;2;6;6; ;1;1;0,939242674
1444;2;1;1; ;2;1;1;1;1;1;2; ; ; ;2;2;0,939242674
1453;2;1;2; ;2;2;2;1;2;1;1;6;6; ;2;2;0,939242674
1456;2;1;1; ;2;1;1;1;1;1;3;6;6; ;1;1;0,939242674
1464;2;1;1; ;1;1;1;1;1;1;1;5;5;16;2;1;0,939242674
1467;2;1;1; ;1;1;1;1;1;1;1;1;1;16;3;3;0,939242674
1472;2;1;1; ;1;1;1;1;1;1;1;4;4;16;4;2;0,939242674
1573;2;1;1; ;1;1;1;1;1;1;1;2;6;16;3;3;0,939242674
1576;2;1;1; ;1;2;1;1;1;1;1;5;6;13;4;4;0,939242674
1802;2; ;1; ;2;1;1;1;1;1;1;2;2;17;3;3;0,939242674
1808;2; ;1; ;2;1;1;1;1;1;1;6;6; ;5;1;0,939242674
1810;2;1;1; ;2;2;1;1;1;1;1;6;6; ;1;2;0,939242674
1858;2;1;1; ;1;1;1;1;1;1;1;2;2;15;2;2;0,939242674
3525;2;1;1; ;1;1;1;1;2;5;1; ;5;10;5;4;0,939242674
3531;2;1;1; ;1;1;1;1;1;1;1;6;6; ;5;1;0,939242674
3549;2;1;1; ;1;1;1;1;1;1;1;6; ;14;2;1;0,939242674
3562;2;1;1; ;1;1;1;1;1;1;1;5;5;16;2;1;0,939242674
3622;2;1;1; ;2;1;1;1;1;1;1;2;2;15;2;2;0,939242674
3635;2;1;1; ;1;1;1;1;1;1;3;7;8;16;2; ;0,939242674
3645;2;1;1; ;1;1;1;1;1;1;1;7;7; ;1;1;0,939242674
3665;2;1;1; ;2;2;1;1;2;1;1;5;6;16;1;1;0,939242674
3833;2; ;1; ;1;1;1;1;1;1;1;4;4;15;1;1;0,939242674
3850;2;1;1; ;1;1;1;1;1;1;1;5;7;16;4;4;0,939242674
3860;2;1;1; ;1;1;1;1;1;5;1;7;6;10;2;2;0,939242674
3871;2;1;2; ;1;3;3;1;1;1;1;4;4; ;4;4;0,939242674
4591;2; ;1; ;2;1;1;1;2;1;1;5;5;15;5;2;0,939242674
5753;2;1;1; ;2;1;2;1;1;1;1;2;2;16;3;3;0,939242674
5903;2;1;1; ;1;2;2;1;1;1;3;4;8; ;2;2;0,939242674
5906;2;1;1; ;1;1;1;1;1;1;1;4;4;11;5;5;0,939242674
5908;2;1;1; ;1;1;1;1;1;1;1;7;6;16;1;1;0,939242674
5910;2;1;1; ;1;2;2;1;2;1;1;6;6;14;4;4;0,939242674
5915;2;1;1; ;1;1;1;1;1;1;1; ; ;15;2;2;0,939242674
5922;2; ;2; ;1;1;1;1;2;1;1;7;6;15;3;4;0,939242674
5924;2;1;1; ;1;1;2;1;1;1;1;6;6; ;1;1;0,939242674
5928;2;1;1; ;1;1;1;1;1;1;1;5;4;15;4;4;0,939242674
6296;2;1;1; ;2;1;3;1;1;1;1;3;6;17; ; ;0,939242674
6299;2; ;1; ;2;1;1;1;2;1;1; ; ; ;1;1;0,939242674
6303;2;1;1; ;1;1;1;1;2;1;1;5;5;17;4;1;0,939242674
6307;2;2; ;1;2;1;1;1;1;1;3;2;8;11;3;3;0,939242674
6311;2;1;1; ;2;1;1;1;4;1;4;5;6;14;5;5;0,939242674
6313;2;1;1; ;1;1;1;1;1;1;1;7;6;15; ; ;0,939242674
6320;2;1;1; ;1;1;1;1;2;1;1;2;6;16;3;3;0,939242674
6321;2; ;1; ;1;1;1;1;1;1;3;7; ; ;1;1;0,939242674
6323;2;1;1; ;2;2;2;1;1;1;1;7;6; ;2;2;0,939242674
6742;2;1;1; ;2;2;2;1;1; ; ; ; ;14; ; ;0,939242674
6747;2;1;1; ;1;1;1;1;1;1;1;2;5; ;2;1;0,939242674
6770;2;1;1; ;1;1;1;1;1;1;1;5;6; ;2;1;0,939242674
6807;2;1;1; ;2;1;1;1;1;4;1; ; ; ;1;1;0,939242674
6834;2;1;1; ;1;1;1;1;2;6;1; ;6;17; ;4;0,939242674
6852;2;1;1; ;1;1;1;1;1;6;1;8;7; ;2;1;0,939242674
7040;2;1;1; ;2;2;2;1;1;1;1;7;6;16;2;1;0,939242674
7051;2;1;1; ;1;1;1;1;1;1;2;6;8; ;1;1;0,939242674
7061;2;1;1; ;1;1;1;1;1;1;1;7;5; ;3;1;0,939242674
7566;2;1;1; ;1;1;1;1;2;4; ;6; ;17;2; ;0,939242674
7574;2;1;1; ;1;1;1;1;1;1;1;4;4; ;5;3;0,939242674
8598;2;1;1; ;1;1;2;1;1;1;1;2; ;16; ; ;0,939242674
8601;2;1;1; ;1;1;2;1;2;1;1;7;6;14;1;3;0,939242674
8611;2;1;1; ;1;1;2;1;1;1;1;5;5;16;4;4;0,939242674
8625;2;1;1; ;1;1;1;1;1;1;2;7;8; ;4;4;0,939242674
9258;2;1;1; ;1;1;1;1;2;1;2;7;8; ; ;2;0,939242674
9354;2; ;1; ;1;1;1;1;2;2; ;8; ;15;1; ;0,939242674
9438;2;1;1; ;1;1;1;1;2;1;1;4;4; ;4;2;0,939242674
9655;2;1;1; ;1;1;1;1;2;1;1;7;5;14;5;4;0,939242674
9659;2;1;1; ;1;1;1;1;2;5;2; ;8;14;2;2;0,939242674
9991;2;1;1; ;1;1;1;1;1;1;1;2;6;16;1;2;0,939242674
10006;2;1;1; ;1;1;1;1;2;1;1;4;4;16;1;1;0,939242674
12524;2;1;1; ;1;1;1;1;1;1;1;4;4;14;4;4;0,939242674
13934;2;1;1; ;1;1;1;1;1;1;2;7;8;15;5;5;0,939242674
13956;2;1;1; ;1;1;1;1;1;1;1;4;4;14;3;4;0,939242674
15870;2;1;1; ;2;1;1;1;2;1;1;7; ;16;2;2;0,939242674
15875;2;1;1; ;1;1;1;1;1;1;1;3;4;17;2;2;0,939242674
15878;2; ;1; ;2;1;1;1;1;2;1; ; ; ; ; ;0,939242674
15882;2;1;1; ;1;1;1;1;2;1;1;4;4;16;5;4;0,939242674
15891;2;1;1; ;1;1;1;1;2;1;1;6;4;16;4;2;0,939242674
16224;2;1;1; ;1;1;2;2;2;1;1;2;6; ;2;2;0,939242674
16266;2;1;1; ;1;1;1;1;1;1;1;4;4;15;5;2;0,939242674
16270;2;2; ;2;2;1;1;1;1;1;1; ;6;14; ; ;0,939242674
16274;2; ;1; ;1;1;1;1;2;2;1;8;5;15;2;2;0,939242674
16287;2;1;1; ;1;1;1;1;1;1;4;7; ; ;1;1;0,939242674
16296;2;1;1; ;1;1;1;1;1;1;1;5;6; ;1;1;0,939242674
16301;2;1;1; ;1;1;1;1;2;1;1;4;4; ;3;1;0,939242674
16304;2;1;1; ;1;1;1;1;2;1;1;3;4;14;4; ;0,939242674
17203;2;1;1; ;1;1;1;2;1;1;1;4;4;16;4;1;0,939242674
19547;2;1;1; ;1;1;1;1;1;1;1; ; ;14;3;3;0,939242674
19551;2; ;1; ;1;1;2;1;1;1; ;7;8;16;5;5;0,939242674
19564;2; ;1; ;1;1;1;1;1;2;3; ;8; ;2;1;0,939242674
19587;2;1;1; ;1;1;1;1;1;1;1;4;4;16;2;1;0,939242674
19978;2;1;1; ;1;1;1;1;1;1;1;4;4;14;4;4;0,939242674
19989;2;1;1; ;1;1;1;1;1;1;3;4;4;15;2;2;0,939242674
20917;2; ;1; ;2;1;1;1;1;1;1;6;5; ;2;2;0,939242674
20966;2;1;1; ;2;2;1;1;2;1;1;3;6;15;1;1;0,939242674
20972;2; ;1; ;1;1;1;1;1;1;1;5;3;15;2;2;0,939242674
20978;2;1;1; ;1;1;1;1;1;1;1;6;6;14;2;2;0,939242674
20989;2;1;1; ;1;1;2;1;1;1;5;2;5; ;4;4;0,939242674
21038;2;1;1; ;2;1;1;1;1;1;1;2;6;17;2;2;0,939242674
21304;2; ;1; ;1;1;1;1;2;1;1;5;4;15;3;3;0,939242674
21311;2; ;1; ;1;1;2;1;1;1;3;7;8; ;1;1;0,939242674
21315;2;1;1; ;1;1;2;1;1;1;1;7;6; ;4;1;0,939242674
21335;2;1;1; ;1;1;1;1;1;1;1;7;5;14;1;1;0,939242674
21341;2;1;1; ;1;1;1;1;1;2;1;4;4;17;4;4;0,939242674
21669;2;1;1; ;1;1;1;1;1;1;3;2;8; ;1;1;0,939242674
26020;2;1;1; ;1;1;1;1;1;1;1;6;6;14;5;1;0,939242674
26034;2;1;1; ;2;2;3;1;1;1;1;6;6;17;4;1;0,939242674
26040;2;1;1; ;1;1;1;1;4;7;3;3;2;15; ;2;0,939242674
29060;2;1;1; ;1;1;1;1;1;1;1;2;2;16;3;1;0,939242674
30118;2;1;1; ;2;2;2;1;1;1;3;6;8; ;1;1;0,939242674
30143;2;1;1; ;1;2;2;1;1;1;1;4;4;15;4;4;0,939242674
30153;2;1;1; ;2;2;2;3;2;6;2;8;8;13; ;1;0,939242674
30155;2;1;1; ;1;1;1;1;1;1;1;2;5; ;1;1;0,939242674
30215;2;1;1; ;2;1;2;1;4;7;5;9; ; ;1;1;0,939242674
30223;2;1;1; ;2;1;1;1;1;1;1; ; ; ;1;1;0,939242674
30427;2;1;1; ;1;1;1;1;2;1;1; ;6; ;1;1;0,939242674
30431;2;1;1; ;1;2;2;1;1;1;3;2; ;15;1;1;0,939242674
30442;2;1;1; ;1;1;1;2;1;1;1;5;5;16;4;4;0,939242674
30528;2;1;1; ;1;1;2;1;1; ; ;3;8;15;2;2;0,939242674
30541;2;1;1; ;1;1;1;1;1;1;1;7;6;16;2;2;0,939242674
30549;2;1;1; ;1;1;1;1;1;1;1;7;4; ;4;3;0,939242674
30904;2; ;1; ;1;1;2;1;1;1;1;6;6; ;1;1;0,939242674
30907;2;1;1; ;1;1;3;1;1;1;1;3;6;16;4;4;0,939242674
30910;2;1;1; ;1;1;1;1;1;1;1;7;6;16;4;4;0,939242674
30912;2;1;1; ;2;1;2;1;1;1;3;6;8; ;1;1;0,939242674
30919;2;1;1; ;1;1;2;1;4;7;1;9;4; ;1;1;0,939242674
30921;2;1;1; ;1;1;2;4;2;1;1;5;6;16;4;2;0,939242674
30929;2;1;1; ;1;1;1;1;1;1;1;4;6;17;4;4;0,939242674
30938;2;1;1; ;1;1;1;1;1;1;1;6;6;13;2;2;0,939242674
30971;2;1;1; ;2;2;2;1;2;1;1;3;3;14;1;2;0,939242674
30977;2;1;1; ;1;1;2;1;2;1;1;7;6;16;4;3;0,939242674
32673;2;1;1; ;1;1;1;1;1;1;1; ; ; ;5;1;0,939242674
32679;2;1;1; ;2;1;1;1;1;1;1; ; ;15;1;2;0,939242674
32682;2;1;1; ;2;2;1;1;1;1;1;7;4;15;2;2;0,939242674
32687;2;1;1; ;1;2;2;1;2;1;1;3;6;14;4;4;0,939242674
32696;2;1;1; ;2;1;1;2;1;1;1; ; ;12;4;4;0,939242674
32702;2;1;1; ;1;1;1;1;2;1;1;4; ;15;2;2;0,939242674
36271;2;1;1; ;2;1;1;1;1;1;1;5;5;14;1;1;0,939242674
39689;2;1;1; ;1;1;1;1;2;2;1;8;6;17;1;1;0,939242674
39730;2;1;3; ;1;1;1;1;2;1;1;6;6; ;5;5;0,939242674
43362;2; ;1; ;1;1;1;1;1;1;2;4;8;14;3;1;0,939242674
1200;1;1;1; ;1;1;1;1; ;1;1;2;2;15;4;4;0,939414663
1935;1;1;1; ;1;1;1;5;4;7;7;9;9;12; ; ;0,939414663
4018;1;1;1; ;2;2;3;1;2;1;1;9;4;13;4;5;0,939414663
6130;1;1;1; ;1;1;1;1;1;1;1;3;6;12;3;1;0,939414663
6195;1; ;2; ;2;1;2;1;2;1;1; ; ;17;1;1;0,939414663
9568;1;1;1; ;1;1;1; ;1;1;3;4;8;8;4;3;0,939414663
13624;1;1;1; ; ;2;2;1;1;1;1;7;6;14;5; ;0,939414663
22329;1;1;3; ;1;1;1;4;4;1;7;6;9;14;3;1;0,939414663
23454;1;2; ;2;2;1;1;1;2;3;6;8; ;16; ; ;0,939414663
23482;1;2; ;1;2;2;2;1; ; ; ; ; ; ; ; ;0,939414663
42825;1; ; ;4;2;1;2;1;2; ;1; ; ;15;1;1;0,939414663
42830;1; ;1; ;1;1;1;1;2;1;1;2;2;15;5;2;0,939414663
34459;2;2; ;2;1;1;1;1;1;6;1; ; ;15;1;1;0,939452583
41640;2;1;1; ;1;1;2;1;2;1;1;5;5; ;1;1;0,939452583
35034;2;1;1; ;1;1;1;1;1;1;1;7;7; ;1;1;0,939829227
6604;2;1;1; ;1;1;1;1;1;1;1;3;4;15;3;1;0,941101405
30871;2;1;1; ;1;1;1;1;4;7;1;9;6;13; ;1;0,941101405
30892;2;1;1; ;2;1;2;1;2;1;1;2;6;14;5;3;0,941101405
1786;2; ;1; ;1;1;1;1;1;1;1;4;5;14;3;3;0,941864927
19046;2;1;1; ;1;1;1;1;2;1;1;3;4;14;5;5;0,941864927
44872;2; ;1; ;1;1;1;1;2;1;4;7;8;16;4;2;0,941864927
1222;1;1;1; ;2;1;1;1;2;1;2;7;8;14;4;4;0,94231055
12910;1; ;2; ;2;2;2;1;1;1;1;3;2;16;2;2;0,942482111
13479;1;1;1; ;2;1;1; ;1;1;1;4;4;14;3;3;0,942482111
22197;2;1;1; ;1;1;1;2;2;4;4;9;9;14;1;1;0,942536835
20531;1;1;1; ;1;2;3;1;1;1;4; ;7;11; ; ;0,94268834
12814;1;2; ;2;1;1;2; ;2;1;1;2;2;9; ; ;0,942859969
28959;1;1;1; ;1;1;1;1; ;7;1;9;6;16;5;2;0,943170606
28992;1; ;2; ;2;2;2;1;1;1;1;7;7;13; ; ;0,943170606
28998;1;1;1; ;1;1;1;1;2;1;1;4;6;15;4;4;0,943170606
28999;1; ;1; ;2;2;2;1;1;1; ;3;8;15; ; ;0,943170606
29022;1; ;1; ;1;1;1;1;1;1;1;7;5;19;4;4;0,943170606
29211;1;1;1; ;2;1;2;2;1;1;1;3;2;16;1;1;0,943170606
29398;1;1;1; ;1;1;1;1;1;1;1;4;5;15;2;2;0,943170606
29399;1;1;2; ;1;2;2;2;1;1;2; ;8;12;3;3;0,943170606
29431;1;1;1; ;1;1;1;1;1;1;1;4;6;14;5;5;0,943170606
29448;1;1;1; ;2;1;1;1;2;1;1; ;6;14;4;4;0,943170606
35676;1;2; ;2;1;1;1;1;4; ;3; ;8;17; ;1;0,943170606
37542;1;1;1; ;1;1;1;2;2;1;1;5;6;15; ; ;0,943170606
1263;2;1;1; ;2;2;3;1;2; ;1;8;6;15;1;1;0,943322436
1278;2;1;1; ;1;1;1;1;1;1;1; ; ;15; ; ;0,943322436
1297;2;1;1; ;1;1;1;1;1;4;1;8;6;14;1;2;0,943322436
1457;2;1;1; ;1;1;1;1;1;1;1;5;6;14;4;1;0,943322436
1803;2;1;1; ;1;1;1;1;1;1;1;4;3;15;3;2;0,943322436
1859;2;1;1; ;1;1;1;1;1;1;1; ;4;13;4;4;0,943322436
3653;2;1;1; ;1;1;2;1;2;1;1;6;5;12;5;1;0,943322436
3839;2;1;1; ;1;1;1;1;1;1;1;7;7;16;4;2;0,943322436
4582;2;1;1; ;1;1;1;1;1;1;3;6;8;12;3;3;0,943322436
13939;2;1;1; ;1;1;1;1;1;1;1;4;6;17;1;1;0,943322436
13954;2;1;2; ;2;1;1;1;1; ;1; ;6;15;2;2;0,943322436
13981;2;1;1; ;1;1;1;1;1;1;1;7;7;16;5;4;0,943322436
15889;2;1;1; ;1;2;2;1;2;7;1;9; ;15; ;3;0,943322436
17053;2; ;1; ;1;1;1;1;1;1;1;6;4;15;4;4;0,943322436
19567;2;1;1; ;1;1;1;1;2;1;4;2;6;15;4;3;0,943322436
19764;2;1;1; ;1;1;1;1;2;1;1;6;6;15;1;2;0,943322436
21192;2; ;1; ;2;2;2;1;2;7;1;9;6;15;1;1;0,943322436
21336;2;1;1; ;1;1;1;1;1;1;1;2;6;15;4;4;0,943322436
21655;2;1;1; ;2;1;1;1;1;1;3;7;8;17; ; ;0,943322436
30502;2;1;1; ;2;2;2;1;1;2;1;7;6;16;5;5;0,943322436
30548;2;1;1; ;2;1;1;1;1;5;1;8;6;15;2;2;0,943322436
30855;2;1;1; ;1;1;1;1;2;1;1;5;6;14;5;3;0,943322436
30927;2;1;2; ;2;2;2;1;2;1;1;6;6;16; ; ;0,943322436
33589;2;1;1; ;1;1;1;1;1;1;1;4;5;15;4;2;0,943322436
36283;2;1;1; ;1;1;1;1;2;1;1; ; ;14;5;4;0,943322436
39705;2;1;1; ;1;1;1;1;2;1;1;6;4;15;5;3;0,943322436
43368;2;1;1; ;1;1;1;1;5;7;2;7;6;11; ;4;0,943322436
4329;2; ;1; ;1;1;1;1;1;1;1;2;6; ;4;1;0,943477993
4340;2;1;1; ;1;1;1;1;1;1;1;4;6;17;4;4;0,943477993
4346;2; ;1; ;1;1;1;2;2;1;1;4;4;15;3;1;0,943477993
4348;2;1;1; ;1;1;1;1;1;1;1;7;5;15;3;2;0,943477993
4354;2;2; ;4;1;1;1;1;2;1;4;2;4;17;3;2;0,943477993
4357;2;1;1; ;1;1;1;1;2;1;1;6;6;15;2;2;0,943477993
11734;2;1;1; ;1;1;1;1;1;1;3;7;8; ;1;1;0,943477993
11754;2;1;1; ;2;1;1;2;2;1;1;2;6;12;1;1;0,943477993
11756;2;1;1; ;2;1;1;1;2;2;4;8;8; ;1;1;0,943477993
11784;2;1;1; ;1;1;1;1;2;1;1;5;6;15;5;1;0,943477993
11785;2;1;1; ;2;2;1;1;2;1;1;6;6;15;4;1;0,943477993
11793;2;1;1; ;1;1;1;1;1;1;1;5;4;15;4;4;0,943477993
11803;2;1;1; ;1;1;1;1;1;1;1;6;6; ;1;1;0,943477993
11817;2;1;1; ;1;1;1;1;1;1;1;2;2;16;3;3;0,943477993
19374;2; ;1; ;1;1;2;2;2;1;1;5;6;12;2;5;0,943477993
24448;2;1;1; ; ;1;1;1;1;1;1;7;6;12;3;3;0,943477993
24456;2;1;1; ;1;1;1;1;1;1;3;7;8;16;2;1;0,943477993
24469;2;1;1; ;1;1;1;1;2;1;1;7;7; ;5;4;0,943477993
24471;2;1;1; ;2;1;1;1;1;2;1; ;2; ;4;4;0,943477993
24484;2;1;1; ;1;1;1;1;1;1;1;7;2;16;2;2;0,943477993
24486;2;1;1; ;1;1;1;1;1;1;1;6;6;16;2;3;0,943477993
24488;2;1;1; ;1;1;1;2;1;1;1;1;6;14;3;1;0,943477993
24495;2;1;1; ;1;1;1;1;1;1;1; ; ;14;2;2;0,943477993
24501;2;1;1; ;1;1;1;1;1;1;1;3;4; ;4;4;0,943477993
24508;2;1;1; ;1;1;1;1;1;1;1;6;6;16;4;1;0,943477993
36224;2;1;1; ;1;1;1;1;2;1;1;4;4;16;5;4;0,943477993
36227;2;1;1; ;1;1;1;1;2;1; ;6; ;14;2;2;0,943477993
36232;2;1;1; ;1;1;1;1;1;1;1;4;6;16;3;2;0,943477993
36245;2;1;1; ;2;1;1;1;2;1;1;9;5;15;4;1;0,943477993
36250;2;1;1; ;1;1;1;1;1;1;2;4;8;15;4;4;0,943477993
36251;2;1;1; ;1;1;1;1;1;1;1;6;5;14;2;2;0,943477993
36350;2;1;1; ;2;1;2;2;2;5;1; ; ;16; ; ;0,943477993
36353;2;1;1; ;1;1;1;1;1;1;1;6;6; ;1;2;0,943477993
36354;2;1;1; ;2;2;2;1;2;4;1;8; ; ;1;5;0,943477993
36358;2;1;1; ;1;1;1;1;1;1;1;2;6;17;1;1;0,943477993
36362;2;1;1; ;1;1;1;1;1;1;1;4;5;15;4;1;0,943477993
36381;2;1;1; ;2;1;2;1;2;1;1;6;6;15; ; ;0,943477993
36387;2; ;1; ;1;2;1;1;1;1;2;2;1; ;1;1;0,943477993
40154;2; ;1; ;2;1;2;1;1; ; ; ; ; ;4;2;0,943477993
40159;2; ;1; ;2;1;1;1;1;1;1;7;6;16;4;4;0,943477993
40185;2;1;1; ;1;1;2;1;1;1;1;1;4;10;3;3;0,943477993
40338;2;1;1; ;2;1;1;1;1;1;1;7;6;17;1;1;0,943477993
40349;2;1;1; ;1;1;1;1;1;1;1;4;4;15;2;2;0,943477993
40350;2;1;1; ;1;1;1;1;1;1;1;4;4;14;5;5;0,943477993
40386;2;1;1; ;2;1;1;1;1;5;2;2;7;12;2;2;0,943477993
40399;2;1;1; ;1;1;2;1;1;1; ; ; ; ;4;4;0,943477993
15042;1;1;1; ;1;1;1;1;1;1;1;2;6;8;2;2;0,943753542
15045;1;1;1; ;1;1;1;1;1;1;1;7;6;14;3;3;0,943753542
15060;1;1;1; ;1;1;1;1;1;1;1;2;2;14;3;3;0,943753542
17139;1;1;1; ;1;1;1;1;1;2;1;8;1;15;4;3;0,943753542
18587;1;1;1; ;1;1;1;1;1;1;1;4;6;14;4;2;0,943753542
18617;1;1;1; ;1;2;2;1;1;1;1;4; ;12;4;4;0,943753542
26267;1;1;1; ;1;1;1;1;2;1;1;4;4;10;5;5;0,943753542
26271;1;1;1; ;1;1;1;2;1;1;1;6;6;13;4;4;0,943753542
26317;1;1;2; ;2;1;1;1;1;1;1;7;7;14;5;5;0,943753542
38498;1;1;1; ;2;1;1;1;1;1;1;7;5;16;3;3;0,943753542
41603;1;1;1; ;1;1;1;1;1;1;3;4;8;10;5;4;0,943753542
3106;1;1;1; ;1;1;2;1;1;1;1;6;6;14;1;1;0,945865051
25652;1; ;2; ;1;1;1;1;2;5;1; ; ;12;4;4;0,945865051
25701;1;1;1; ;1;1;2;1;2;1;6;2;2;16;4;1;0,945865051
25808;1; ; ;2;2;1;1;1;2;7;1;9;5;14; ;1;0,945865051
25849;1;1;1; ;1;1;1;1;2;2;1;4;4;13;3;4;0,945865051
32769;1;1;1; ;2;1;1;1;2;1;1;2;6;15;4;4;0,945865051
34081;1;1;1; ;1;1;1;1;2;7;1;9;6;12; ;5;0,945865051
34564;1;1;1; ;2;1;1;1;1;1;1;4;6;12;4;4;0,945865051
3090;1;1;1; ;1;1;1;1;1;3;1;2;4;13;4;2;0,946582809
34301;1;1;1; ;1;1;1;1;1;1;1;4;5;14;5;4;0,946582809
25616;1;1;1; ;1;1;1;1;2;1;1;4;5;10;4;1;0,946962311
34461;1;1;1; ;1;1;1;1;1;1;1;7;6; ;1;1;0,946962311
41689;1;1;1; ;2;1;2;1;1;1;1;4;6;12; ; ;0,946962311
92;2;1;1; ;1;1;1;1;1;1;1;4;4;15;4;4;0,947196557
20180;2;1;1; ;1;1;1;2;1;5;1;9;5;16;4;4;0,947196557
35456;2;1;1; ;1;1;1;1;1;2;1;6;5;14;1;1;0,947196557
33734;2;1;1; ;1;1;1;1;1;1;1;2;6;13;4;4;0,947496949
35614;2;1;1; ;2;1;1;1;1;1;1;3;4;10;5;4;0,947496949
4341;2;2; ;2;1;1;1;1;1;1;3;6;8;16;1;1;0,947576151
4342;2;1;1; ;1;1;1;1;1;5;1;8;2;14;4;4;0,947576151
11737;2;1;1; ;2;2;1;1;2;1;1;2;6;12;5;2;0,947576151
11749;2; ;1; ;1;2;2;1;2;1;1;2;6;16;5;2;0,947576151
11761;2;1;1; ;1;1; ;1;1;1;1;5;6; ;4;1;0,947576151
24432;2;1;2; ;1;1;1;1;1;1;3;7;4;14;4;5;0,947576151
24449;2; ;1; ;2;1;1;1;1;1;2;6;4;16;1;1;0,947576151
24493;2; ;1; ;1;1;2;1;2;1;1;5;6;15;5;3;0,947576151
24521;2;1;1; ;1;1;1;1;1;1;1;4;4;13;5;5;0,947576151
36231;2;1;2; ;1;1;1;4;2;2;1;7;2;15;5;1;0,947576151
36254;2;1;1; ;2;2;2;1;1;1;1;7;6;12;4;4;0,947576151
36368;2;1;1; ;1;2;1;2;1;1;1;7;6;14; ; ;0,947576151
36382;2;1;1; ;1;1;1; ;2;1;1;6;6;14;4;2;0,947576151
40363;2;1;1; ;2;2;2;1;2;6;3;9;5;14;5;2;0,947576151
40406;2;1;1; ;1;1;1;1;2;1;1;2;5;8;2;1;0,947576151
31979;2;1;1; ;1;1;1;1;1;1;1;2;6;14;4;4;0,947786733
37885;2;1;1; ;2;1;1;1;1;1;1;7;6;15;5;5;0,947786733
37925;2;1;1; ;2;1;2;2;1;1;1;2;5;13;1;1;0,947786733
38279;2;1;1; ;1;1;1;1;1;1;1;2;2;10;5;5;0,947786733
38540;2;1;1; ;1;1;1;1;1;1;1;5;5;14;4;4;0,947786733
38770;2;1;1; ;1;1;1;1;1;1;1;4;6;8;4;4;0,947786733
39359;2;1;1; ;1;2;2;1;1;1;1;1;1;10;5;1;0,947786733
39441;2; ;1; ;1;1;1;5;1;4;6; ; ;13;5;5;0,947786733
8113;1;1;1; ;1;1;2;1;1;1;1;2;6;13;4;3;0,947852898
9785;1; ;1; ;1;1;1;1;2;1;1;2;3;15;5;4;0,947852898
19152;1;1;2; ;2;1;2;1;1;1;1;6;6;13;4;4;0,947852898
19170;1;2; ;2;2;1;1;1;2; ;3; ; ;15;1;1;0,947852898
26283;1;1;2; ;1;1;2;1;1;1;1;1;6;15;2;2;0,947852898
37845;1;1;1; ;2;1;1;1;1;1;1;7;7;13;4;4;0,947852898
37862;1;1;1; ;1;1;1;1;2;1;1;5;5;13;4;4;0,947852898
41595;1; ;1; ;1;1;1;1;1;1;3;7;8;10;2;1;0,947852898
4147;1;1;1; ;1;1;1;1;1;1;1;2;6;13;3;3;0,947856367
37596;1;1;1; ;1;1;1;1;2;1;1;4;6;12;5;4;0,947856367
37615;1;1;1; ;1;1;1;1;1;1;1;4;6;16;1;2;0,947856367
37619;1;1;1; ;2;1;1;1;2;1;1; ; ;13; ; ;0,947856367
45079;1; ; ; ;2;1;2;4;2;1;1; ; ; ; ; ;0,947856367
7756;1;1; ; ;2;1;2;1;2;4;4;8;8;15; ; ;0,948236381
20072;2;1;1; ;1;1;2;2;1;1;1;7;5;14;4;1;0,948559907
20086;2; ;1; ;1;1;1;1;1;1;2;2;8;14;4;1;0,948559907
41509;2;1;1; ;1;1;1;1;1;1;1;2;2;15;4;4;0,948559907
20187;1;1;1; ;1;1;1;1;4;7;2;9;8;14; ;2;0,950113492
1661;2;1;1; ;2;1;1;1;2;1;1;5;5;16;5;3;0,950282489
27242;2;1;1; ;1;1;1;1;1;1;1;4;5;14;1;4;0,950307027
41193;2;1;1; ;2;1;1;1;1;2;1;8;7;15;1;1;0,950643836
25441;1;1;1; ;2;1;2; ;4;1;7;7;9;16; ; ;0,950694453
26426;1;1;1; ;1;1;1;1;1;1;1;7;6;17;2;2;0,950694453
28226;1;1;1; ;1;1;1;1;1;1;3; ;8;13;3;3;0,950694453
28250;1;1;1; ;2;1;1;1;2;1;1;6;6;12;1;1;0,950694453
34292;1;1;1; ;1;1;1;2;1;1;1;1;4;13;2;1;0,950694453
34343;1;1;1; ;1;1;1;1;1;1;1;2;6;13;1;2;0,950694453
34382;1;1;2; ;2;1;1;1;1;1;1;6;6;14;5;2;0,950694453
34462;1;1;2; ;2;1;1;1;1;1;1;2;6;16;4;4;0,950694453
34465;1;1;2; ;2;2;1;1;2;1;5;9;4;15; ;4;0,950694453
34528;1;1;1; ;1;1;1;1;1;1;1;2;6;15;5;4;0,950694453
34932;1;1;2; ;2;1;1;1;1;1;1;6;6;15;4;2;0,950694453
35408;2; ;1; ;1;2;1;1;2; ;3;6; ;19;1;3;0,950929622
35448;2;1;1; ;1;1;1;1;2;1;1;5;4;15;4;4;0,950929622
35482;2;1;1; ;1;1;3;2;1;1;1;3;2;15;5;5;0,950929622
35524;2;1;1; ;1;1;1;1;1;1;1;5;4;14;3;3;0,950929622
35542;2; ;1; ;2;1;3;1;1;1;1;3;6;13;3;3;0,950929622
38413;2; ;1; ;1;2;1;1;4;7;1;9;7;15; ;2;0,950929622
38440;2; ;1; ;1;1;1;1;1;1;1;2;6;12;2; ;0,950929622
25392;1;1;1; ;2;1;1;1;1;1;1;3;6; ;2;2;0,951075604
33520;1; ;2; ;2;1;2;1;1;1;1;2;2;14; ; ;0,951711887
33528;1;1;1; ;2;1;1;1;1;1;1;6;6;12;4;4;0,951711887
37075;2;2; ;3;2;1;1;1;1;1;3; ; ;14;5;5;0,951851146
39568;2; ;1; ;1;1;2;1;1;1;4;7;6;14;5;4;0,951851146
29859;2; ;1; ;1;1;1;1;1;1;1;7;6;8; ; ;0,951903607
32894;2;1;3; ;1;1;1;1;2;1;1;7;7;15;5;4;0,951903607
33439;2;1;1; ;1;1;1;1;1;1;1;4;4;14;5;5;0,951903607
37912;2;1;1; ;2;1;1;1;2;3;1;7;6;14;4;4;0,951903607
19018;2;1;3; ;1;1;1;1;1;1;1;4;2;14;4;3;0,952232761
23014;2;2; ;4;2;2;2;1;1;1;1;1; ;16;1;1;0,952232761
44870;2;1;1; ;2;2;1;1;1;1;1;7;7; ;4;4;0,952232761
3788;2;1;1; ;1;3;3;1;2;1;1;2;6; ;2;3;0,952530178
18037;2;1;1; ;2;1;1;1;2;1;1;2;2;14;4;4;0,952530178
18038;2;1;1; ;2;1;1;1;1;1;3;7;8;15;2;2;0,952530178
18039;2;1;1; ;1;1;1;1;2;1;1;2;2;15;4;2;0,952530178
18066;2;1;1; ;2;1;2;2;1;1;1;2;7;16;1;2;0,952530178
18104;2;1;1; ;1;1;1;1;2;4;2;6;3;16;4;5;0,952530178
18203;2;1;1; ;1;1;1;1;2;1;1;7;6;15;5;4;0,952530178
18205;2;1;1; ;1;1;1;1;1;1;1;4;6;14;4;5;0,952530178
18206;2;1;1; ;1;1;2;1;2;5;1;9;7;16;5;4;0,952530178
18212;2;1;1; ;1;1;1;1;1;1;1;4;2; ;3;2;0,952530178
18227;2;1;1; ;1;1;2;1;1;1;1;4;6;15;5;5;0,952530178
22093;2;1;1; ;2;2;1;1;1;1;1;4;5;16;3;3;0,952530178
22110;2; ;1; ;1;1;1;1;1;1;1;6;6;16;2;1;0,952530178
22118;2;1;1; ;1;1;1;1;1;1;1;7;6;17;2;2;0,952530178
22128;2;1;1; ;2;2;2;2;1;1;3;6;8;14;1;1;0,952530178
22130;2;1;1; ;1;1;1;1;2;1;1;7;6;15;4;4;0,952530178
22181;2;1;1; ;2;1;1;1;1;1;2;4;8;14; ; ;0,952530178
22188;2; ;2; ;1;1;1;1;4;1;7;7;9;12;1;1;0,952530178
22189;2;1;1; ;1;1;1;1;2;1;1;7;6;15;3;2;0,952530178
22210;2;1;1; ;1;1;1;2;1;1;1;6;6;15;3;3;0,952530178
33036;2;1;1; ;1;1;1;1;1;1;1;2;6;15;4;3;0,952530178
33038;2;1;1; ;1;1;2;1;2;7;1;9;6;14;1;2;0,952530178
33041;2;1;1; ;1;1;1;1;1;1;1;7;6;15;2;2;0,952530178
33045;2;1;1; ;1;1;1;1;1;1;1;4;6;15;3;3;0,952530178
33054;2;1;1; ;1;1;1;1;1;1;1;2;6;15;2;2;0,952530178
33059;2;1;1; ;1;1;1; ;1;1;1;6;6;16;3;3;0,952530178
33060;2;1;1; ;1;1;1;1;1;1;1;4;4;16;3;3;0,952530178
35859;2;1;1; ;1;1;1;1;1;1;1;4;5;14;3;2;0,952530178
9690;2;1;2; ;1;1;1;1;5;1;1; ;2;15; ;4;0,95268014
13542;2;1;1; ;1;1;1;1;1;1;1;7;7;13;3;3;0,953746276
33342;1;1;1; ;2;2;2;1;1;1;1; ;5;16;5;5;0,954091315
8049;1;1;1; ;2;1;2;2;1;1;1;7;7;16;3;3;0,954240472
19490;1;2; ;2;2;1;1;1;2;1;1;7;6;16;4;3;0,954240472
20173;1;1;1; ;1;1;1;2;2;1;1;6;6;14;4;4;0,954240472
35510;1;1;1; ;1;1;1;1;1;1;1;3;6;15;4;4;0,954240472
9566;2;1;1; ;1;1;2;1;1;1;1;7;6;14;5;4;0,954279741
35204;2;1;1; ;2;2;2;1;1;1;1;6;6;15;5;5;0,954305731
14808;2;1;1; ;1;2;2;4;1;4;1;7;6;15;1;4;0,954434848
2862;2;1;1; ;1;1;2; ; ;7;4;9;7;9;1;1;0,955985674
19052;2;2; ;3;1;1;2;4;4; ; ; ; ;15; ; ;0,955985674
22366;2;1;1; ;1;1;1;1;2;1;1;4;4;12;3;1;0,955985674
44289;2;1;1; ;1;1;1;1;2;1;1;7;6;11;5;2;0,955985674
44348;2;1;2; ;2;1;1;1;1;1;1;2;2;16;1;1;0,955985674
25856;1;1;1; ;2;1;2;4;1;6;1; ;6; ; ; ;0,956276917
34664;1;1;2; ;2;1;2;1;1; ;1; ;6;16;1;1;0,956276917
34918;1;1;1; ;1;1;1;1;2;1;1;4;4;12;3;2;0,956276917
2802;2;1;1; ;2;1;1;1;1;1;4;3;8;15;4;2;0,956368947
3757;2;1;1; ;2;1;1;1;1;1;1; ; ;14;4;4;0,956667656
18036;2;1;1; ;2;1;1;1;2;1;1; ; ;15;5;2;0,956667656
18051;2;1;1; ;2;3;2;1;2;2;1;8;1;15;5;1;0,956667656
18062;2; ;2; ;2;1;1;1;2;2;3; ; ;16;1;1;0,956667656
22120;2;1;1; ;1;2;3;1;1;1;1;5;5;15;2;2;0,956667656
22123;2; ;1; ;1;1;1;1;1;1;1;5;5;15;1;1;0,956667656
22182;2;1;1; ;2;2;2;2;4;7;1;9;6;14;3;3;0,956667656
35882;2; ;1; ;1;1;1;1;2;1;1;4;6;14;3;1;0,956667656
24530;2;1;1; ;1;1;1;4;2;1;2;7;8;12;3;2;0,957051631
37867;2;1;1; ;1;1;1;1;2;1;1;6;6;15;2;2;0,957051631
7739;1;1;1; ;1;1;1;1;2;1;1;6;6;13;3;3;0,957295654
20626;1;1;1; ;2;1;1;1;1;1;1;2;6;15;3;3;0,957295654
20651;1;1;1; ;1;1;1;2;2;1;1;7;6;15;4;5;0,957295654
23920;1;1;1; ;1;1;1;1;1;4;1;2;2;16; ; ;0,957295654
23960;1;2; ;4;2;1;1;1;2;2;1;8;7;14;4;5;0,957295654
15608;2; ;1; ;1;2;1;1;4; ;1; ;4;13; ;5;0,957691966
20723;2;1;1; ;1;1;1;1;1;1;1;4;2;14;4;4;0,957691966
16969;1;1;1; ;1;1;1;1;1;1;1;4;4;12;2;2;0,95790233
4446;1;1;2; ;1;1;1;1;1;1;1;1;2;13;1;1;0,957902605
7586;1;1;2; ;1;1;1;1;1;1;1;2;2;17;1;1;0,957902605
7591;1;1;1; ;2;2;2;1;1;1;1;7;5; ;2;2;0,957902605
7603;1;1;1; ;1;1;1;1;1;1;1;2;6;14;4;1;0,957902605
7614;1;1;2; ;1;2;3;1;1;1;1;6;6;13;3;3;0,957902605
8124;1;1;2; ;2;1;1;1;1;1;1; ; ; ;4;4;0,957902605
8125;1;1;1; ;1;1;1;1;1;1;1;4;4;16;2;2;0,957902605
8130;1;1;1; ;1;1;1;1;1;1;1;5;4;15;2;1;0,957902605
8140;1; ;1; ;1;1;1;1;1;1;1;5;6;15;1;1;0,957902605
9741;1; ;2; ;2;2;2;1;1;1; ;2;2;14;1;1;0,957902605
9752;1; ;2; ;1;1;2;1;1;1;1;2;6;15;1;1;0,957902605
9762;1;1;1; ;2;2;2;1;2;1;1;7; ;14;4;5;0,957902605
9781;1;1;1; ;1;1;1;1;1;1;1;2;6; ;1;1;0,957902605
9782;1;1;1; ;1;1;1;1;1;1;1;2; ; ;1;1;0,957902605
15040;1;1;1; ;1;1;1;1;1;1;3;7;8;14;2;2;0,957902605
15530;1;1;1; ;1;1;1;1;1;1;1;2;6;13;3;3;0,957902605
15531;1;1;1; ;1;1;1;2;1;1;1;2;2;14;1;4;0,957902605
15538;1;1;1; ;1;1;1;1;1;1;1; ; ; ;1;1;0,957902605
15549;1;1;1; ;2;1;1;1;2;1;1;7;6;13;5;4;0,957902605
15563;1;1; ; ;1; ;1;1;1;1;1;5;4; ;4;3;0,957902605
15567;1;1;1; ;1;1;1;1;1;1;1;4;4;10;4;4;0,957902605
17076;1;1;1; ;1;1;1;1;2;1;1;4;5; ;3;3;0,957902605
17087;1;1;1; ;1;2;1;1;1;1;1;4;4;14;2;2;0,957902605
17116;1;1;2; ;1;1;1;1;1;1;1;1;1;13;4;2;0,957902605
17126;1;1;1; ;1;1;1;1;2;1;1;5;6;14;5;3;0,957902605
17129;1;1;1; ;2;1;2;1;2;6;2;8;6;15;1;1;0,957902605
17131;1;1;1; ;1;1;1;1;2;1;1;2;6;16;4;2;0,957902605
17137;1;1;2; ;1;1;1;1;1;1;1;7;6;10;1;1;0,957902605
17149;1;1;1; ;1;1;1;1;1;1;1;6;6;13;3;3;0,957902605
17152;1; ;1; ;2;1;2;1;1;1;1;2;7;14;2;2;0,957902605
17153;1;1;1; ;1;1;2;1;1;1;1;7;6;16;1;1;0,957902605
17158;1;1;1; ;1;1;1;1;1;1;3;4; ; ;2;2;0,957902605
18596;1; ;1; ;2;1;1;2;1;1;2;4;6;14;3;3;0,957902605
18602;1;1;1; ;1;1;1;1;1;1;1;5;6;15;1;1;0,957902605
18624;1;1;1; ;1;1;1;1;1;1;1; ; ;17;4;4;0,957902605
18627;1;1;1; ;2;2;1;1;1;1;1;4;6; ;4;4;0,957902605
18628;1;1;2; ;2;1;1;1;1;1;1;6;7;16;1;2;0,957902605
19129;1;1;1; ;1;1;1;1;1;1;1;4;4;15;3;3;0,957902605
19132;1;1;1; ;1;1;1;1;1;1;1;3;6;15;4;4;0,957902605
19137;1;1;1; ;2;1;1;1;1;1;1;7;7;15;1;1;0,957902605
19145;1;1;1; ;1;1;1;1;1;1;3;4;8; ;4;4;0,957902605
19165;1;1;1; ;1;1;1;1;1;1;1;6;4;15;2;1;0,957902605
24525;1;1;1; ;1;1;1;1;1;5;2;6;5;14;4;1;0,957902605
24535;1;1;1; ;1;1;1;1;1;1;3;4;8;14;4;4;0,957902605
24540;1;1;2; ;2;1;1;1;2;1;1;7;6;14;4;4;0,957902605
24542;1;1;1; ;2;1;2;1;1;1;6; ; ; ; ; ;0,957902605
24543;1;1;1; ;2;1;2;1;1;1;3;6;8;7; ; ;0,957902605
24554;1;1;1; ;1;1;1;1;1;1;1;7;6;16;4;4;0,957902605
24559;1;1;1; ;2;1;1;1;4;7;1;9;6;16;1;2;0,957902605
26260;1;1;1; ;2;1;1;1;2;1;2;7;8; ;1;1;0,957902605
26289;1;1;1; ;1;1;1;1;1;1;1;5;5;12;3;3;0,957902605
26290;1;1;1; ;1;1;1;1;1;1;1;7;6;16;2;4;0,957902605
26295;1;1;1; ;1;1;1;2;2;1;1;7;6;15;5;4;0,957902605
26309;1;1;1; ;1;1;1;1;1;1;1;6;6;15;5;5;0,957902605
26319;1;1;1; ;1;1;1;1;1;1;1; ; ;16;3;2;0,957902605
26321;1; ;1; ;1;1;1;1;1;1;1;6;7;15;3;1;0,957902605
26344;1;1;1; ;2;1;1;1;1;1;1;6;4;15;5;5;0,957902605
33894;1;1;1; ;1;1;1;1;1;5;1;5;4;15;4;4;0,957902605
33899;1;1;1; ;2;1;1;1;1;5;1;8;6;17;4;3;0,957902605
33906;1;1;1; ;2;1;2;1;1;1;1;6;6; ;1;1;0,957902605
33927;1;1;1; ;1;1;1;1;1;1;1;7;6;11;2;2;0,957902605
36126;1;1;1; ;1;1;1;1;1;1;1;5;6;13;3;3;0,957902605
36135;1;1;1; ;1;1;1;1;1;1;1;6; ;15;2;1;0,957902605
36155;1;1;1; ;1;1;1;1;1;1;1;4;6;13;5;4;0,957902605
36165;1;1;1; ;1;1;1;1;1;1;1;2;7; ;1;1;0,957902605
36169;1;1;1; ;1;1;1;1;1;1;1;1;2;15;4;4;0,957902605
36173;1;1;1; ;1;1;1;1;1;1;1;6;5;16;4;4;0,957902605
36185;1; ;1; ;1;1;1;2;1;2;1;8;7;16;2;2;0,957902605
36194;1;1;1; ;1;1;1;1;2;1;1;5;4;16; ; ;0,957902605
36201;1;1;1; ;1;1;1;1;2;1;4;4;9; ;1;1;0,957902605
36206;1; ;1; ;1;1;1;1;1;1;1;4;2;14;3;3;0,957902605
37678;1; ;1; ;1;2;2;1;1;1;1;7;6;15;5;4;0,957902605
37683;1;1;1; ;1;1;1;1;1;1;1;4;4;12;3;2;0,957902605
37688;1;1;1; ;2;1;1;1;1;1;1;2;6; ; ; ;0,957902605
37798;1;1;1; ;2;1;2;1;1;1;1; ; ;15;3;1;0,957902605
37816;1;1;1; ;2;1;1;1;1;1;1; ; ;15;3;3;0,957902605
37820;1;1;1; ;2;1;1;1;4;7;1;9;6;16;1;1;0,957902605
37838;1;1;1; ;1;1;2;1;1;1;1;4;5;15;4;4;0,957902605
37850;1;1;1; ;1;1;1;1;2;1;1;1;6;15;3;3;0,957902605
37864;1;1;1; ;1;1;1;1;1;1;1;2;6;16;4;4;0,957902605
37872;1;1;1; ;2;1;1;1; ;1;1;7;6;13;4;4;0,957902605
38470;1;1;2; ;1;1;1;1;2;5;1;6;6;17;4;4;0,957902605
38473;1;1;1; ;2;1;2;1;1;1;1;4;6;16;4;4;0,957902605
38488;1;1;1; ;1;1;2;1;1;2;1;8;4;12;4;4;0,957902605
41577;1;1;1; ;2;1;1;1;2;2;2;7;7;16;5;2;0,957902605
41594;1;1;1; ;1;1;1;1;1;1;1;4;4;16;3;1;0,957902605
41609;1;1;1; ;1;1;1;1;4; ;1; ;3; ; ;1;0,957902605
35725;2;1;1; ;1;3;2;1;2;6;2;8;8;16;1;1;0,958835423
19335;2;1;2; ;2;1;2; ;1;1;1; ; ;16;4;1;0,959495898
42690;2;1;1; ;1;1;1;1;1;1;1;3;6;10;4;4;0,959495898
3084;1;1;1; ;2;2;2;1;2;1;1; ;6; ;5;2;0,960045769
25577;1;1;1; ;1;1;1;1;2;1;1;4;4;12;4;3;0,960045769
32540;1;1;1; ;2;2;2;1;2;2;2;7;6;16;3;1;0,960045769
32566;1;1;1; ;1;1;1;1;1;1;1;7;6;12;5;1;0,960045769
34050;1;1;1; ;2;1;2;1;1;1;1;4;6;16;1;1;0,960045769
34051;1;1;1; ;1;1;1;1;1;1;1;5;5;15;2;2;0,960045769
34661;1; ;1; ;1;1;1;1;2;1;1;2;3;11;5;5;0,960045769
44966;1;2; ;2;2;1;1;1;2;1;1;4;4;17;1;1;0,960045769
45003;1;1;1; ;1;1;2;1;2;1;1; ;4;15;3;5;0,960045769
22078;1;1;1; ;2;1;1;2;2;1;1;5;6; ; ; ;0,960064844
34178;1;1;1; ;1;3;3;1;1;1;1; ; ; ;5;5;0,96043067
34190;1; ;2; ;1;1;1;1;2;2;1;8;6;15; ; ;0,96043067
24532;2;1;1; ;1;1;1;1;2; ;1; ;2;15;2;2;0,961208749
38513;2;1;1; ;2;1;1;1;1;1;3;7;8;12;2;2;0,961208749
41620;2;1;1; ;2;1;1;1;2;7;1;9; ;16; ;5;0,961208749
7841;1;2; ;1;2;1;1; ;2;6;2; ;8;3; ; ;0,961453832
7850;1;1;1; ;1;1;1;1;1;1;1;4;4;14;5;5;0,961453832
20639;1;1;1; ;2;2;1;3;2;1;3; ; ;15;5; ;0,961453832
1703;2;1;1; ;1;1;1;2;1;1;1;1;6;15;4;4;0,961702133
1711;2;1;1; ;2;2;2;1;1;5;3; ; ; ;2;2;0,961702133
2112;2;1;1; ;1;1;1;1;1;1;1;3;4;10;2;1;0,961702133
2119;2;1;1; ;1;1;1;1;1;1;1;4; ;14;2;1;0,961702133
2124;2; ;1; ;2;1;1;1;1;5;1; ;6;16;2;1;0,961702133
2126;2;1;1; ;1;2;2;1;1;1;1;7;6;14;4;3;0,961702133
2368;2; ;1; ;1;1;1;1;1;1;1;6;6;15;2;2;0,961702133
2370;2; ;1; ;2;1;2;1;1;1;1; ; ;15;1;1;0,961702133
2389;2;1;1; ;1;1;1;1;1;1;1;6;6;15;3;3;0,961702133
2955;2;1;1; ;1;1;1;1;1;5;1;7;6;13;1;1;0,961702133
10373;2;1;1; ;1;1;1;1;1;1;1;5;5;15;2;2;0,961702133
10389;2;1;1; ;2;1;1;1;2;2;1; ;2;15;5;5;0,961702133
10396;2;1;1; ;1;1;1;1;2;1;1;7;6;14;5;4;0,961702133
15071;2;1;1; ;1;1;1;1;1;1;4;6;6;10;4;3;0,961702133
15072;2;1;2; ;1;1;1;2;1;1;1;6;6; ;2;2;0,961702133
15078;2;1;1; ;1;3;3;1;2;1;1;2;6;15;4;2;0,961702133
15087;2; ;1; ;1;1;1;1;1;1;1;4;6;15;4;4;0,961702133
15088;2; ;1; ;1;1;1;1;1;1; ;6; ; ;1;1;0,961702133
15096;2;1;1; ;2;1;2;1; ;1;3;2;8;17;1;1;0,961702133
16182;2;1;1; ;1;1;1;1;2;1;1;6;6;12;5;2;0,961702133
16378;2;1;1; ;1;1;1;1;1;1;1;2;5;15;4;4;0,961702133
16390;2;1;1; ;1;1;1;1;1;1;1;6;6; ;1;1;0,961702133
20420;2;1;1; ;1;1;1;2;2;1;3;4;8;14;5;5;0,961702133
27914;2;1;1; ;1;1;1;1;1;1;1;7;7;16;1;1;0,961702133
27917;2; ;1; ;1;1;1;1;2; ;1; ;6;14;3;2;0,961702133
27923;2;1;1; ;2;1;2;1;4;7;1;9;6;15; ;3;0,961702133
27928;2;1;1; ;1;1;1;1;2;1;1;4;4; ;4;4;0,961702133
27930;2; ;1; ;2;1;1;1;1;2; ;8;8; ;1;1;0,961702133
27943;2;1;1; ;2;1;1;1;1;1;1;7;2;17;2;2;0,961702133
27959;2;1;1; ;1;1;1;1;1;1;3;4;8; ; ; ;0,961702133
27988;2;1;1; ;1;1;1;1;1;1;1;2;6;15;2;2;0,961702133
28007;2;1;1; ;1;1;1;1;1;1;1;5;5;14;4;4;0,961702133
28009;2;1;1; ;1; ;1;1;2;1;1;6;6; ;1;1;0,961702133
28027;2;1;1; ;1;1;1;1;1;1;3;7;8;14;2;2;0,961702133
32393;2;1;3; ;1;1;1;1;1;1;1;1;1;15;3;2;0,961702133
33739;2;1;1; ;1;1;1;1;1;1;3;4;6;16;2;2;0,961702133
33742;2;1;1; ;1;1;1;1;2;1;1;7;7;16;2;1;0,961702133
33748;2;2; ;1;2;2;2;1;1;1;3;6;8;15;2;1;0,961702133
33749;2;1;3; ;1;1;1;1;2;7;3;9;8;16; ;3;0,961702133
33754;2;1;1; ;2;1;1;1;1;1;1; ; ; ;1;1;0,961702133
33757;2;1;1; ;1;1;2; ;1;1;1;5;6;15;1;1;0,961702133
35607;2; ;1; ;1;1;3;1;2;1;1;6;6;13;3;1;0,961702133
35613;2;1;1; ;1;1;1;1;2;1;1;5;4;15;3;4;0,961702133
35622;2;1;1; ;1;1;1;1;2;1;1;2;4;16;4;4;0,961702133
35625;2;1;1; ;1;1;1;1;1;1;1;2;2;14;5;3;0,961702133
43197;1; ;2; ;1;1;1;1;1;1;3; ;8;15;3;2;0,96180251
28564;2;1;1; ;1;1;1;1;1;1;1;3;4;16;3;3;0,961996262
28601;2;1;1; ;1;1;1;1;1;1;3;2;8;16;1;1;0,961996262
28605;2;1;1; ;2;2;3;1;1;1;1;4;4;16;2;2;0,961996262
28631;2;1;1; ;1;2;2;1;1;1;1;6;6; ;4;1;0,961996262
28638;2;1;1; ;2;1;2;1;2;7;3; ;8;15; ;1;0,961996262
28641;2;1;1; ;1;1;1;1;1;1;1; ; ;26;2;1;0,961996262
29660;2;1;1; ;2;1;1;1;1;1;4;7;9;17;5;5;0,961996262
29668;2; ;1; ;1;1;1;1;2;1;4;7; ;16;3;1;0,961996262
29674;2;1;1; ;2;1;1;1;1;4;1;7;4;16;5;4;0,961996262
29676;2;1;1; ;1;1;1;1;2;1;1;4;4;15;5;3;0,961996262
29700;2; ;1; ;1;1;1;1;1;1;1;4;6;16;5; ;0,961996262
29778;2;1;1; ;1;1;1;1;1;1;1;7;5;15;3;3;0,961996262
29807;2;1;1; ;2;1;1;1;1;1;1; ; ;15;1;1;0,961996262
29814;2;1;1; ;1;1;1;1;1;4;3; ;8;16;2;1;0,961996262
29840;2;1;1; ;2;1;1;1;2;7;1;9;2;14; ;4;0,961996262
29867;2;1;1; ;1;1;2;1;1;1;1;4;6;12;5;5;0,961996262
29870;2;1;1; ;2;2;2;1;1;1;3;3;8;17;1;1;0,961996262
31480;2;1;1; ;1;1;1;1;2;1;1;7;7;16;2;2;0,961996262
31491;2;1;1; ;1;1;1;1;1;1;1;6;6;17;4;4;0,961996262
31618;2;1;1; ;1;1;2;1;1;1;1;7;6; ;2;2;0,961996262
31629;2;1;1; ;1;1;1;1;1;1;1;7;6;11;3;2;0,961996262
31637;2;1;1; ;2;2;2;1;1;1;2;2;8;17;1;1;0,961996262
31640;2;1;1; ;2;2;2;1;2;1;1;7;5;15;5;2;0,961996262
31658;2;1;1; ;1;1;1;2;1;1;1;4;4;15;4;4;0,961996262
31666;2;1;1; ;1;1;1;1;1;1;1; ;6;16;2;2;0,961996262
31668;2;1;1; ;1;1;2;1;1;1;1;6;6;16;5;4;0,961996262
31686;2;1;1; ;1;1;1;1;2;4;1;8;4;14;1;2;0,961996262
31694;2;1;1; ;2;2;2;1;1;1;3; ;8; ;1;1;0,961996262
31882;2;1;1; ;2;1;2;3;2;1;2;7;8; ;4;4;0,961996262
31896;2;1;1; ;1;1;1;1;1;1;1;3;3;15;2;2;0,961996262
31909;2;1;1; ;1;1;1;1;2;1;1;4;4;11;3;5;0,961996262
31922;2; ;1; ;2;1;2;1;4;7;3;9;8;15;1;1;0,961996262
31924;2;1;1; ;1;1;1;1;1;1;1;7;5;16;5;3;0,961996262
31929;2;1;1; ;1;1;2;1;2;1;1;4;4;15;4;4;0,961996262
31932;2;1;1; ;1;1;1;1;1;1;3;5;8;16; ; ;0,961996262
31951;2;1;1; ;1;1;1;1;4;7;1;9;6;15;1;1;0,961996262
31952;2;1;1; ;2;1;1;2;2;1;1;6;6; ;1;1;0,961996262
31958;2;1;1; ;2;2;3;1;1;2;2;8;8;16; ; ;0,961996262
31961;2;1;1; ;1;1;1;1;2;1;1;4;4;15;4;4;0,961996262
31965;2; ;1; ;1;1;1;1;1;1;1;3;3;10;5;5;0,961996262
31966;2; ;1; ;2;1;2;1;2;1;1;7;5;15;4;3;0,961996262
31995;2;1;1; ;1;1;1;1;1;1;3;5;8;15; ; ;0,961996262
31996;2;1;1; ;1;1;1;1;2;1; ; ;8; ;5;1;0,961996262
31997;2;1;2; ;2;1;1;1;1;1;1;2;2;17;2;2;0,961996262
31999;2;1;1; ;1;1;1;1;1;1;1;7;7;16;2;2;0,961996262
32002;2;1;1; ;1;2;1;1;1;2;1; ; ; ;5;4;0,961996262
32610;2;1;1; ;2;2;3;1;1;4;3;8;8;17;2;2;0,961996262
32624;2;1;1; ;1;1;1;1;1;1;1;6;6;16;2;2;0,961996262
32802;2;1;1; ;2;1;1;1;1;1;1; ; ; ;1;1;0,961996262
32803;2;1;1; ;1;1;1;1;1;1;3;7;8; ;1;2;0,961996262
32815;2;1;1; ;1;1;1;1;1;1;3;4;8;6;3;3;0,961996262
32823;2;1;1; ;1;1;1;1;1;1;1;1;1;14;3;3;0,961996262
32828;2;1;1; ;1;1;1;1;1;1;1;7;6;14;5;5;0,961996262
32837;2;1;1; ;2;1;1;1;2;1;1;6;2;16;3;3;0,961996262
32849;2;1;1; ;1;1; ;1;2;1;1;5;6;13;4;4;0,961996262
32858;2;1;1; ;1;1; ;1;1;1;1;7;6;15;1;2;0,961996262
32863;2;1;1; ;1;1;1;1;2;4;2;4;8;16;3;3;0,961996262
32864;2;1;1; ;1;2;2;1;2;1;3;7;8; ;4;1;0,961996262
32870;2;1;1; ;2;2;2;1;1;1;3;7;8;15;3; ;0,961996262
32872;2;1;1; ;1;1;2;1;2;1;6; ; ; ; ; ;0,961996262
32881;2;1;1; ;1;1;1;1;1;1;1;6;6; ;2;2;0,961996262
32885;2;1;1; ;1;1;1;1;1;1;1;7;6;16;4;1;0,961996262
32916;2;1;1; ;1;1;1;1;1;1;1;4;6;15;1;1;0,961996262
32922;2;1;1; ;1;1;1;1;2;1;1;2;2;14;3;3;0,961996262
32927;2;1;1; ;2;1;1;1;1;1;1;3;4;11;4;4;0,961996262
32931;2;1;1; ;1;1;1;1;1;1;1;4;2;15;5;5;0,961996262
32933;2; ;1; ;1;1;1;1;1;1;1;4;4;15;3;2;0,961996262
32943;2;1;1; ;1;1;1;1;1;2;1;5;5; ;4;4;0,961996262
33378;2;1; ; ;2;1;1;1;1;1;1; ; ; ;2;1;0,961996262
33386;2;1;1; ;1;1;1;1;1;1;2;7;6; ;1;1;0,961996262
33393;2;1;1; ;1;1;1;1;4;7;1;9;6;15;2;2;0,961996262
33400;2;1;1; ;1;1;1;1;1;5;5; ; ; ;1;1;0,961996262
33403;2;1;1; ;1;1;1;1;1;1;1;4;4; ;5;5;0,961996262
33406;2;1;1; ;1;1;1;1;1;1;1;2;6;16;4;3;0,961996262
33410;2;1;1; ;1;1;1;1;1;1;1;5;6;13;2;2;0,961996262
33411;2;1;1; ;1;1;1;1;2;1;1;4;4;15;5;5;0,961996262
33414;2; ;1; ;2;1;1;1;1;1;3;7;8; ;1;1;0,961996262
33420;2;1;1; ;1;1;1;1;1;1;1;4;4; ;2;1;0,961996262
33434;2;1;1; ;1;1;1;1;2;1;1;4;4;15;5;4;0,961996262
33442;2;1;1; ;1;2;2;1;1;1;4;7;8;15;3;2;0,961996262
33544;2; ;1; ; ;1;1;1;2; ; ; ; ;15;2; ;0,961996262
33553;2;1;1; ;1;1;1;1;2;1;3;2;6;16;4;3;0,961996262
33554;2;1;1; ;1;1;1;1;2; ; ; ; ;12; ;2;0,961996262
33558;2;1;1; ;1;1;1;1;1;1;1;7;6;15;2;2;0,961996262
33573;2;1;1; ;1;1;1;1;1;1;1;7;7;17;3;1;0,961996262
33608;2;1;1; ;1;1;1;1;1;1;1;7;6; ;4;4;0,961996262
33620;2;1;1; ;1;1;1;1;1;1;1;7;4; ;3;3;0,961996262
37888;2;1;1; ;1;1;1;1;1;4;1; ;6;16;2;1;0,961996262
37890;2;1;1; ;1;1;1;1;1;1;1;7;6;16;2;2;0,961996262
37903;2; ;1; ;1;1;1;1;2;1;1; ; ;15;2;1;0,961996262
37906;2;1;1; ;1;1;1;1;1;1;1;2;6;16;4;4;0,961996262
37917;2;1;1; ;2;1;2;1;1;1;3;7;8;16;2;2;0,961996262
37923;2; ;1; ;1;1;1;1;1;1;1;2;2;14;1;1;0,961996262
37949;2;1;1; ;1;1;1;1;1;2;1;8;5;16;4;4;0,961996262
37959;2;1;1; ;2;1;1;1;1;1;3;3; ;17;1;1;0,961996262
38025;2;2; ;2;1;2;3;1;2; ;2; ;8; ; ;1;0,961996262
38051;2;1;1; ;1;1;1;1;1;1;1;5;6;15;1;1;0,961996262
38056;2;1;1; ;1;1;1;1;1;1;1;4;4;14;3;3;0,961996262
38062;2;1;1; ;1;1;1;1;5; ;3; ;8; ;1;1;0,961996262
38063;2;1;1; ;1;1;1;1;2;1;1;5;5;16;4;4;0,961996262
38068;2;1;1; ;1;1;1;1;1;1;3;1;8;15;1;1;0,961996262
38077;2;1;1; ;2;2;2;1;2;6;2; ;8; ;5;1;0,961996262
38078;2;1;1; ;2;1;1;1;2;2;1;8;7;18;5;2;0,961996262
38085;2;1;1; ;1;1;1;1;1;1;1;4;5;17;1;2;0,961996262
38087;2;1;1; ;1;1;1;1;1;1;1;6;4;11;1;1;0,961996262
38088;2;1;1; ;1;1;1;1;1;1;1;7;6;16;2;2;0,961996262
38092;2;1;1; ;2;1;1;1;2;4;1; ;6;16;2;2;0,961996262
38100;2;1;1; ;2;1;1;1;4; ;3;9;9; ; ;1;0,961996262
38146;2;2; ;2;2;1;1;3;1;1;3;7;8; ;1;1;0,961996262
38160;2;1;1; ;1;1;1;1;2;4;3;8;8;16;1;1;0,961996262
38162;2;1;1; ;1;1;1;1;2;1;1;7;6;15;1;1;0,961996262
38165;2;1;1; ;2;2;1;1;1;1;3;7;8; ; ; ;0,961996262
38171;2; ;1; ;2;1;1;1;1;1;1;1;1; ;2;1;0,961996262
38231;2;1;1; ;1;1;1;1;1;1;1; ; ; ;1;1;0,961996262
38232;2;1;1; ;1;1;1;1;1;1;1; ; ;16;2;2;0,961996262
38238;2;1;1; ;1;2;1;1;2;1;1;2;6;16;5;4;0,961996262
38240;2;1;1; ;1;1;2;1;1;1;1;1; ;16;3;1;0,961996262
38243;2;1;1; ;2;2;2;1;1;5;3;8;8;16; ; ;0,961996262
38250;2;1;1; ;2;2;1;1;2;1;2;6;8;16;2;2;0,961996262
38252;2;1;1; ;1;2;1;1;4;7;4;9;7;15;1;1;0,961996262
38262;2;1;1; ;2;2;3;1;1;1;1;4;5;16;3;3;0,961996262
38275;2;1;1; ;1;1;1;1;1;1;3;4;8;16;1;1;0,961996262
38278;2;1;1; ;1;1;2;1;1;1;1;7;6;16;1;1;0,961996262
38287;2;1;1; ;1;1;1;1;1;1;1;7;7;17;4;4;0,961996262
38290;2;1;1; ;1;1;1;1;1;1;1;6;6;15;2;1;0,961996262
38298;2;1;1; ;2;1;1;2;1;1;1;3;3;15;5;5;0,961996262
38305;2;1;1; ;1;2;1;1;1;1;1;3;2;10;4;3;0,961996262
38309;2;1;1; ;2;1;1;5;2;1;1;7;7;15;4;1;0,961996262
38316;2;1;1; ;1;1;1;1;2;6;1;9;6; ;5;1;0,961996262
38525;2;1;1; ;1;1;1;1;1;1;1;5;6;15;4;4;0,961996262
38530;2;1;1; ;1;1;1;1;1;1;3;6;8;16;2;2;0,961996262
38537;2;1;1; ;1;2;1;1;2;7;3;9;8; ;1;1;0,961996262
38545;2;1;1; ;1;1;1;1;2;1;1; ;6;14;1;1;0,961996262
38554;2;1;1; ;2;1;2;1;2;5;1;4;4;16;3;3;0,961996262
38557;2; ;1; ;1;1;2;1;2;1;2; ; ;15;1;1;0,961996262
38561;2; ;1; ;2;1;2;1;2;2;2;8;8;18;1;1;0,961996262
38569;2;1;1; ;1;1;1;1;2;1;1;4;6;15;4;2;0,961996262
38572;2;1;1; ;2;1;1;1;1;2;1; ; ; ;1;1;0,961996262
38575;2;1;1; ;1;1;2;1;1;1;1;7;6;15;4;4;0,961996262
38580;2;1;1; ;2;1;1;1;2;1;1;6;6;15;4;2;0,961996262
38582;2;1;1; ;1;1;1;1;1;1;4;6;8;15;2;1;0,961996262
38588;2; ;1; ;2;1;1;1;1;1;1;7;7; ;1;1;0,961996262
38599;2;1;1; ;1;2;2;1;2;1;2; ;8; ;1;1;0,961996262
38600;2;1;1; ;1;1;1;1;4;7;2;9;7; ;1;1;0,961996262
38743;2; ;1; ;1;1;1;1;1;1;1;4;6;16;2;1;0,961996262
38749;2;1;1; ;1;1;1;1;2;1;1;7;7; ;1;1;0,961996262
38754;2;1;1; ;1;1;1;1;2;1;1;2;5; ;4;4;0,961996262
38755;2;1;1; ;1;1;1;1;1;1;1;4;4;15; ; ;0,961996262
38764;2;1;1; ;1;1;1;1;1;1;1;3;5;16; ; ;0,961996262
38778;2;1;1; ;1;1;1;1;1;1;1;4;4;16;3;3;0,961996262
38805;2;1;1; ;1;1;2;1;1;1;1;4;5;11;5;2;0,961996262
38810;2;1;1; ;1;1;2;1;1;2;3;5;8; ;1;1;0,961996262
38812;2; ;1; ;2;1;2;1;1;5;2; ; ; ;1;1;0,961996262
38815;2;1;1; ;1;1;1;1;1;4;1;4;6;16;1;4;0,961996262
38823;2;1;1; ;1;1;1;1;2; ;1; ;6; ; ;2;0,961996262
38839;2;1;1; ;1;1;1;1;1;1;1;7;5;16;1;2;0,961996262
38876;2;1;1; ;1;1;1;1;1;1;3;4;8;16;4;2;0,961996262
38880;2;1;1; ;2;3;3;1; ;7;1;9;5;18; ;2;0,961996262
38891;2;1;1; ;2;1;1;1;2;1;1;3;6; ;2; ;0,961996262
38960;2;1;1; ;1;1;1;1;1;1;1;4;6;15;1;2;0,961996262
38980;2;1;1; ;1;1;1;1;1;1;1;4;5; ;3;1;0,961996262
38991;2;1;1; ;1;1;1;1;1;1;1;6;4;16;4;4;0,961996262
38998;2;1;1; ;2;2;2;1;2;1; ;3;8; ;5;1;0,961996262
39000;2;1;1; ;1;1;1;1;2;5;3;8;8;15;1;2;0,961996262
39003;2;1;1; ;2;1;1;1;2;4;4;7;7; ;3;3;0,961996262
39004;2;1;1; ;1;1;1;1;1;1;1;4;6;15;3;3;0,961996262
39230;2;1;1; ;1;1;3;1;1;1;1;7;6;15;3;3;0,961996262
39233;2; ;1; ;1;1;1;1;1;1;1;7;6;16;3;1;0,961996262
39255;2;1;1; ;1;1;1;1;1;5;5;9;9;15;3;3;0,961996262
39317;2;1;1; ;1;1;1;1;1;1;3;7;8;16;2;2;0,961996262
39321;2;1;1; ;1;1;1;1;1;1;1;7;7; ;4;1;0,961996262
39324;2;1;1; ;2;1;1;1;1;1;3;2; ; ;1;1;0,961996262
39335;2;1;1; ;1;1;1;1;1;1;1;6;6; ;3;3;0,961996262
39351;2;1;1; ;1;1;2;1;2;1;3;7;8;16;1;1;0,961996262
39354;2;1;2; ;1;2;2;1;1;1;1; ; ;17;3;3;0,961996262
39368;2;1;1; ;1;1;2;1;1;1;1;2;2;15;5;1;0,961996262
39376;2; ;1; ;1;1;2;1;1;1;1;7;6;16;2;2;0,961996262
39386;2;1;1; ;1;1;1;1;4;1;7;4;9;16;4; ;0,961996262
39392;2;1;1; ;1;1;1;1;1;1;1;4;4;15;2;2;0,961996262
39393;2;1;1; ;2;2;1;1;1;2;3;7;8; ;5;1;0,961996262
39398;2;1;1; ;1;1;2;1;2;1;1;6;6; ;2;5;0,961996262
39437;2;1;1; ;1;1;1;1;2;1;1;7;6;15;5;1;0,961996262
39446;2;1;1; ;1; ; ;1;2;1;1;3;6;15;4;1;0,961996262
39489;2;1;1; ;2;1;1;1;2;1;6; ; ; ;1;1;0,961996262
39497;2;1;1; ;1;1;2;1;1;1;1;4;5;16;1;1;0,961996262
39499;2;1;1; ;1;1;1;1;1;1;1;2;6;15;5;5;0,961996262
39501;2;1;1; ;1;1;1;1;2;2;4;6; ;10;5;2;0,961996262
39511;2; ;1; ;1;1;1;1;1;1;1;6;6; ;4;3;0,961996262
39517;2; ;1; ;1;1;1;1;1;1;1;4;4;14;5;5;0,961996262
39527;2;1;1; ;2;1;1;1;1;1;3;7;8; ;1;1;0,961996262
40757;2;1;1; ;1;1;1;1;2;1;1;3;4;14;2;2;0,961996262
40766;2;1;1; ;1;1;1;1;1;1;1;3;6;16;4;4;0,961996262
40771;2;2; ;2;2;1;3;4;1;3;3;8;8;16;1;5;0,961996262
40773;2;1;1; ;1;1;1;1;1;1;1;2;5; ;1;1;0,961996262
40782;2;1;1; ;2;1;2;1;2;1;3;2; ;16;3;2;0,961996262
40792;2;1;1; ;2;1;2;1;2;1;1; ; ;16;2;3;0,961996262
40794;2;1;1; ;1;1;1;1;1;1;1;4;4;14;4;4;0,961996262
40813;2; ;1; ;2;1;1;1;2;1;1;7; ;17; ;5;0,961996262
40840;2;1;1; ;1;1;1;1;2;1;1; ; ;15;3;3;0,961996262
41828;2;1;1; ;1;1;1;1;1;1;1; ; ;15;1;1;0,961996262
41831;2;1;1; ;2;1;1;1;1;4;1;8;6;16;4;4;0,961996262
41839;2;1;1; ;1;2;2;1;1;1;1;6;6; ;1;1;0,961996262
43215;2;1;1; ;1;1;1;1;1;1;1;3;3;14;1;1;0,961996262
43219;2;1;1; ;1;1;1;1;4;7;1;9;6;15; ;1;0,961996262
43228;2;1;1; ;1;1;1;1;1;1;1;7;6;16;4;4;0,961996262
43229;2;1;1; ;2;1;2;1;1;1;2;7;8;17;1;1;0,961996262
43230;2;1;1; ;1;1;1;1;1;1;3;7;8;16;4;4;0,961996262
43238;2; ;1; ;1;1;1;1;1;1;3;6;8; ;1;1;0,961996262
43248;2;1;1; ;2;1;2;1;2;1;2;7;8;16;4;1;0,961996262
44878;2;1;1; ;1;1;1;1;1;1;1;4;7;16;3;3;0,961996262
44879;2;1;1; ;1;2;1;2;2;1;1;5;5;16;2;2;0,961996262
44884;2; ;1; ;2;1;1;1;2;1;1;2;5;16;2;1;0,961996262
44889;2;1;1; ;1;1;1;1;2;1;1;5;6;15;4;4;0,961996262
44909;2;1;1; ;1;1;1;1;1;1;3;7;5; ;4;2;0,961996262
44915;2;1;1; ;1;1;1;1;2;1;1;6;6;15; ;2;0,961996262
44918;2;2; ;2;2;2;2;1;1;1;3;1; ;16;2;1;0,961996262
44921;2;1;1; ;2;2;3;1;2;7;2;9;8;16;1;2;0,961996262
22643;1;1;2; ;1;2;2;4;1;1;1;4;5;13; ; ;0,962063143
23103;1;1;2; ;1;1;1;1;1;1;1;7;6;14;4;4;0,962063143
7579;1;1;1; ;1;2;1;1;1;1;1;4;2;14;4;4;0,962063419
7610;1;1;1; ;2;2;1;1;1;1;1;2;2;15;3;2;0,962063419
7618;1;2; ; ;1;1;2;1;2;1;1;7;5;13;2;2;0,962063419
7624;1;1;1; ;2;1;1;1;1;1;1;5;6;16;4;2;0,962063419
8117;1;1;1; ;2;1;1;1;2;1;4;7;6;15;5;3;0,962063419
8118;1;1;2; ;2;2;2;1;2;1;1;7;7;15;3;1;0,962063419
9750;1;1;1; ;2;2;1;1;2;1;1;7;2;13;5;5;0,962063419
9784;1;1;1; ;2;1;1;1;2;1;3;3;8; ;1;1;0,962063419
15558;1; ;1; ;1;1;1;1;2;1;1;7;6;13;1;4;0,962063419
17080;1;1;1; ;1;1;1;1;1;1;1;6;6;15;1;1;0,962063419
19158;1;1;1; ;1;1;1;1;1;1;3;4;8;10;3;2;0,962063419
24557;1;1;1; ;1;1;1;1;4;7;1;9;4;14; ;3;0,962063419
26254;1;1;1; ;2;1;2;2;2;7;2;9;8;14; ;1;0,962063419
26325;1;1;1; ;1;1;1;1;2;1;1;5;5;15;4;4;0,962063419
33907;1;1;1; ;1;1;1;1;1;1;1;4;5;13;5;5;0,962063419
33920;1;2; ;2;2;1;1;1;1;1;1; ; ;16; ; ;0,962063419
37677;1;1;2; ;1;1;1;1;1;1;1;6;6;16;2;2;0,962063419
37793;1;2; ;2;1;1;1;1;1;1;1;6;6;9;3;3;0,962063419
37830;1;1;1; ;1;1;1;1;2;1;1;5;4;14;5;5;0,962063419
37880;1;1;1; ;1;1;1;1;1;1;1;4;4;15;5;5;0,962063419
38509;1;1;1; ;1;1;1;1;1;1;1;1;5;15;4;4;0,962063419
41585;1;1;2; ;1;1;1;1;1;1;1;5;6;15;1;1;0,962063419
31521;1;1;1; ;1;1;2;1;1;1;1;5;2;16;4;4;0,962188114
33615;1;1;1; ;2;3;3;1;1;4;1;8;7;9;2; ;0,962188114
43168;1;1;1; ;1;1;1;1;1;1;1;4;5;15;4;3;0,962188114
29158;2;1;1; ;1;1;1;1;1;1;1;7;7;14;2;2;0,962614359
29473;2;1;1; ;2;2;1;2;2;1;1;7;4;16;2;2;0,962614359
44990;2; ; ;4;2;1;1;1;2;1;1;9;5;15; ;3;0,96273321
7973;2;1;1; ;1;1;1;1;1;1;1;4;4;16;2;2;0,962781028
7988;2;1;1; ;1;1;1;1;1;1;1;4;6;17;4;4;0,962781028
7990;2;1;1; ;1;1;1;1;1;1;3;4;8;15;1;1;0,962781028
7999;2;2; ; ;2;1;1;1;1;1;1; ;7; ;1;1;0,962781028
8006;2;1;1; ;1;1;1;1;2;6;1;9;6;14; ;4;0,962781028
8008;2;1;1; ;2;1;1;1;2;1;1;4;6;15;3;5;0,962781028
8067;2;1;1; ;1;1;1;1;1;4;1;1;6;14;3;3;0,962781028
8070;2;1;1; ;2;1;1;1;1;1;1;2;2;17;5;5;0,962781028
8083;2;2; ;3;1;2;2;1;2; ;1;8;6;16;5;2;0,962781028
8087;2;1;1; ;1;1;1;1;1;1;1;1;1;13;2;1;0,962781028
9671;2;1;1; ;1;2;1;1;2;1;4;2;8;13; ; ;0,962781028
9673;2;1;1; ;1;1;1;1;1;1;1;6;6;14;4;4;0,962781028
9680;2;1;1; ;1;1;1;1;1;1;3;2;8;15;1;1;0,962781028
20098;2;1;1; ;1;1;1;1;1;1;1;7;5;15;4;4;0,962781028
20100;2;1;1; ;1;1;1;1;1;1;1;4;6;14;4;4;0,962781028
25174;2;1;1; ;1;1;1;2;2;1;1;1;6;11;5;1;0,962781028
25178;2; ;1; ;1;1;1;1;1;1;1;5;7;15;2;2;0,962781028
25209;2;1;1; ;1;1;2;2;2;1;2;7;8;16;2;2;0,962781028
26189;2;1;1; ;1;1;1;1;1;1;1;5;5;16;2;1;0,962781028
26198;2;1;1; ;2;1;2;1;2;1;1;7; ;15;2;2;0,962781028
26199;2;1;1; ;1;1;1;1;2;5;2;6;6;16;5;5;0,962781028
26203;2;1;1; ;1;1;1;1;1;1;1;4;4;15;4;4;0,962781028
26583;2; ;1; ;1;1;1;1;1;1;1;7;6;15;4;4;0,962781028
26584;2;1;1; ;1;1;1;2;1;1;1;6;6;16;4;4;0,962781028
26595;2;1;1; ;1;1;1;1;1;1;1;7;6;16;5;5;0,962781028
26604;2;1;1; ;1;1;1;1;1;1;1;6;5;17;4;4;0,962781028
27529;2;1;1; ;1;1;1;2;1;1;1;4;5;16;2;2;0,962781028
41485;2;1;1; ;1;1;1;1;2;1;2;5;9;15;1;1;0,962781028
41499;2;1;1; ;2;2;2;1;2;1;1; ;6;15; ;1;0,962781028
41503;2;1;1; ;1;1;1;1;1;1;1;6;6;16;4;4;0,962781028
41510;2;1;1; ;1;1;1;1;1;1;1;1;4;15;4;3;0,962781028
41543;2;1;1; ;1;1;1;2;1;4;4;6;6;14;1;2;0,962781028
41550;2; ;1; ;1;1;2;1;2;1;1;4;6;16;4;1;0,962781028
41557;2;2; ;4;1;1;2;1;1;1;1; ; ;15;3;3;0,962781028
41574;2; ;2; ;2;1;1;1;1;1;1;7;6;14;3;3;0,962781028
45173;2;1;1; ;1;1;1;1;1;1;1;2;4;14;5;5;0,962781028
45174;2;1;1; ;2;2;2;1;1;1;1;6;6;15;2;2;0,962781028
45180;2;1;1; ;2;1;1;1;1;1;1;4; ;16;4;4;0,962781028
45223;2;1;1; ;1;1;1;1;1;1;1;7;4;15;2;2;0,962781028
45238;2;1;1; ;1;1;1;1;1;2;1;1;6;16;3;2;0,962781028
35752;2;1;1; ;2;2;3;1;1;1;1;7;6;14; ; ;0,963000289
5663;2;1;1; ;1;1;1;1;1;1;1;7;4;6;5;4;0,963138315
18274;1;1;1; ;2;1;3;1;2;1;6;7;9;14;1; ;0,963848626
2966;2;1;1; ;1;1;2;1;1;1;1;3;6;14;3;1;0,963858468
2971;2;1;1; ;2;1;1;1;2;7;1;9;2;15;3;3;0,963858468
2993;2;1;1; ;1;1;1;1;2;1;3; ;7;17;2;2;0,963858468
10394;2;1;1; ;1;1;2;1;1;2;3;7;8; ;1;1;0,963858468
13547;2;1;1; ;1;2;1;1;2;1;1; ; ;15;3;1;0,963858468
13560;2; ;1; ;1;1;1;2;1;1;1;7;4;15;4;3;0,963858468
14815;2;2; ;3;2;1;1; ;1;1;1;6;6;13;5;5;0,963858468
14820;2; ;1; ;1;1;1;1;1;1;1;7;7;15;4;4;0,963858468
14827;2;1;1; ;1;2;1;1;1;1;1;2;2;17;3;3;0,963858468
14829;2;1;1; ;1;1;1;1;1;1;1;6;6;11;3;3;0,963858468
14837;2;1;1; ;1;1;1;1;1;1;1;7;6;15;4;3;0,963858468
14841;2;1;1; ;1;1;1;1;1;1;1;2;6;15;4;4;0,963858468
16153;2;1;1; ;2;1;1;1;2;1;1;6;6;15;5;3;0,963858468
16158;2;1;2; ;1;1;1;1;1;1;1;4;4;10;2;2;0,963858468
16169;2;1;1; ;1;1;1;1;5;7;4;9;6;14; ;2;0,963858468
16189;2;1;1; ;1;2;3;1;1;2;2;6;4;14;5;4;0,963858468
48;1;1;1; ;2;3;2;1;1;1;1;7;6; ;4;4;0,964357904
51;1;1;1; ;1;1;1;1;1;1;1;5;2;14;4;3;0,964357904
71;1;1;1; ;2;1;1;1;1;5;1;9;7;14;5;5;0,964357904
78;1; ;2;2;2;1;1;4;1;1;1;7;5;12;1;1;0,964357904
80;1;1;1; ;2;1;1;1;1;1;2;7; ;15;1;1;0,964357904
89;1;1;1; ;2;1;2;1;1;2;1;8;6; ;2;2;0,964357904
96;1;1;1; ;1;1;1;1;1;1;1;7;6;15;4;4;0,964357904
114;1;1;1; ;1;1;2;1;1;1;1;6;6; ;4;4;0,964357904
124;1; ;1; ;1;1;1;1;1;1;1;4;9;15;2;2;0,964357904
131;1;1;1; ;1;1;1;1;1;1;1;5; ;15;3;3;0,964357904
141;1;1;1; ;2;1;1;1;1;1;1;4;5;16;5;2;0,964357904
8017;1;1;1; ;1;1;1;1;1;1;1;4;4;12;2;2;0,964357904
8019;1;1;1; ;1;1;2;2;1;5;4; ; ;14;4;4;0,964357904
8031;1;1;1; ;1;1;1;2;1;1;1;6;6;16;4;4;0,964357904
8042;1;1;1; ;1;1;1;1;2;1;1;4;4;14;4;4;0,964357904
8057;1;1;1; ;2;1;1;1;1;1;1;6;6;16; ; ;0,964357904
15272;1;1;1; ;2;2;2;1;1;1;1;3;6; ; ; ;0,964357904
15274;1;1;1; ;1;1;1;1;1;1;1;5;5;15;4;4;0,964357904
15284;1; ;1; ;1;1;1;1;1;1;1;6;6;14;1;4;0,964357904
15298;1;1;1; ;2;1;1;1;1;1;1;4;6;14;1;2;0,964357904
15299;1;1;1; ;1;1;1;1;1;1;1;2;4;13;5;4;0,964357904
15303;1;1;2; ;2;1;1;1;2;4;7;7; ;16; ;4;0,964357904
15305;1;1;1; ;1;1;1;1;1;1;1;7;6;15;3;3;0,964357904
19475;1;1;1; ;2;1;2;1;1;1;1;7;4;16;3;3;0,964357904
19487;1;1;1; ;1;1;1;1;2;2;1;8;6;15;4;4;0,964357904
19506;1;1;1; ;1;1;1;1;1;1;1;1;6;16;1;1;0,964357904
19508;1;1;2; ;2;1;2;1;1;1;1;7; ;15;5;4;0,964357904
20159;1;1;1; ;1;1;2;1;1;1;1;4;5;14;5;5;0,964357904
27603;1;1;1; ;1;1;1;1;1;1;1;5;6;15;5;5;0,964357904
27605;1;1;1; ;2;1;2;1;1;1;1;3;4;16;5;5;0,964357904
27627;1;1;1; ; ;1;2;1;1;1;1;3;2;16;5;5;0,964357904
27632;1;1;1; ;1;1;1;1;1;1;1;6;6;16;4;4;0,964357904
35426;1;1;1; ;2;1;1;1;1;1;1;7;6; ;1;1;0,964357904
35443;1;1;1; ;1;1;2;1;1;1;1;4;5;17;5;5;0,964357904
35446;1;1;1; ; ;1;1;1;2;1;1;4;4;14;1;1;0,964357904
35455;1;1;1; ;1;1;1;1;2;1;1;2;5;15;4;4;0,964357904
35458;1;1;1; ;1;1;1;1;1;1;1;4;4;15;1;1;0,964357904
35471;1;1;1; ;1;1;1;1;5;1;1;4;5;12;1;2;0,964357904
35497;1;1;1; ;1;1;1;1;1;1;1;2;6;16;4;4;0,964357904
35508;1;1;1; ;2;2;1;1;1;1;1;3;6;17;1;1;0,964357904
35540;1;1;1; ;1;1;1;1;1;1;1;5;5;15;2;2;0,964357904
35541;1;1;1; ;1;1;1;1;1;1;1;1;1;12;2;2;0,964357904
38385;1;1;1; ;2;1;1;1;2;1;6;6;9;13;2; ;0,964357904
38386;1;1;1; ;1;1;2;1;2;1;1;4;6;15;2;2;0,964357904
38387;1;1;1; ;1;1;1;1;1;1;1;7;5;13;1;2;0,964357904
38398;1;1;1; ;2;2;2;1;1;5;6; ; ; ;1;1;0,964357904
38428;1;1;1; ;1;1;2;1;1;1;1;3;6;16;2;1;0,964357904
38433;1;1;1; ;1;1;1;1;1;1;3;2;8;15;4;4;0,964357904
38448;1;1;2; ;2;1;1;1;2;1;1;2;6;16;2;2;0,964357904
38460;1;1;1; ;1;1;1;1;1;1;1; ;4;14;4;4;0,964357904
290;2;1;1; ;1;1;1;1;2;1;1;6;6;15;2;3;0,964554341
1092;2;1;1; ;1;1;1;1;1;1;3;5;8;15;2;2;0,964554341
1097;2;1;1; ;1;1;1;1;2;1;1;4;6;16;2;2;0,964554341
1112;2;1;1; ;2;1;1;1;2;1;1;7;6;16;2;2;0,964554341
1117;2; ;1; ;1;1;1;1;2;1;1;2;6;16;3;1;0,964554341
1126;2;1;1; ;1;1;1;1;1;1;1;6;7; ;1;1;0,964554341
1129;2; ; ; ;1;3;3;1;1;1;2; ; ;15;2;2;0,964554341
13561;2;1;1; ;1;1;1;2;1;1;1;7;6;16;2;2;0,964554341
23229;2;1;1; ;1;1;1;1;2;1;1;4;5;15;2;2;0,964554341
23231;2;2; ;1;2;2;2;1;2;2;2;8; ;17;1;1;0,964554341
23241;2;1;1; ;1;1;2;1;1;1;1;7;6;15;2;1;0,964554341
23247;2;1;1; ;2;2;2;1;1;1;1; ; ; ;1;1;0,964554341
23257;2;1;1; ;1;1;1;1;2;1;1;4;2;15;4;1;0,964554341
23272;2; ;2; ;1;1;1;1;1;1;1;7;7;14;1;3;0,964554341
23275;2;1;1; ;1;1;1;1;2;1;1;4;6;16;4;3;0,964554341
32146;2;1;1; ;1;1;1;1;1;5;1; ;5;12;1;1;0,964554341
32158;2;1;1; ;1;1;1;1;1;1;1;4;4;14;5;2;0,964554341
32160;2;1;1; ;2;1;2;1;1;1;2; ; ;16;1;1;0,964554341
32171;2;1;1; ;2;2;2;1;1;1;1;7;4;15;2;2;0,964554341
32178;2; ;1; ;1;1;1;1;2;1;1;5;6;14;5;2;0,964554341
32181;2; ;1; ;1;1;1;2;1;1;1;1;6;16;3;2;0,964554341
32187;2;1;1; ;1;1;1;1;1;1;1;2;4;15;2;2;0,964554341
32235;2;1;1; ;1;2;2;2;2;2;1;4;7;14;3;3;0,964554341
32240;2;1;1; ;1;1;1;1;1;1;1;2;6;16;1;3;0,964554341
32244;2;1;1; ;1;1;1;1;1;5;1;2;5;15;5;4;0,964554341
32256;2;1;1; ;1;1;1;1;2;2;1;5;6;16;4;4;0,964554341
32266;2; ;1; ;1;1;1;1;1;1;1;6;6;15;2;2;0,964554341
41169;2; ;1; ;1;1;1;1;2;1;1;6;6;16;5;2;0,9648962
41176; ;1;1; ;1;1;2;1;2;1;1;9;5;15;1;2;0,9648962
44390;2;2; ;4;2;1;1;1;2;2;1;6;6;15;5;5;0,9648962
2111;2; ;1; ;2;1;2;3; ; ;4; ;8;12; ; ;0,965879451
2130;2; ;1; ;1;1;1;1;1;1;1;3;3;12;4;4;0,965879451
2986;2;1;1; ;1;1;1;1;2;1;1;2;6; ;5;2;0,965879451
16165;2;1;2; ;2;1;1;1;1;1;1;7;4;15; ; ;0,965879451
20424;2;1;1; ;1;1;1;1;1;1;1;7;6;15;3;3;0,965879451
27992;2;1;1; ;1;1;1;1;1;1;1;4;6;10;3;3;0,965879451
27999;2; ;1; ;1;1;1;1;1;1;4;7;8;16;2;2;0,965879451
28024;2;1;1; ;1;1;1;1;2;1;1;7;6;15;4;2;0,965879451
31407;1;1;1; ;1;1;1;1;1;1;1;7;4;16;4;4;0,965980264
33526;1;1;1; ;1;1;1;1;2;1;1;5;5;13; ; ;0,965980264
33593;1; ;1; ;2;1;1;1;1;4;4;7;7;16;4;4;0,965980264
33636;1;1;1; ;1;1;1;1;4; ;3; ; ;15; ; ;0,965980264
38258;1;1;1; ;2;1;1;1;2;1;3;2;8;13;3;2;0,965980264
28580;2;1;1; ;2;1;2;1;2;2;1;8;6;15;3; ;0,966174857
28628;2;1;1; ;1;1;1;1;2;1;1;3;5;15;4;2;0,966174857
29691;2;1;1; ;1;1;1;1;1;1;1;7;6;16;5;5;0,966174857
29698;2;1;1; ;2;1;2;1;1;1;4;6; ;15;1;1;0,966174857
29812;2;1;1; ;1;1;1;1;2;1;1;5;6;15;4;5;0,966174857
29839;2;1;1; ;1;1;1;1;1;1;1;4;4;13;5;5;0,966174857
29877;2;1;1; ;1;1;1;1;1;1;1;7;1;14;3;3;0,966174857
31635;2;1;1; ;2;1;1;1;2; ;3; ;8;16;1;1;0,966174857
31643;2; ;1; ;1;1;3;1;2;1;1;6;4;15;4;5;0,966174857
31649;2;1;1; ;1;1;1;1;2;1;1;6;4;13;4;2;0,966174857
31664;2;1;1; ;2;2;2;2;2;1;1; ; ;15; ; ;0,966174857
31876;2; ;1; ;2;2;2;3;2;1;3;3;8;15; ; ;0,966174857
31982;2;1;1; ;1;2;3;1;2;1;2;6;8;12;5;4;0,966174857
32010;2;1;2; ;1;1;1;1;5;1;2;9;9;14; ; ;0,966174857
32830;2;2; ;2;2;1;1;1;2; ;3; ;8;14;1;1;0,966174857
32946;2;1;1; ;2;2;2;1;1;1;1; ; ;16; ; ;0,966174857
33384;2;1;2; ; ;1;2;1;1;4;3;8;8;17; ; ;0,966174857
33629;2; ;1; ;1;1;1;1;1;1;1;4;4;15;2;1;0,966174857
38026;2;2; ;2;2;2;2;1;1;1;1;7;7;16;1;1;0,966174857
38029;2; ;1; ;2;1;1;1;1;1;3;7;8;17;2;2;0,966174857
38053;2;1;1; ;1;1;2;1;1;4;1; ; ;13;1;1;0,966174857
38083;2;2; ;1;1;1;1;1;2;2;3; ; ;15;1;1;0,966174857
38091;2;1;1; ;2;1;2;1;1;1;3;7;8;16;4;1;0,966174857
38131;2;1;1; ;2;2;2;1;2; ;1; ; ;16; ; ;0,966174857
38132;2;1;1; ;1;1;1;1;2;1;2;7;8;15; ; ;0,966174857
38167; ;1;1; ;1;1;1;1;2;1;1;2;6;16;3; ;0,966174857
38277;2;1;1; ;1;1;1;1;1;1;1;2;6;15;4;3;0,966174857
38310;2;1;1; ;1;1;1;1;2;1;1;2;2;14;3;3;0,966174857
38515;2;1;2; ;1;1;1;1;1;1;1;6;6;15; ; ;0,966174857
38533;2;1;1; ;1;1;1;1;2;1;1;6;6;16;3;3;0,966174857
38584;2;2; ;1;2;2;2;1;2;1;1;6;6;16;2;2;0,966174857
38792;2; ;1; ;2;2;2;1;2;1;3;7; ; ;1;1;0,966174857
38807;2; ;1; ;2;1;1;1;2;1;1;3;6;15;4;4;0,966174857
38820;2;1;1; ;1;1;1;1;1;1;1;2;6;14;4;4;0,966174857
38907;2;1;1; ;1;1;1;1;2;1;1;5;6;14;3;5;0,966174857
39212;2;1;1; ;1;1;1;1;1;1;3;7; ;15; ; ;0,966174857
39243;2;2; ;2;2;1;2;1;1;1;1;7;7;10;3;3;0,966174857
39248;2;1;1; ;1;1;1;1;1;1;2;7;8;12;2;2;0,966174857
39257;2;1;1; ;1;1;1;1;1;1;1;7;7;16;4;4;0,966174857
39352;2;1;1; ;1;1;1;1;1;4;1;5;5;16;3;3;0,966174857
39370;2;1;1; ;2;1;1;1;1;1;1;6;6;15;5;3;0,966174857
39427;2; ;1; ;1;2;2;1;2; ;1; ;5;16;1;1;0,966174857
40846;2; ;1; ;1;1;1;1;1;1;3;6;8;12;4;3;0,966174857
41845;2;1;1; ;1;1;2;1;1;1;1;5;7;12;4;3;0,966174857
41847;2; ;1; ;1;1;1;1;1;1;1;7;6;15;1;1;0,966174857
43239;2;1;2; ;1;2;2;2;1;1;1;6;6;15;5;3;0,966174857
43244;2;1;1; ;2;2;3;1;1;1;1;7;6;16;1;1;0,966174857
44874;2;1;1; ;1;2;3;1;1;5;2;6;6;16;2;2;0,966174857
44900;2;2; ;3;2;1;2;1;2;4;1;8;6;15;5;3;0,966174857
2472;2;1;1; ;1;1;1;1;1;5;5;4;5;10;2;3;0,966233416
2479;2;1;1; ;2;1;2;1;2;1;1;2;2;13;2;2;0,966233416
2487;2;1;1; ;1;3;3;3;1;1;3;7;8; ;4;4;0,966233416
2489;2;1;1; ;1;1;1;1;1;1;1;2;5;10;4;4;0,966233416
2498;2;1;1; ;2;1;2;3;1;1;3;1;8;13;2;2;0,966233416
2512;2;1;2; ;2;1;1;1;4;1;7;2;9; ;2; ;0,966233416
2630;2;1;1; ;1;2;2;1;1;5;1;4;6;14;5;1;0,966233416
2632;2;1;2; ;2;2;2;1;1;1;1;6;6;15;1;1;0,966233416
2640;2;1;1; ;1;1;1;1;1;1;1;6;6;13;2;2;0,966233416
2656;2;1;1; ;1;1;1;1;2;1;3;7;6;16;5;2;0,966233416
2658;2;1;1; ;1;3;3;1;1;1;1;4;5;16; ; ;0,966233416
2661;2;1;1; ;1;1;1;1;2;6;5;7;5;14;2;2;0,966233416
2667;2;1;1; ;1;1;1;1;2;6;1;8; ;17;2;2;0,966233416
7924;2; ;1; ;2;1;2;2;5;7;3;9;8;17;1;1;0,966233416
7926;2;1;1; ;1;1;1;2;1;2;1;3;5;15;4;3;0,966233416
7935;2;1;1; ;1;1;2;1;2;1;1;7;6;14;4;2;0,966233416
7937;2;1;1; ;2;2;2;2;2;1;1;2;6;14;5;2;0,966233416
7940;2;1;2; ;1;1;2;1;2;2;2; ; ;15;2;2;0,966233416
7941;2; ;1; ;1;1;1;1;1;1;1;3;4;15;4;4;0,966233416
7966;2;1;1; ;1;1;2;1;1;1;1;7;2;16;4;3;0,966233416
17595;2;1;1; ;1;1;1;1;1;1;1;2;4;14;3;2;0,966233416
17611;2;1;1; ;1;1;1;1;1;1;1;6;6;17;4;3;0,966233416
17618;2;1;1; ;1;1;2;1;1;1;1;4;4;14;4;4;0,966233416
23805;2;1;1; ;1;1;1;1;1;1;1;6;6;16;3;1;0,966233416
23808;2;1;1; ;1;1;2;1;1;1;1;6;6; ;3;3;0,966233416
23822;2;1;1; ;1;1;2;1;2;1;1;7;7;16;5;4;0,966233416
30736;2; ;1; ;1;1;1;1;1;1;1;2;6;16;2;2;0,966233416
30738;2;1;1; ;1;2;2;1;2;4;1; ;4;16;1;1;0,966233416
30753;2;1;1; ;1;1;1;1;4;7;3;9;8;11; ;4;0,966233416
10377;1;1;2; ;1;1;1;1;1;1;3;7; ;14;4;1;0,966261793
16167;1;1;1; ;1;1;1;1;1;4;3;8;6;10;1;1;0,966261793
27935;1;1;1; ;1;1;1;1;2;2;1;8;2;10;5;4;0,966261793
20494;1;1;1; ;1;1;1;1;1;1;1;7;6;14;1;1;0,966308933
31870;1;2; ;4;2;1;1;1;1;1;3;7;8;17; ; ;0,966367543
1238;1;1;1; ;1;1;1;2;1;1;1;1;1;13;4;3;0,966475076
20540;1;1;1; ;1;1;1;1;1;1;1;7;6;16;4;4;0,966475076
36033;1;1;2; ;2;1;1;1;2;1;1;2;6;14;4;1;0,966475076
25494;2;1;1; ;1;1;2;1;1;1;1;6;6;14;1;5;0,966915007
34154;2;1;1; ;1;1;1;1;1;1;3;7;8;14;2;2;0,966915007
20327;1;2; ;4;2;1;2; ; ;1;1;2;2; ; ; ;0,96691842
8071;2;1;1; ;1;1;1;1;1;1;1;4;4;14;4;4;0,966963032
8077;2;1;1; ;2;1;1;1;2;1;1;7;6;14;4;3;0,966963032
8100;2;1;1; ;2;1;1;1;1;4;4;8;8; ;2;2;0,966963032
9219;2;1;1; ;2;1;1;1;2;1;1;4;4;14;5;5;0,966963032
20074;2;1;1; ;1;1;1;1;1;1;1;1;1;14;3;2;0,966963032
20083;2;1;1; ;2;1;1;1;4;7;1; ;6;15;1;1;0,966963032
25180;2;1;1; ;2;1;1;1;2;1;4;7; ;15;3;1;0,966963032
25197;2;1;1; ;2;2;1;1;2;7;2;9;8;12; ;1;0,966963032
26599;2;1;1; ;1;1;1;1;1;1;1;7;6;15;4;4;0,966963032
45193;2;1;1; ;1;2;3;2;2;1;1;4;4;14;5;3;0,966963032
45195;2; ;1; ;2;1;1;1;2;1;1;6;6;15; ;2;0,966963032
45232;2; ; ;3;1;1;1;1;1;1;1;2;6;14;4;3;0,966963032
45245;2; ;2; ;2;1;1;1;2;1;6;6;9; ;2;1;0,966963032
36448;1; ;2; ;1;1;1;1;1;1;1;5;6;14;1;1;0,967396024
44107;1;1;1; ;1;1;1;1;1;1;1;7;6;18;4;3;0,967396024
44118;1; ;2; ;1;1;1;1;2;1;1;7;7; ; ; ;0,967396024
41677;2;1;1; ;1;1;1;1;2;1;1;3;6;14;5;3;0,967729137
13574;2;1;1; ;1;1;1;1;2;1;1;7;6;15;3;3;0,968045152
14812;2;1;1; ;2;1;1;1;1;1;2;7;6;13;1;2;0,968045152
14833;2;2; ;1;1;1;1;1;2; ;1; ;6;15; ; ;0,968045152
16176;2;1;1; ;2;1;1;1;2;2;1;8;6;14;1;2;0,968045152
3931;2;1;1; ;1;1;1;1;1;1;1;5;5;14;1;4;0,96823402
47;1;1;1; ;2;2;2;2;2;1;1;1;4;16;4;1;0,968546758
87;1; ; ;2;2;2;1;1;1;1;1;7;6;16;1;1;0,968546758
134;1;1;1; ;1;2;2;1;1;1;1;5;4;14;4;4;0,968546758
135;1; ;1; ;1;1;1;1;1;1;1;4;4;15;1;1;0,968546758
139;1;1;3; ;2;1;1;2;1;1;1;6;6;15; ; ;0,968546758
15280;1;1;1; ;2;1;1;1;1;1;1;6;6;16; ; ;0,968546758
19477;1;1;2; ;2;1;1;1;1;4;4;8;8;15;1;1;0,968546758
19495;1; ;1; ;1;1;1;1;1;1;1;2;4;13;5;5;0,968546758
19503;1;1;1; ;2;1;1;1;1;1;1; ; ;15; ; ;0,968546758
20184;1;1;2; ;1;1;1;1;2;1;1;7;6;13;1;1;0,968546758
35501;1;1;1; ;1;1;1;1;1;1;1;5;4;15;2;2;0,968546758
35517;1;1;1; ;1;1;1;1;2;1;1;4;4;16;4;1;0,968546758
38372;1;1;1; ;1;1;1;1;1;1;1;2;2;15;1;1;0,968546758
38445;1;1;1; ;2;1;1;1;2;1;1;7;6;15;4;4;0,968546758
784;2;1;1; ;2;1;1;2;2; ;1;3;7; ; ;2;0,968586615
789;2;1;1; ;1;2;2;1;1;1;3;2;8; ;1;1;0,968586615
798;2;1;1; ;2;1;2;1;2;1;1;5;6;15;5; ;0,968586615
2190;2;1;1; ;1;1;1;1;1;1;1;5;5;16;3;3;0,968586615
2204;2;1;1; ;1;1;2;1;2;1;1;7;7;14;4;3;0,968586615
2216;2;1;1; ;1;2;2;1;1;1;1;5;5;16;4;4;0,968586615
8411;2; ;1; ;1;1;1;1;2; ;3; ;8; ;1;1;0,968586615
9158;2;1;1; ;1;1;1;1;1;1;1;6;6;16;4;4;0,968586615
9172;2;1;1; ;2;1;1;1;2;7;1;9;6; ;5;1;0,968586615
10488;2; ;1; ;2;1;2;1;1;3;3;8;8; ;1;1;0,968586615
10499;2;1;1; ;1;1;1;1;1;1;1;6;6;16;2;2;0,968586615
11125;2;1;1; ;1;1;2;1;1;1;1;4; ; ;5;5;0,968586615
11352;2;1;1; ;2;1;1;1;2;4;1;8;6;15;5;3;0,968586615
11373;2;1;1; ;2;2;2;1;2;1;1;6;6;18;3;3;0,968586615
11376;2; ;1; ;1;1;1;1;2;1;1;7;6;16;5;5;0,968586615
11989;2; ;1; ;1;1; ;1;1;1;1;3;6;15;1;1;0,968586615
11997;2;1;1; ;1;2;2;1;1;1;2;1;8;15;2;1;0,968586615
12003;2;1;1; ;1;1;1;1;1;5;5; ; ;15;4;4;0,968586615
12665;2;1;1; ;1;1;1;1;1;1;1;5;5;15;3;2;0,968586615
13646;2;1;1; ;1;1;1;1;2;1;1;7;6;14;4;2;0,968586615
13666;2;1;1; ;2;1;2;1;1;1;1;7;5; ;1;1;0,968586615
13863;2;1;1; ;1;2;1;2;1;1;1;7;6;14;3;3;0,968586615
13888;2;1;1; ;1;1;1;1;1;1;1;4;4;14;3;3;0,968586615
20300;2;1;1; ;1;1;1;1;2;1;1;6;6;15;2;2;0,968586615
20315;2;1;1; ;1;1;1;1;2;1;1;3;5;15;5;5;0,968586615
20320;2;1;1; ;1;2;2;2;1;2;1;6;6;16;3;3;0,968586615
22331;2;1;1; ;1;1;2;2;2;4;1;2;6;14; ; ;0,968586615
24668;2;1;1; ;1;1;1;1;1;1;1;5;6;15;5;5;0,968586615
31313;2;1;1; ;1;1;2;1;2;1;1;7;4;13;2;2;0,968586615
31326;2;1;1; ;2;1;1;1;1;1;1;2;5;15;1;1;0,968586615
31337;2;1;2; ;2;1;2;1;2;1;1;2;2;14;3;3;0,968586615
31349;2;1;1; ;2;1;1;1;1;1;2;7; ;14;1;1;0,968586615
31364;2;1;1; ;1;1;1;1;2;1;1;1;6;13;4;1;0,968586615
35064;2;1;1; ;1;1;1;1;2;1;1;3;6;13;3;4;0,968586615
35071;2;1;1; ;1;1;1;1;1;1;1;4;4;15;5;2;0,968586615
36573;2;1;1; ;1;1;1;1;1;3;1;2;6;16;5;3;0,968586615
36597;2;1;1; ;1;1;2;1;2;1;1;7;6;13;5;1;0,968586615
36661;2;1;1; ;1;1;1;1;1;1;1;7;6;15;3;2;0,968586615
36668;2;1;2; ;1;1;2;1;4;1; ;2;9;14;1; ;0,968586615
40508;2;1;1; ;1;1;2;1;2;1;1;4;6;15;4;1;0,968586615
40526;2; ;1; ;1;1;1;2;1;1;1;6;6;16;3;3;0,968586615
40528;2;1;1; ;1;1;1;1;1;1;1;5;2;16;3;3;0,968586615
40545;2;1;1; ;1;1;1;1;1;1;3;6;8;16;4;2;0,968586615
40547;2;1;1; ;2;1;1;1;4;2;7;8;9; ;1;1;0,968586615
40553;2;1;1; ;1;1;1;1;4;7;1;9;6;14;1;1;0,968586615
40576;2;1;1; ;2;1;1;1;2;1;1;6;6;14;2;2;0,968586615
14217;2; ;1; ;2;1;1;1;1;2;1; ;6;13;3;3;0,968612996
14231;2;1;1; ;2;1;2;1;2;1;1;3;6;15;2;2;0,968612996
21415;2;1;1; ;2;1;1;1;1;1;1; ; ;16;1;1;0,968612996
22548;2;1;1; ;2;1;1;1;1;1;1;2;6;13;1;4;0,968612996
22671;2;1;1; ;2;1;1;1;2;5;1;8;4;15;4;2;0,968612996
35206;2;1;2; ;2;1;1;1;4;1;2;6;8;11; ; ;0,968612996
972;2;1;1; ;2;2;2;1;2;3;3; ; ;15;5;1;0,968744048
1090;2;1;1; ;1;1;1;1;2;2;2;8;8;14;2;1;0,968744048
1099;2;1;1; ;1;1;1;1;2;4;1;8;6;16;5;1;0,968744048
1107;2;1;1; ;1;1;1;1;1;1;1;4;4;16;1;1;0,968744048
1121;2; ;1; ;1;1;1;1;2;1;1;6;6;16;3;3;0,968744048
23251;2;1;1; ;1;1;1;1;2;1;1;4;4;15;2;2;0,968744048
23266;2;2; ;2;2;2;3;1;1;1;3;7;8;15;2;1;0,968744048
32157;2;1;1; ;1;1;2;1;1;1;1;7;5;13;4;4;0,968744048
32170;2;1;2; ;2;1;2;4;1;1;1;2;2;12;3;4;0,968744048
32249;2;1;1; ;1;1;1;1;1;1;1;6;5;15;3;3;0,968744048
12608;1;1;2; ;2;1;1;1;2;1;4;4;8;14;4;4;0,969095131
2653;2;1;1; ;2;2;2;1;2;1;1;7;6;14; ; ;0,970430416
2673;2;1;1; ;1;1;1;1;1;1;3;4;8;13;3;3;0,970430416
7946;2;1;1; ;1;1;1;1;2;1;1;5;5;15;3;3;0,970430416
7964;2;1;1; ;1;1;1;1;1;1;1;5;6; ;4;4;0,970430416
17605;2;1;1; ;2;1;1;1;1;1;1;4;4;14;4;4;0,970430416
17609;2;1;1; ;2;2;2;1;1;3;1;8;6;12;3;3;0,970430416
17631;2;1;1; ;1;1;1;2;2;1;1;6;4;10; ; ;0,970430416
30745;2;1;1; ;1;1;2;1;1;1;1;7;6;13;1;2;0,970430416
30105;1;1;2; ;1;1;1;4;1;1;1;6;6;12;1;1;0,970673126
203;2;1;3; ;1;1;1;4;4;7;1;7;6;12;1;3;0,971143955
7580;2; ;1; ;1;1;1;1;1;1;1;7;7;16;4;4;0,971400063
7583;2;1;1; ;1;1;2;1;1;1;1;2;2;15;2;2;0,971400063
7588;2;1;1; ;1;1;1;1;2;1;1;2;5;14;4;4;0,971400063
7594;2;1;1; ;1;1;1;1;2;1;1;3;4;15;3;3;0,971400063
7611;2;1;1; ;1;1;1;1;1;1;1;2;6;15;4;4;0,971400063
7621;2;1;1; ;1;1;1;1;1;1;1;6;6;16;3;3;0,971400063
8135;2; ;1; ;1;1;1;1;2;1;1;5;2;15;3;3;0,971400063
8145;2;1;1; ;2;2;2;1;1;1;1;4;4;15;5;5;0,971400063
9751;2;1;1; ; ;1;1;1;1;1;1;7;2; ;4;4;0,971400063
9761;2;1;1; ;1;1;1;1;1;1;1;4;5;14;4;4;0,971400063
9771;2;1;1; ;1;1;1;1;4; ;1;9;4;12; ;4;0,971400063
9776;2;1;1; ;1;1;1;1;2;2;1;8;7;14;1;1;0,971400063
15019;2;1;1; ;2;1;2;1;1; ; ;7;7;15;3;3;0,971400063
15021;2;1;1; ;1;1;1;1;1;1;1;3;5;14;5;4;0,971400063
15022;2; ;1; ;1;1;1;1;1;1;1;4;4;12;5;5;0,971400063
15028;2;1;1; ;1;2;2;1;2;4;1;1;6;16;4;1;0,971400063
15030;2;1;1; ;1;1;1;1;1;1;1;3;4;14;1;5;0,971400063
15033;2;1;1; ;1;2;1;1;2;1;1;2;4;15;1;1;0,971400063
15053;2;1;1; ;1;1;1;1;2;1;1;7;5;17;1;3;0,971400063
15056;2;1;1; ;1;2;1;1;1;1;3;4;8;15;5;5;0,971400063
15545;2;1;1; ;1;1;1;1;1;1;1;4;6;16;5;4;0,971400063
15565;2;1;1; ;1;1;2;1;2;1;1;7;4;16;1;2;0,971400063
17074;2;1;1; ;1;1;1;1;1;1;1;6;6;16;3;3;0,971400063
17092;2;1;1; ;1;1;1;1;2;1;1;5;6;15;4;3;0,971400063
17093;2;1;1; ;1;1;1;1;1;1;1;7;6; ;5;4;0,971400063
17096;2;1;1; ;2;1;1;1;2;2;1;8;6;15;4;1;0,971400063
17098;2;1;1; ;1;1;1;2;1;1;1;7;5;15;3;3;0,971400063
17103;2; ;1; ;1;1;1;1;1;1;1;4;4;15;3;3;0,971400063
17106;2;1;1; ;2;1;1;1;1;1;1;6;6;18;5;5;0,971400063
17108;2;2; ; ;2;1;3;1;2;3;3;8;8; ;1;1;0,971400063
17163;2;1;1; ;1;1;1;1;1;1;1;5;3;15;5;5;0,971400063
18595;2; ;1; ;2;1;2;1;2;5;3;8;8;15; ;1;0,971400063
18616;2;1;1; ;1;1;1;1;2;1;2;2;8;14;3;3;0,971400063
18623;2; ;1; ;1;1;1;1;1;1;3;6;9;15;3;3;0,971400063
18626;2; ;1; ;2;1;1;1;2;1;1;7;6;15;4;4;0,971400063
19126;2;1;1; ;1;1;1;1;1;1;1;4;4;15;4;4;0,971400063
19135;2;1;1; ;2;1;1;1;2;1;1;2;2;15;1;1;0,971400063
19141;2; ;1; ;1;1;1;1;2;1;1;4;4;15;3;2;0,971400063
19149;2;1;1; ;1;1;1;1;1;1;4;5;9;16;2;2;0,971400063
24533;2; ;1; ;1;1;1;1;4;1;7;4;9;15;3;1;0,971400063
24549;2; ;1; ;1;1;1;1;1;1;1;3;6;15;3;3;0,971400063
24551;2;1;1; ;2;1;1;1;1;1;1;4;6;14;3;3;0,971400063
24564;2;1;1; ;1;1;1;1;1;5;1;4;6;15;5;5;0,971400063
26253;2;1;1; ;2;1;1;2;1;1;4;7;8;15;2;2;0,971400063
26258;2;1;1; ;1;1;1;1;1;1;1;3;3;14;2;2;0,971400063
26261;2;1;1; ;1;2;2;1;1;1;1;5;5;15;4;4;0,971400063
26269;2;1;1; ;1;1;1;1;1;1;4;6;6;15;4;4;0,971400063
26277;2;1;1; ;1;1;2;1;1;1;1;5;5;15;3;3;0,971400063
26287;2;1;1; ;1;1;1;1;1;1;1;4;4;15;5;4;0,971400063
26299;2;1;1; ;1;1;1;1;1;4;1;8;7;15;1;1;0,971400063
26310;2;1;1; ;1;1;1;1;1;1;1;4;4;14;5;5;0,971400063
26337;2;1;1; ;1;1;1;1;1;1;1; ; ;6;3;3;0,971400063
26341;2; ;1; ;2;1;1;1;1;1;1;7;6; ;2;1;0,971400063
26343;2; ;1; ;1;1;1;1;1;1;3;6;8; ;1;1;0,971400063
33883;2;1;1; ;1;1;1;2;1;1;1;2;6;15;2;1;0,971400063
33887;2;1;1; ;1;1;1;1;2;1;2;5;6;15;5;4;0,971400063
33901;2;1;1; ;1;1;1;1;1;4;1;2;4;6;4;4;0,971400063
33911;2;1;1; ;1;1;1;1;2;2;1;8; ;14;5;4;0,971400063
33915;2;1;1; ;2;1;1;1;2;1;1;7; ;16;2;2;0,971400063
36124;2;1;1; ;1;1;1;1;1;1;3;2;8;13;3;3;0,971400063
36125;2;1;1; ;1;1;1;1;1;1;3;4;8;15;3;3;0,971400063
36133;2;1;1; ;1;1;1;1;2;2;1;5;5;15;5;2;0,971400063
36138;2;1;1; ;1;1;1;1;1;1;1;4;4;15;5;5;0,971400063
36139;2;1;1; ;2;1;1;1;2;1;1;7;6;15;1;4;0,971400063
36146;2;1;1; ;1;1;1;1;1;1;1;6;6;15;4;4;0,971400063
36148;2;1;1; ;1;1;1;1;1;1;1;4;5;17;4;4;0,971400063
36151;2; ;1; ;1;1;1;1;1;1;3;4;8;16;4;4;0,971400063
36159;2; ;1; ;1;1;1;1;2;1;1;4;6;11;4;4;0,971400063
36166;2;1;1; ;1;1;1;1;1;1;1;4;6;15;5;5;0,971400063
36171;2;1;1; ;1;2;2;1;1;1;1;5;6;16;2;2;0,971400063
36175;2;1;1; ;1;1;1;1;1;1;1;4;4;14;4;4;0,971400063
36190;2;1;1; ;1;1;2;1;1;1;1; ; ;13;4;4;0,971400063
36192;2;1;1; ;1;1;1;1;1;1;1;7;6;15;2;2;0,971400063
36199;2; ;1; ;1;1;1;1;1;1;1;4;5;15;2;1;0,971400063
36210;2;1;1; ;1;1;1;1;1;1;1;4;6;15;3;2;0,971400063
37658;2;1;1; ;2;1;1;1;1;3;1;8;6;15;3;3;0,971400063
37663;2;1;1; ;1;1;1;1;1;1;1;4;4;16;2;2;0,971400063
37670;2;1;1; ;1;1;1;1;2;1;2;1;6;13;4;2;0,971400063
37681;2;1;1; ;1;1;1;1;2;1;1;4;6;14;4;4;0,971400063
37693;2; ;1; ;1;1;1;1;1;1;1;6;6;10;4;4;0,971400063
37697;2;1;1; ;1;1;1;1;1;1;5;6;4;15;5;5;0,971400063
37808;2;1;1; ;2;1;1;1;2;1;3;6;5;15;2;1;0,971400063
37810;2;1;1; ;1;1;1;1;1;1;1;4;5;14;4;3;0,971400063
37814;2; ; ;2;2;1;2;1;1;1;2;4;8;17;4;4;0,971400063
37834;2;1;1; ;2;1;1;1;1;1;1;7;6;16;3;1;0,971400063
37846;2;1;1; ;1;1;1;1;1;1;1;4;4;14;2;2;0,971400063
37861;2;1;1; ;1;1;1;2;1;1;1;2;5;15;4;4;0,971400063
37863;2; ;1; ;1;1;1;1;1;1;1;4;6;14;5;5;0,971400063
38468;2;1;1; ;1;1;1;1;1;1;1;6;6;15;4;4;0,971400063
38476;2;1;1; ;1;1;1;1;1;1;1;6;6;15;4;4;0,971400063
38480;2;1;1; ;2;1;1;1;1; ; ; ; ;14;2;2;0,971400063
38482;2;1;1; ;1;1;1;1;2;4;1; ;2; ;1;3;0,971400063
38493;2;1;1; ;1;1;1;1;1;1;1;7;6;15;1;1;0,971400063
38501;2;1;1; ;1;1;2;1;1;1;1;4;6;15;4;4;0,971400063
38504;2;1;1; ;1;2;2;1;4;7;1;9;4;15; ;1;0,971400063
41582;2;1;1; ;1;1;1;2;1;1;1;5;2;16;3;2;0,971400063
41599;2;1;1; ;1;1;1;1;1;1;1;5;5;12;4;4;0,971400063
41606;2;1;1; ;2;2;1;1;1;1;1; ; ; ;5;1;0,971400063
41615;2;1;1; ;1;1;1;1;1;1;1;7;6;15;5;3;0,971400063
41616;2;1;1; ;2;2;1;1;4;7;4;9;8;14;1;1;0,971400063
41621;2;1;1; ;2;1;1;1;1;1;2;7;8;14;2;2;0,971400063
3946;1;1;2; ;2;1;1;1;1;1;1;2;6;15;5; ;0,971647744
3961;1;1;2; ;1;1;3;1;2;6;6;8;8; ;1;1;0,971647744
3970;1;1;2; ;2;2;1;1; ; ;1; ;6;16; ;1;0,971647744
3987;1;2; ;2;2;1;1;1;1;1;1;2;2;15;4;4;0,971647744
5153;1;1;1; ;1;1;1;1;4;7;1;9;6; ; ;3;0,971647744
5289;1;1;1; ;1;1;1;1;2;2;1; ;6; ;5;2;0,971647744
5305;1;1;1; ;1;1;1;1;1;1;2;6;8;10;5;2;0,971647744
7703;1;1;1; ;1;1;1;1;1;1;3;4;8;16;4;4;0,971647744
7727;1;1;2; ;1;2;2;1;1;1;1;2;2;14;3;1;0,971647744
7794;1;1;1; ;2;1;1;2;1;1;1;5;6;13;2;2;0,971647744
7798;1;1;1; ;1;1;1;1;2;1;1;4;6;16;4;4;0,971647744
7805;1;1;1; ;1;1;1;1;1;1;1;6;4; ;3;1;0,971647744
7818;1;1;1; ;1;1;1;1;2;1;1;4;4;15;4;4;0,971647744
7865;1;1;1; ;2; ;2;2;1;1;4;6; ; ;5;5;0,971647744
7868;1;1;1; ;2;1;1;1;1;1;1;5;6;9;2;1;0,971647744
20605;1;1;1; ;1;2;1;1;1;1;1;6;4;15;3;3;0,971647744
20620;1; ;1; ;1; ; ;1;2;1; ;2;6;11;4;4;0,971647744
20629;1;1;1; ;1;1;1;1;1;1;1;3;6;13;4;4;0,971647744
20637;1;1;1; ;1;1;1;1;1;1;1;5;4;16;5;5;0,971647744
20643;1;1;1; ;1;1;1;1;1;1;3;4;9;8;5;5;0,971647744
20676;1;1;1; ;1;1;1;1;1;1;1;2;5; ;5;5;0,971647744
20690;1; ;1; ;2;1;1;2;5; ;1; ;6;14; ;1;0,971647744
23932;1;1;1; ;2;2;2;1;2;1;1;6;6;9;4;4;0,971647744
23952;1;2; ;1;2;2;2;1;1;2;3;7; ;14;2;1;0,971647744
33229;1;1;2; ;2;1;1;1;2;1;3;4;8;15;4;1;0,971647744
33245;1;1;1; ;1;1;1;1;1;1;1;6;4;15;5;3;0,971647744
33248;1;1;1; ;1;1;1;1;1;1;1;4;4;17;2;2;0,971647744
44711;1;1;1; ;1;1;1;1;1;1;1;4;4;16;1;1;0,971647744
44720;1;1;1; ;2;2;3;1;2; ;1; ;6;0; ;1;0,971647744
44733;1;1;2; ;1;1;3;1;2; ; ;3;6;14;2;1;0,971647744
4089;2;1;1; ;1;1;1;1;2;1;1;2;6;15;5;5;0,972049998
7370;2;1;1; ;1;1;1;1;2;2;1;8; ;14;5;2;0,972049998
7647;2;1;1; ;1;1;1;1;2;1;1;7;7;12;1;1;0,972049998
14237;2;1;1; ;1;1;2;1;2; ;2; ;6;15; ; ;0,972049998
14243;2;1;1; ;1;1;1;1;2;1;1;6;5;13;2;2;0,972049998
16922;2;1;1; ;1;1;2;1;4;7;1;9;5;11; ;2;0,972049998
16924;2; ;1; ;1;1;1;1;2;3;1;8;4;14;4;4;0,972049998
18543;2;1;1; ;1;1;1;1;2;1;1;2;7;12;4;5;0,972049998
7759;1;1;1; ;1;1;1;1;1;1;1;5;2;15; ; ;0,972163109
23760;1; ;1; ;1;1;1;1;1;1;1;6;6;14;3;3;0,972163109
45049;1;1;1; ;1;1;1;1;1;1;1;7;6;13;3;3;0,972163109
23105;1;1;1; ;1;1;1;1;1;1;1;3;5;14;4;4;0,972263516
9178;2; ;1; ;1;1;2;1;1;1;2;7;6;13;3;2;0,972793837
9569;2;1;1; ;1;1;2;1;2;1;1;6;6;12;4;4;0,972793837
10484;2;1;2; ;2;2;1;1;4;2;7;7;9;16;3;3;0,972793837
10489;2; ;1; ;1;1;2;1;1;1;1;6;6;14;5;4;0,972793837
11346;2;1;1; ;2;1;1;1;1;1;1;6;6;12;2;1;0,972793837
11982;2;1;1; ;1;1;1;1;2;7;4; ;2;15; ;4;0,972793837
12018;2;1;1; ;1;1;1;1;2;1;1;6;6;15;4;4;0,972793837
12650;2;1;1; ;1;1;1;1;1;1;3;7;8;16;4;4;0,972793837
13635;2;1;1; ;2;1;1;1;1;1;4;2; ;16;2;1;0,972793837
20334;2;1;1; ;1;1;1; ;2;2;1; ;4;15; ;2;0,972793837
21147;2;1;1; ;2;3;2;1;1;1;1;9;9;15;2;2;0,972793837
21157;2; ;1; ;2;1;2;1;2; ;1; ;6;15;1;1;0,972793837
24677;2;1;1; ;1;1;1;1;1;1;1;3;4;14;3;1;0,972793837
31317;2;2; ;2;1;2;2;1;2;6;3;8;8;16; ; ;0,972793837
31329;2;1;1; ;1;2;1;1;2;1;1;6;6;15;5;2;0,972793837
31379;2;1;1; ;1;3;2;1;1;5;1; ;6;16; ; ;0,972793837
40515;2;1;1; ;2;1;2;3;2;1;1;5;5;15;5;1;0,972793837
17696;1; ;2; ;2;1; ;4;2;1;1;4;6;14;1;4;0,973304562
23477;2;1;1; ;1;3;3;1;2;1;1;5;4;10;1;3;0,973872311
36580;2; ;1; ;1;1;1;1;5;5;1;4;4;13;5;4;0,973872311
40572;2;1;3; ;1;1;1;1;1;1;1;7;6;15;3;3;0,973872311
1181;2;1;1; ;1;1;1; ;4;7;1;9;4;13; ; ;0,974262755
33951;2;1;1; ;1;2;1;1;1;1;1;1;6;10;1;1;0,974995812
25395;1;1;1; ;2;1;1;1;1;1;1;7;7;14;5;4;0,975073975
35481;2;1;2; ;2;1;1;1;1;5;1;7;7;14;4;4;0,975315175
7601;2;1;1; ;2;1;1;1;1;1;4;4;6;17;4;4;0,975619505
8104;2;1;1; ;1;1;1;1;2;1;3;5;8;12;3;3;0,975619505
8122;2;1;1; ;2;2;1;1;1;1;1;6; ;14;4;4;0,975619505
8128;2;1;1; ;2;1;1;1;1;1;1; ;6;17;2;2;0,975619505
8132;2;1;1; ;2;1;2;1;2;1;1;6;6;15;4;4;0,975619505
9760;2; ;1; ;1;1;1;1;1;1;1;3;2;11;5;5;0,975619505
9766;2;1;1; ;1;1;1;1;2;4;1;2;5;15;1;2;0,975619505
15039;2; ;1; ;1;1;1;1;1;1;2;4;8;15;1;4;0,975619505
15540;2; ;1; ;2;1;2;1;1;1;1; ;6;14;4;4;0,975619505
15546;2;1;1; ;2;1;1;1;2;1;1;2;5; ;4;4;0,975619505
15553;2; ;1; ;1;1;1;1;5;7;1;9;5;15; ; ;0,975619505
17091;2; ;1; ;2;1;1;1;1;1;1;2;2;15;5;5;0,975619505
17143;2; ;1; ;1;1;2;1;1;1;1;2;5;16; ; ;0,975619505
17155;2; ;1; ;1;1;1;1;1;1;1;3;4;15;4;4;0,975619505
18611;2;1;1; ;1;1;1;1;1;1;1;2;6;8;3;3;0,975619505
26270;2;1;1; ;1;1;1;2;1;1;1;6;6;15;3;3;0,975619505
26315;2;1;1; ;1;1;1;1;2;5;1;8;3;15;4;5;0,975619505
26329;2;1;1; ;1;1;1;1;2;1;1;6;6;16;5;1;0,975619505
26335;2;1;1; ;2;1;1;1;1;1;1;7;6;14;4;4;0,975619505
33884;2;1;1; ;2;1;1;1;2;1;7;4;9;14;3; ;0,975619505
33896;2;1;1; ;2;1;1;1;2;1;1;2;6;14;5;4;0,975619505
33918;2;1;1; ;2;1;1;1;2;1;2;7;6;13;4;1;0,975619505
36149;2;1;1; ;2;1;2;1;1;1;1;7; ;14;3;3;0,975619505
36154;2;1;1; ;1;1;1;1;1;1;1;5;4;15;4;4;0,975619505
36186;2;1;1; ;2;1;2;1;1;1;1;6;6;17;2;2;0,975619505
36187;2;1;1; ;1;1;1;1;1;1;1;2;6;14;4;4;0,975619505
37657;2; ;1; ;1;1;1;4;1;1;1; ; ;16;2;2;0,975619505
37664;2;1;1; ;1;1;1;1;2;1;1;6;6;15;1;3;0,975619505
37789;2;1;1; ;1;1;1;1;1;1;1;5;5;15;4;4;0,975619505
37796;2;1;1; ;2;1;1;1;2;1;1;4;4;15;5;4;0,975619505
37827;2;1;1; ;1;1;1;1;2;1;1;5;5;14;5;3;0,975619505
37876;2;1;1; ;1;1;1;1;1;1;1;7;5;12;1;1;0,975619505
38487;2;1;1; ;1;1;1;1;1;1;1;3;6;14;3;3;0,975619505
41575;2;1;1; ;1;1;1;1;2;1;1;6;6;12;4;1;0,975619505
41589;2;1;2; ;1;1;1;4;2;1;1;7;6;13;2;1;0,975619505
3986;1;2; ;2;2;1;1;1;2;2;1; ; ;15;4;3;0,975868263
5163;1;1;2; ;2;1;2;3;2;1;2;3;7;15;3; ;0,975868263
7713;1;1;2; ;2;1;2;1;1;1;1;7;5;14;4;3;0,975868263
7748;1;2; ;3;2;1;1;4;2;1;1;6;5;14;3;2;0,975868263
7802;1;1;1; ;1;1;1;2;2;4;4;9;9;15;5;2;0,975868263
7835;1;1;1; ;1;1;1;1;1;1;1;5;5;13;4;4;0,975868263
7859;1;1;1; ;2;1;1;1;2;1;1;6;6;15;1;1;0,975868263
20608;1;1;2; ;2;2;2;1;2; ;1; ;2;16; ;1;0,975868263
20631;1;1;1; ;2;1;1;1;2;1;1;7;6;14;1;1;0,975868263
20683;1;1;1; ;1;1;1;1;1;1;1;7;6; ;3;3;0,975868263
33220;1;1;1; ;2;1;1;2;4; ;1;9;2;15; ;5;0,975868263
33255;1;1;1; ;1;1;1;1;1;1;1;2; ;14;4;1;0,975868263
13837;1; ;1; ;1;1;1;1;2;1;2;1;8;14;1;2;0,975924921
14067;1;1;1; ;2;1;1;1;1;1;1;6;4;13;5;1;0,975924921
37633;1; ;2; ;2;2;2;1;2;1;1;7;6;16;1;5;0,976385866
18723;1;1;1; ;1;1;2;1;1;1;1;7;6;14;3;3;0,976486709
1688;1;1;1; ;1;1;1;1;2;1;1;2;4;14;2;2;0,976506682
1696;1;1;1; ;1;1;1;1;1;2;2;8;8;15;2;1;0,976506682
1709;1;1;1; ;2;1;1;1;2;5;1; ;6;12;4;4;0,976506682
2115;1;1;1; ;1;1;1;1;1;1;1;2;3;15;5;5;0,976506682
2118;1;1;1; ;1;1;1;1;1;1;1;7;7; ;1;1;0,976506682
2122;1;1;1; ;1;1;1;1;1;1;1;4;6;14;4;4;0,976506682
2137;1;1;1; ;2;1;2;1;2;1;1;6;6;16;4;1;0,976506682
2375;1;1;1; ;1;1;1;1;4;7;1;4;5;16;3;3;0,976506682
2379;1;1;1; ;1;1;1;1;1;1;1;4;4;12;3;3;0,976506682
2383;1;2; ;2;2;1;2;1;1;1;1;6;6;15;3;3;0,976506682
2384;1;1;1; ;1;1;1;1;1;1;1;4;6;15;5;5;0,976506682
2396;1;1;2; ;2;2;2;1;1;1;2; ; ;15;2;2;0,976506682
2983;1; ;1; ;1;1;1;1;2;1;1;5;6;15; ;2;0,976506682
10407;1;1;2; ;2;2;2;1;1;1;3;7;8;14;2;2;0,976506682
15067;1;1;1; ;1;1;1;1;1;1;1;6;7; ;5;4;0,976506682
15075;1;1;1; ;2;1;1;1;2;1;1;7;7;15;5;3;0,976506682
16184;1;1;2; ;1;1;1;1;2;1;2;7;8;16;2;2;0,976506682
16363;1;1;1; ;1;1;1;1;1;1;1;4;4;16;4;3;0,976506682
16367;1;1;1; ;1;1;1;1;1;1;1;1;6;15;5;5;0,976506682
16370;1;1;1; ;2;1;1;1;2;1;2;4;8;14;5;2;0,976506682
16374;1;1;1; ;2;1;1;1;2;1;1;4;6;4; ; ;0,976506682
16386;1;2; ;4;1;1;1;1;1;1;1;2;6;17;2;2;0,976506682
20406;1;1;1; ;1;1;1;1;2;1;1;2;6;12;3;3;0,976506682
20413;1;1;1; ;1;1;1;1;1;1;1;2;7;16;2;2;0,976506682
20414;1;1;1; ;1;1;1;1;1;1;1;5;6;13;2;2;0,976506682
20416;1;1;1; ;1;1;2;1;1;1;1;2;6;13;2;1;0,976506682
27911;1;1;1; ;1;1;1;1;1;1;1;3;6;13;5;4;0,976506682
27922;1;1;2; ;2;3;3;1;1;2;1;7; ; ;1;1;0,976506682
27991;1;1;2; ;1;1;1;1;1;1;2;7;8; ;5;2;0,976506682
28006;1; ;2; ;2;2;2;1;2;1;1;7;6; ;1;1;0,976506682
28012;1;1;1; ;1;1;2;1;1;1;4;7;8; ;1;1;0,976506682
28016;1;1;2; ;2;2;3;1;1;1;1;2;2;12;1;1;0,976506682
28018;1;1;1; ;1;1;1;1;1;1;3;6;8; ;1;1;0,976506682
28025;1;1;1; ;1;1;1;1;1;1;1;5;5;16;2;1;0,976506682
32134;1;2; ;3;2;1;2;1;2;4;1;8;6;12;1;1;0,976506682
33753;1;1;1; ;2;1;1;1;1;1;1;7;6; ;1;1;0,976506682
33755;1;1;1; ;2;1;1;1;1;1;2;2;8;14;4;4;0,976506682
35601;1;1;1; ;1;1;1;1;1;1;3;3;8;15;4;3;0,976506682
35605;1;1;1; ;2;2;3;1;1;1;1;6;6;15;2;2;0,976506682
35611;1;1;1; ;2;1;2;1;1;1;3; ;8; ;1;1;0,976506682
35618;1;1;1; ;2;1;2;1;2;1;1;4; ;32;4;3;0,976506682
10168;1;1;1; ;1;1;1;1;1;1;1;7;6;15;5;4;0,976554322
10178;1;1;1; ;1;1;2;1;1;1;3;5;8;12;2;2;0,976554322
10179;1;1;1; ;2;1;1;1;2; ;1;9;6;15; ;4;0,976554322
10518;1;1;1; ;1;1;1;1;1;1;1;4;4;13;2;2;0,976554322
10519;1;1;1; ;2;1;1;1;1;1;3;2;8;17;1;1;0,976554322
10521;1;1;1; ;1;1;1;1;1;1;3;7;8; ;2;2;0,976554322
10529;1;1;1; ;1;1;1;1;1;1;1;4;6;15;5;5;0,976554322
10532;1;1;1; ;1;1;1;1;1;1;3;3;8;15;5;1;0,976554322
10537;1;1;1; ;1;1;1;1;1;1;1; ; ; ;1;1;0,976554322
14495;1;2; ;2;1;1;1;1;2; ;3;8;8; ;1;1;0,976554322
14521;1;1;1; ;1;1;1;1;2;1;1;1;6;16;2;2;0,976554322
20477;1;1;1; ;2;1;1;1;2;2;6;7;7;16;1;1;0,976554322
20516;1;1; ; ;1;2;2;1;2; ;3; ;8;16;1;1;0,976554322
39081;1;1;1; ;2;1;3;1;2;5;1; ; ;15;2;2;0,976554322
39096;1;1;1; ;1;2;2;1;2;7;4;9;8;14;1;3;0,976554322
39098;1;1;1; ;2;1;1;1;2;1;3;6;8;13;2;2;0,976554322
39102;1;1;1; ;1;1;1;1;1;2;3;7;8; ;5;2;0,976554322
40642;1;1;1; ;1;1;1;1;1;1;1;2;2;15;5;5;0,976554322
40644;1;1;2; ;2;2;2;1;2;1;2;6; ;16;4;4;0,976554322
40660;1;1;1; ;1;1;1;1;1;1;1;4;4;14;5;4;0,976554322
42733;1;2; ;2;2;1;1;1;2; ;1; ;6;16;1;1;0,976554322
42735;1;1;1; ;2;2;1;1;1;1;1;7;7; ;1;1;0,976554322
42743;1;1;1; ;1;1;1;1;1;1;3;2;8; ;1;1;0,976554322
42766;1;2; ;2;2;1;2;1;2;1;2;7;8;16;2;1;0,976554322
42773;1;1;1; ;1;2;2;1;1;1;3;7;8;15;4;4;0,976554322
42781;1;1;1; ;1;1;1;1;2;5;1;8;7;16;3;2;0,976554322
42787;1;1;1; ;1;1;1;1;2;1;1;6;3;10;4;1;0,976554322
42802;1;1;2; ;2;1;1;1;1;1;1;2;6;15;3;3;0,976554322
30377;1;1;1; ;1;1;1;1;2;7;1;9;5;17;2;1;0,976878201
11137;2; ; ;3;1;2;3;3;2;4;2;8;8;13;2;2;0,977064332
17530;2; ;2; ;1;1;1;1;2;1;4;2; ;10;4;2;0,977064332
3077;2;1;1; ;1;1;1;1;1;1;1; ; ;15;4;4;0,977166822
3095;2;1;1; ;1;1;1;1;1;1;1;2;6;15;4;4;0,977166822
3110;2;1;1; ;1;1;1;1;1;1;1;4;4;14;2;2;0,977166822
3111;2;1;1; ;1;1;1;1;1;1;1; ; ;16;4;4;0,977166822
3127;2;1;1; ;1;1;1;1;1;1;1;4;5;15;3;3;0,977166822
3146;2;1;1; ;1;1;1;1;2;5;1;2;6;14;2;2;0,977166822
3358;2;1;1; ;1;1;1;1;1;1;3;7;8; ;1;1;0,977166822
25489;2;1;1; ;1;1;1;1;1;1;3;4;8;15; ; ;0,977166822
25507;2;1;1; ;1;1;1;1;1;1;1;6;6; ;1;1;0,977166822
25515;2;1;1; ;1;1;1;1;1;1;1;4;5;17;3;3;0,977166822
25518;2;1;1; ;2;1;1;1;2;1;1; ; ;16; ;4;0,977166822
25532;2;1;1; ;1;1;1;1;4;7;1; ;4;15; ;3;0,977166822
25536;2;1;1; ;1;1;1;1;2;6;1;9;7; ;1;1;0,977166822
25564;2;1;1; ;2;1;1;1;2; ;3;8;8; ;5;1;0,977166822
25575;2;1;1; ;1;1;1;1;1;1;3;5;8;15;1;1;0,977166822
25592;2;1;1; ;1;1;1;1;1;1;1;4;4;15;4;4;0,977166822
25597;2;1;1; ;1;1;1;1;1;1;1;4;5;14;2;5;0,977166822
25604;2;1;1; ;1;1;2;1;1;1;1;4;4;16;2;2;0,977166822
25606;2;1;1; ;1;1;1;1;1;1;1;3;4;16;3;3;0,977166822
25609;2;1;1; ;1;1;1;1;2;1;1;6;6;15;4;3;0,977166822
25622;2;1;1; ;2;1;1;1;1;5;1;8;5;10;5;2;0,977166822
25638;2;1;1; ;1;1;1;1;1;1;3;4;8;16;4;4;0,977166822
25650;2;1;1; ;1;1;1;1;1;1;1;4;4;13; ; ;0,977166822
25672;2;1;1; ;1;1;1;1;1;1;1;6;6;16;2;2;0,977166822
25682;2;1;1; ;1;1;1;1;2;1;1;4;6; ;3; ;0,977166822
25687;2;1;1; ;1;1;1;1;1;1;3;4;8; ;5;1;0,977166822
25695;2;1;1; ;1;2;1;1;1;1;1;3;5;14;4;4;0,977166822
25699;2; ;1; ;1;1;1;1;1;5;1; ;6;11;4;4;0,977166822
25708;2;1;1; ;1;1;1;1;2;1;4;7;8;15;3;3;0,977166822
25718;2;1;1; ;1;1;1;2;2;1;1; ;6;15;3;3;0,977166822
25732;2;1;3; ;1;1;1;1;1;1;1;4;4;13;1;2;0,977166822
25814;2;1;1; ;1;1;1;1;1;2;1;8;4;15;4;3;0,977166822
25817;2; ;1; ;2;1;1;1;1;1;3;6; ; ;1;1;0,977166822
25821;2;1;1; ;2;2;1;5;1;1;1;2;6;15;3;1;0,977166822
25904;2; ;1; ;1;1;1;1;1;1;3;3;9; ;5;1;0,977166822
25927;2;1;1; ;2;2;2;1;1;1;3;7;8; ;4;1;0,977166822
25965;2;1;1; ;2;1;1;1;1;1;1;2;6; ;1;1;0,977166822
25967;2;1;1; ;2;2;2;1;1;1;1;2;6;15;2;2;0,977166822
25983;2;1;1; ;1;1;1;1;2;1;1;4;6;14;4;5;0,977166822
25994;2; ;1; ;2;1;2;1;2;1;1;6; ;16; ; ;0,977166822
26003;2; ;1; ;1;1;1;1;4;1;7;2;9;16;4;3;0,977166822
26949;2;1;1; ;1;1;1;1;2;1;1;7;6;16;2;2;0,977166822
26960;2;1;1; ;2;1;1;1;1;1;2;2; ; ;1;1;0,977166822
26979;2;1;1; ;1;1;1;1;1;1;1;7;4;16;4;1;0,977166822
26986;2; ;1; ;1;1;1;3;5;7;7;9;9;14; ; ;0,977166822
28695;2;1;1; ;2;1;1;1;1;1;3;6; ; ;1;1;0,977166822
28696;2;1;1; ;1;1;1;1;2;1;1;2;6;13;5;4;0,977166822
28702;2;1;1; ;1;1;1;1;1;1;1;6;6;14;1;1;0,977166822
28707;2; ;1; ;1;1;1;1;1;1;1;4;5;15;2;2;0,977166822
28734;2;1;1; ;2;1;1;1;1;1;3;7;8; ; ; ;0,977166822
28736;2;1;1; ;1;1;1;1;2;1;1;4;4;16;1;3;0,977166822
28747;2;1;1; ;1;1;1;1;1;1;1; ; ;15; ; ;0,977166822
28753;2;1;1; ;1;1;1;1;2;1;1;4;5;15;4;4;0,977166822
32543;2;1;1; ;1;1;1;1;1;1;3;6;8; ;1;1;0,977166822
32553;2;1; ; ;1;1;1;1;2;1;1;6;6;10; ;2;0,977166822
32555;2;1;1; ;2;1;2;1;1;1; ;9;6; ;5; ;0,977166822
32560;2;1;1; ;1;1;1;1;1;1;3;4;4;8;5;5;0,977166822
32565;2;1;1; ;1;1;1;1;1;1;1;6;6;14;5;5;0,977166822
32753;2;1;1; ;1;1;1;1;1;1;1;7;6; ;5;5;0,977166822
32779;2;1;1; ;1;1;1;1;1;1;1;2;3;7;1;2;0,977166822
32792;2; ;1; ;2;1;1;1;1;1;1;2;2;16;3;1;0,977166822
32793;2;1;1; ;2;2;3;1;4;1;7;2;9;10;3; ;0,977166822
32794;2;1;1; ;1;1;1;1;1;1;1;4;5; ;2;2;0,977166822
32795;2; ;1; ;2;1;2;1;4;7;1;9;4;14; ;4;0,977166822
32797;2;1;1; ;2;2;2;1;2;1;1;7;4;12;5;2;0,977166822
32799;2;1;1; ;2;1;1;1;1;1;1; ; ;14;5;4;0,977166822
34064;2;1;1; ;1;1;1;1;1;1;1;4;4;17;1;4;0,977166822
34068;2;1;1; ;1;1;1;1;2;1;1; ;6;16;2; ;0,977166822
34085;2;1;1; ;1;1;1;1;1;1;1; ;6;16;5;5;0,977166822
34093;2;1;1; ;1;1;1;1;1;1;1;3;6; ;4;5;0,977166822
34105;2;1;1; ;1;1;1;1;1;1;1;4;4;15;4;5;0,977166822
34132;2;1;1; ;1;1;1;1;1;1;3;4;8;6;4;4;0,977166822
34139;2;1;1; ;1;1;1;1;2;4;1;6;6;16;5;2;0,977166822
34216;2; ;1; ;1;1;1;1;2;1;1;7;6; ;1;1;0,977166822
34225;2;1;1; ;1;1;1;1;1;1;1;4;5;15;4;4;0,977166822
34257;2;1;1; ;1;1;1;1;1;1;1;4;5;15;5;5;0,977166822
34258;2;1;1; ;1;1;2;1;1;1;1;4;5; ;1;1;0,977166822
34272;2;1;1; ;1;1;1;1;2;7;1;9;4;14; ;1;0,977166822
34570;2;1;1; ;1;1;1;1;2;1;1;4;4; ;4;4;0,977166822
34572;2;1;1; ;1;1;1;1;2;1;1;2;4;16; ; ;0,977166822
34586;2;1;1; ;1;1;1;1;1;1;1;2;4;15;4;4;0,977166822
34587;2;1;1; ;2;1;1;1;2;1;1;2;5;15;1;2;0,977166822
34588;2;1;1; ;1;1;1;1;2;1;3;2;8;14;1;4;0,977166822
34624;2;1;1; ;1;1;1;1;1;1;1;7;6;12;5;1;0,977166822
34626;2;1;1; ;1;1;1;1;1;1;1;4;5; ;1;1;0,977166822
34629;2;1;1; ;1;2;2;1;2; ;1; ;4;14; ;1;0,977166822
34651;2;1;1; ;1;1;2;1;1;1;1;4;6;15;4;4;0,977166822
34675;2;1;1; ;1;1;1;1;1;1;1;4;4;16;2;2;0,977166822
34683;2;1;1; ;1;1;1;1;2;1;1;6;6;14;2;2;0,977166822
34686;2;1;1; ;1;1;1;1;1;1;1;4;6; ;2;2;0,977166822
34696;2;1;1; ;1;1;1;1;1;1;1;2;6;10;3;2;0,977166822
34698;2; ;1; ;1;1;1;1;1;1;1;3;4; ;5;2;0,977166822
34705;2;1;1; ;1;1;1;1;1;1;1;4;5;14;4;4;0,977166822
34714;2; ;1; ;1;1;2;1;1;1;1;6;6;16;4;3;0,977166822
34733;2;1;1; ;1;1;1;1;1;2;1;8;6;12;4;4;0,977166822
34744;2;1;1; ;1;1;1;1;1;1;1;4;5;10;4;4;0,977166822
34745;2;1;1; ;1;1;1;1;1;1;1;7;6;13;5;2;0,977166822
34752;2; ;1; ;1;1;1;1;1;1;1;6;6;16;2;1;0,977166822
34754;2;1;1; ;1;1;2;1;2;1;1;4;6;16;2;2;0,977166822
34760;2;1;1; ;1;1;1;1;1;1;1;3;4;15;3;1;0,977166822
34772;2;1;3; ;1;1;1;1;2;1;1;2;4;14;1;2;0,977166822
34774;2;1;1; ;2;1;1;1;1;1;1;6;6;15;3;2;0,977166822
34843;2;1;1; ;1;1;1;1;2;1;1; ; ;11;1;2;0,977166822
34860;2;1;1; ;1;1;1;1;1;1;1;7;6; ;1;1;0,977166822
34866;2;1;1; ;1;1;1;1;1;1;5;5; ;14;2;1;0,977166822
34910;2;1;1; ;1;1;1;1;1;1;3;4;8;13;4;3;0,977166822
34911;2;1;1; ;1;1;1;1;1;1;1;4;4;15;2;1;0,977166822
34974;2;1;1; ;1;1;1;1;2;1;1;4;6;13;4;1;0,977166822
34994;2;1;1; ;1;1;1;1;1;1;1;4;5;15;4;4;0,977166822
35264;2;1;1; ;2;1;1;1;2;1;1; ;6;16;4;3;0,977166822
35278;2;1;1; ;2;1;2;1;1;5;1;7;6;15;4;4;0,977166822
35288;2;1;2; ;1;1;2;2;2;1;1;7;6;14;4;2;0,977166822
35298;2;1;1; ;1;1;1;1;1;1;1;6;6; ;1;1;0,977166822
44968;2;1;1; ;2;2;1;1;1;1;1;2;2;10;4;3;0,977166822
44989;2; ;1; ;2;1;1;2;1;1;1; ; ;12;5;5;0,977166822
44995;2;1;1; ;2;1;2;1;1;1;4;3;5; ;5;1;0,977166822
45006;2; ;1; ;1;1;1;1;1;1;1;4;4;15;2;2;0,977166822
45021;2;1;1; ;1;1;1;1;1;1;1; ; ; ;2;2;0,977166822
45026;2;1;1; ;1;1;1;1;2;1;2;6;6;17;3;3;0,977166822
45032;2;1;1; ;1;1;1;1;1;1;3;4;6; ;4;4;0,977166822
45038;2;1;1; ;1;1;1;1;5;1;1;6;6;16;2;2;0,977166822
45399;2;1;1; ;2;1;1;1;1;1;1; ; ; ;1;1;0,977166822
45416;2;1;1; ;1;1;1;1;2;1;1;4;4;13;2;2;0,977166822
45428;2;1;1; ;1;1;1;1;1;1;1;6;6;15;4;4;0,977166822
2234;2;1;1; ;1;1;1;1;2;1;1;6;6;19;5;2;0,977581884
2239;2;1;1; ;2;1;2;2;1;1;1;7; ;16;3;3;0,977581884
2242;2;1;1; ;1;1;1;1;1;1;1;6;6;16;3;2;0,977581884
2245;2;1;1; ;1;2;2;1;1;1;1;7;7;16;2;1;0,977581884
2258;2;1;1; ;1;1;1;1;2;1;1;6;5;14;2;4;0,977581884
2271;2;1;1; ;1;1;1;1;2;1;2;5;8;16;4;4;0,977581884
4920;2;1;1; ;1;1;1;2;2;1;1;7;5;7;4;2;0,977581884
21245;2;1;1; ;2;2;2;1;2;1;1;1;4;10;2;1;0,977581884
27681;2;1;1; ;1;1;1;1;1;1;1;7;7;16;4;4;0,977581884
27682;2;1;1; ;2;1;1;1;2;1;2;6;8;14;3;3;0,977581884
27699;2;1;1; ;1;1;1;1;2;1;1;5;5;16;4;4;0,977581884
27709;2; ;1; ;2;1;1;1;1;1;1;7;7;15;1;1;0,977581884
37052;2; ;1; ;1;1;1;1;2;1;1;1; ;15;2;2;0,977581884
21351;1;1;1; ;1;1;1;2;1;1;1;3;6; ;4;4;0,977593936
23781;1;1;1; ;1;1;1;1;1;1;1;7;7;12;4;4;0,977630058
3085;2;1;1; ;1;2;2;1;2;7;4;9;6;10; ;2;0,977989584
25399;2; ;1; ;2;1;2;1;1;1;1;6;6; ;1;1;0,977989584
25401;2;1;1; ;1;1;2;1;1;1;1;4;4;13;2;2;0,977989584
25405;2;1;1; ;1;1;1;1;1;1;1;4;4;10;1;1;0,977989584
25415;2;1;1; ;1;1;2;1;1;1;1;3;6; ;3;3;0,977989584
25416;2;1;1; ;1;1;1;1;1;1;1;6;4; ;1;1;0,977989584
25420;2;1;1; ;1;1;1;1;2;1;1;6;6;15;3;3;0,977989584
25428;2;1;1; ;1;1;1;1;2;1;1;5;4;18;1;1;0,977989584
25430;2; ;1; ;2;2;2;1;1;1;1; ;5;16;4;3;0,977989584
25445;2;1;1; ;1;1;1;1;2; ;1;9;5;16; ;2;0,977989584
25459;2;1;1; ;1;1;1;1;1;2;4;8; ; ;2;1;0,977989584
25465;2; ;1; ;1;1;1;1;1;1;1;4;4; ;1;1;0,977989584
25473;2;1;1; ;2;1;2;1;1;1;1;4;6; ;1;1;0,977989584
25477;2;1;1; ;1;1;1;1;1;1;1;6;6; ;1;1;0,977989584
25570;2;1;1; ;1;2;2;1;1;1;1;6;6;15;1;2;0,977989584
25581;2;1;1; ;1;1;1;1;1;1;1;6;6; ;1;1;0,977989584
25595;2; ;1; ;1;1;1;1;2;5;4;8;8; ;1;1;0,977989584
25613;2;1;1; ;1;1;1;1;1;1;1; ; ;15;3;3;0,977989584
25641;2;1;1; ;1;1;1;1; ;7;1;9;8;12; ;5;0,977989584
25673;2;1;1; ;1;1;1;1;1;1;1;7;6;16;4;4;0,977989584
25685;2;1;1; ;1;1;1;1;1;1;1;4;6; ;5; ;0,977989584
25691;2;1;1; ;1;1;1;1;1;1;1;7;6; ;1;1;0,977989584
25982; ;1;1; ;1;1;1;1;1;5;1;9;6;13;4;4;0,977989584
26413;2; ;1; ;1;1;1;1;1;1;1;3;4; ;1;1;0,977989584
26416;2;1;3; ;1;2;3;1;2;1;1;7;6;16;2;1;0,977989584
26429;2; ;1; ;1;1;1;1;2;7;1;9;4;9; ;4;0,977989584
26431;2;1;1; ;2;2;2;1;1;2;1; ;5; ;1;1;0,977989584
26442;2;1;1; ;1;1;1;1;1;1;1;6;4;15;2;2;0,977989584
26451;2;1;1; ;2;1;1;1;1;5;1; ;6;15;2;2;0,977989584
26478;2;1;1; ;1;1;2;1;4;1;7;4;9;11; ; ;0,977989584
28211;2;1;1; ;1;1;1;1;1;1;3; ; ; ;1;1;0,977989584
28231;2;1;1; ;1;1;1;1;2;1;1;2;5;15;3;1;0,977989584
28238;2;1;1; ;1;1;1;1;1;1;1;2;6;15;2;2;0,977989584
28242;2;1;1; ;1;1;1;1;1;1;3;7;8; ;1;1;0,977989584
28247;2;1;1; ;1;1;1;1;1;1;1;4;4;9;4;4;0,977989584
28248;2;1;1; ;1;1;1;1;2;1;1;4;4;15;2;2;0,977989584
28257;2; ;1; ;2;1;1;1;1;1;1;3;3;15;1;1;0,977989584
28259;2;1;1; ;2;1;1;1;2;1;1;6;6;12;4;5;0,977989584
28264;2;1;1; ;1;1;1;1;1;1;1;6;6; ;1;1;0,977989584
28270;2;1;1; ;1;1;1;1;1;1;3;6;8; ;1;1;0,977989584
28276;2; ;1; ;2;1;2;1;1;1;1;6;6;16;3;3;0,977989584
28279;2;1;1; ;1;1;1;1;2;1;1;4;6;16;3;3;0,977989584
28280;2;1;1; ;1;1;1;1;2;1;1; ; ;14;2;1;0,977989584
28777;2; ;1; ;2;2;2;1;1;6;1; ;6; ;1; ;0,977989584
28789;2;1;1; ;1;1;1;1;1;1;4;2;6;14;3;1;0,977989584
28791;2;1;1; ; ;3;3;1;1;2;1; ; ; ; ; ;0,977989584
28794;2;1;1; ;1;1;1;1;1;3;1;7;6; ;2;1;0,977989584
28805;2;1;1; ;1;1;1;1;1;1;1;7;7; ;1;1;0,977989584
28809; ;2; ;2;1;2;3;1;4;7;3;9;8; ; ;1;0,977989584
28854;2;1;1; ;1;1;1;1;1;1;1;7;6;13;5;4;0,977989584
33983;2;1;1; ;1;1;1;1;1;1;3;6;9; ;1;1;0,977989584
33992;2; ;1; ;1;1;1;3;2;1;2;6; ; ;2;2;0,977989584
34280;2;1;1; ;2;1;1;1;1;1;1;7;6; ;5;5;0,977989584
34281;2;1;1; ;1;1;1;1;1;1;1;2;2;15;4;2;0,977989584
34287;2;1;1; ;2;2;3;1;1;1;1;2;6;6;3;3;0,977989584
34296;2;1;1; ;1;1;1;1;1;1;1;6;6; ;1;1;0,977989584
34303;2;1;1; ;1;1;2;1;4; ;1;9;7; ;2;1;0,977989584
34307;2;1;1; ;1;1;1;1;1;1;1;4;4;13;2;2;0,977989584
34309;2;1;1; ;1;1;1;1;1;2;1;8;6;15;3;3;0,977989584
34316;2;1;1; ;1;1;1;1;2;1;2;6; ;17;5;1;0,977989584
34332;2;1;1; ;1;1;1;1;1;1;1;5;5;17;4;4;0,977989584
34335;2;1;1; ;1;1;1;1;1;1;1;5;5;16;1;1;0,977989584
34350;2;1;1; ;1;1;1;1;1;1;3; ;8;16;3;1;0,977989584
34356;2;1;1; ;1;1;2;1;1;1;4;7;9;16;5;1;0,977989584
34367;2; ;1; ;1;2;2;1;1;1;1;2;4; ;1;1;0,977989584
34371;2; ;1; ;1;1;1;1;1;1;1;2;6; ;1;1;0,977989584
34377;2;1;1; ;1;1;1;1;1;1;1;7;5;14;4;4;0,977989584
34381;2;1;1; ;2;1;1;1;2;1;1;4;4;15;4;4;0,977989584
34394;2;1;1; ;1;1;1;1;1;1;1;4;5;15;3;3;0,977989584
34397;2;1;1; ;1;1;1;1;1;1;3;2;8;17;4;1;0,977989584
34427;2;1;1; ;1;1;2;1;1;5;3; ; ; ;1;1;0,977989584
34432;2;1;1; ;1;1;2;1;1;1;1; ;6;15;3;3;0,977989584
34468;2;1;1; ;2;1;1;1;2;1;1;6;6;15;4;4;0,977989584
34477;2;1;1; ;1;1;1;1;1;5;3; ;8; ;1;1;0,977989584
34481;2; ;1; ;1;1;1;1;1;2;3;8;8; ;1;1;0,977989584
34489;2;1;1; ;2;1;1;1;2;1;1; ; ;15;4;1;0,977989584
34532;2;1;1; ;2;2;3;1;1;1;1;2;5;17;1;2;0,977989584
34551;2;1;1; ;2;1;1;1;1;1;1;7;6;15;2;2;0,977989584
34555;2;1;1; ;2;2;2;1;2;1;1;5;6;15;3;3;0,977989584
34558;2;1;1; ;1;1;1;1;1;1;1;4;4;14;4;4;0,977989584
34584;2;1;1; ;1;1;1;1;2;1;1;6;6;14;4;3;0,977989584
34585;2;1;1; ;2;2;2;1;1;1;2;6;8; ;2;1;0,977989584
34653;2;1;1; ;1;1;1;1;1;1;3;5;8; ;1;1;0,977989584
34658;2;1;1; ;2;1;1;1;1;5;1; ;7; ;1;1;0,977989584
34679;2;1;1; ;1;1;2;1;1;1;1;7;7;16;5;4;0,977989584
34751;2;1;1; ;1;1;1;1;2;1;1;2;4;11;4;1;0,977989584
34766;2;1;1; ;1;1;1;1;2;1;2;4;8; ;1;1;0,977989584
34925;2; ;1; ;1;1;1;1;1;1;1;6;6;15;1;1;0,977989584
34954;2;1;1; ;2;1;1;1;4;1; ;7; ; ;5;1;0,977989584
34958;2;1;1; ;1;1;1;1;1;1;4;6;8; ;1;1;0,977989584
34959;2;1;1; ;2;2;3;1;1;1;1;7;7;15;4;1;0,977989584
35009;2;1;1; ;2;1;1;2;2;4;1;6;6;14;5;1;0,977989584
35019;2;1;1; ;1;1;1;1;1;1;3;4;8;15;1;1;0,977989584
35025;2;1;1; ;2;1;1;1;1;1;1;6;6; ;5;2;0,977989584
35286;2;1;1; ;2;1;1;1;1;1;2;4;8;16;2;2;0,977989584
35300;2;1;1; ;1;1;1;1;1;1;1;7;4; ;1;1;0,977989584
35307;2;1;1; ;1;1;1;1;1;1;1;6;6;15;5;5;0,977989584
41630;2;1;1; ;1;1;1;1;2;1;2;7;6; ;3;1;0,977989584
41641;2;1;1; ;1;1;1;1;1;1;1;6;5;10;5;5;0,977989584
41661;2;1;1; ;2;1;1;1;1;1;1;4; ; ;3;3;0,977989584
41700;2;1;1; ;1;1;1;1;2;1;1;5;5;16;5;1;0,977989584
41703;2;1;1; ;1;1;1;1;1;1;4;3;3;17;1;1;0,977989584
41706;2;1;1; ;2;1;1;1;4;7;1;9;6; ;1;1;0,977989584
41707;2;1;1; ;1;1;1;1;1;1;1;4;4;15;4;4;0,977989584
41708;2;1;1; ;1;1;1;1;1;1;1; ; ; ;1;2;0,977989584
26414;1;1;1; ;1;3;3;1;1;1;1;4;3;13;1;1;0,979309376
28229;1;1;1; ;1;1;2;1;4;7;1;9;4;13; ;1;0,979309376
2837;2;1;1; ;1;1;1;1;2;1;1;2;7;16;4;2;0,980500884
22520;2;1;1; ;1;1;1;2;1;1;1;4;4;10;4;4;0,980500884
28110;2;1;3; ;1;1;1;2;1;1;2;3;8;15; ; ;0,980500884
37137;2;1;1; ;1;2;1;1;1;1;1;7;6;14;4;4;0,980500884
2140;1;1;2; ;1;1;1;1;2;1;3;3; ;14;1;1;0,980748306
2381;1;2; ;3;2;2;2;3;4;7;1;9;6;16;1;1;0,980748306
2385;1; ;1; ;2;1;1;1;2;1;1;6;6;17;1;1;0,980748306
2386;1; ;2; ;2;3;2; ;1;3;3;8;8;15;3;1;0,980748306
10416;1;1;1; ;1;1;1;1;4;7;1;9;5;12;1;1;0,980748306
15064;1;1;1; ;1;1;1;1;1;1;4;4;4;11;4;4;0,980748306
15082;1;1;1; ;1;1;2;1;2;1;1;6;6; ;5;1;0,980748306
15092;1;1;1; ;2;1;1;1;2;1;1;2;2;15;5;4;0,980748306
16369;1; ;1; ;1;1;2;1;1;1;1;2;5;16;4;4;0,980748306
16372;1;1;1; ;1;2;1;1;4;7;1;9; ;15;1;1;0,980748306
27938;1;1;2; ;2;1;2;1;4;1;7;7;9;15;4; ;0,980748306
27963;1;1;1; ;1;1;1;1;1;1;1;2;5;17;2;2;0,980748306
28004;1;2; ;2;1;1;1;1;4;1;7;6;9;13;4; ;0,980748306
28031;1;1;1; ;1;1;1;1;1;1;1;6;6;14;1;1;0,980748306
33745;1;2; ;2;2;1;1;1;2;2;3;8;8;14;1;1;0,980748306
10550;1;1;1; ;1;1;1;1;1;1;1;4;6;13;4;3;0,980796153
14492;1;1;2; ;2;2;2;1;1;1;1;6;6;15;2;2;0,980796153
14512;1; ;1; ;1;1;2;1;4; ;1; ;6;14; ;4;0,980796153
20487;1;1;1; ;2;1;1;1;1;1;1;7;6;15;2;2;0,980796153
39105;1;2; ;2;2;1;1;1;1;1;1;6;6;15;3;3;0,980796153
39116;1;1;1; ;1;1;3;1;1;2;2;7;6;15;4;4;0,980796153
40674;1;2; ;2;2;1;1;2;2;1;2;7;8;16;5;3;0,980796153
42780;1;1;1; ;1;2;2;1;1;1;1;8;8;16;1;2;0,980796153
42793;1;1;1; ;1;1;1;1;1;2;1;8;2;14;3;3;0,980796153
1216;1; ;1; ;1;1;1;1;1;1;1;5;6;13;1;1;0,980964787
1245;1; ;1; ;1;1;1;1;2;1;2;6;8;16;2;1;0,980964787
1252;1;1;1; ;2;2;2;1;1;1;1;7;5; ;2;2;0,980964787
20526;1;1;1; ;1;1;1;1;1;1;1;7;7; ;1;1;0,980964787
20535;1;1;1; ;2;1;2;1;1;1;1;7;7; ;1;1;0,980964787
20544;1;1;1; ;2;1;2;1;1;2;2;1;6; ;1;1;0,980964787
20547;1;1;1; ;2;1;2;1;1;1;1;6;2;15;2;2;0,980964787
22463;1;1;1; ;1;1;1;1;2;1;1;1;7;14;1;1;0,980964787
22469;1;1;1; ;2;1;1;1;1;1;1;7;7;15;4;4;0,980964787
22475;1;1;1; ;1;1;1;1;1;1;1;7;5;1;1;3;0,980964787
22478;1;1;1; ;1;1;1;1;1;1;5; ;8;16;5;2;0,980964787
22485;1;1;1; ;1;2;2;1;1;1;1;2;5;9;4;4;0,980964787
22493;1;1;2; ;2;2;2;1;1;1;1;6;6;16; ;1;0,980964787
22497;1;1;1; ;2;1;2;1;2;1;1;7;7;16; ; ;0,980964787
22505;1;1;1; ;1;1;1;1;2;1;1;6;6;15;4;4;0,980964787
30071;1;1;1; ;1;1;2;1;1;1;1;2;7;13;3;2;0,980964787
30077;1;1;1; ;1;1;2;1;1;1;1;2;6;16;2;1;0,980964787
30082;1;1;1; ;1;1;1;1;1;1;1;4;7; ;1;1;0,980964787
30111;1;1;1; ;1;2;2;1;1;1;1;7;5; ;5;5;0,980964787
30112;1;1;3; ;1;1;1;1;1;1;1;2;6;14;4;4;0,980964787
35996;1;1;1; ;2;2;1;1;1;4;1;6;5;15;4;4;0,980964787
36001;1;1;1; ;1;1;1;1;2;4;1;8;5; ;1;2;0,980964787
36036;1;1;1; ;1;1;2;1;2;1;1;7;7; ;5;5;0,980964787
12832;1;1;1; ;1;1;1;1;1;1;1;3;6;15;3;2;0,981143385
12902;1;1;1; ;1;1;1;1;1;1;1;4;6;15;4;4;0,981143385
13466;1; ;1; ;2;1;2;2; ; ;1; ; ;15; ;5;0,981143385
13469;1;1;1; ;1;1;1;1;1;1;1;2;6;16;4;4;0,981143385
13473;1;1;1; ;1;1;2;1;2;1;1;4;6;16;2;2;0,981143385
13481;1;1;1; ;2;1;1;1;2;1;1;4;6; ;3; ;0,981143385
13487;1;1;1; ;2;2;2;1;2;1;1;4;6;13; ; ;0,981143385
25555;2;1;1; ;1;1;1;1;1;1;1;3;4;7;3;3;0,981411313
25600;2;2; ;4;2;1;1;1;2;4;3;7;8;16;5;1;0,981411313
25614;2;1;1; ;2;1;2;1;1;1;1;4;2;14;3;3;0,981411313
25679;2; ;1; ;1;1;1;1;2;1;1;4;4;15;5;5;0,981411313
25693;2;1;1; ;1;1;1;1;1;1;1;4;4;14;3;3;0,981411313
25871;2;1;1; ;1;1;1;1;1;1;1;4;4;13;4;2;0,981411313
26988;2;1;1; ;2;1;2;1;1;5;3;8;8;16;1;1;0,981411313
32570;2;1;1; ;1;2;1;2;1;1;1;7;6;16;1;2;0,981411313
32763;2;1;1; ;1;1;2;1;1;1;1;3;6;15;5;1;0,981411313
32786;2; ;1; ;1;1;1;1;1;1;1;4;5;15;5;5;0,981411313
34024;2;1;1; ;2;1;1;1;1;1;1;4;5;13;4;4;0,981411313
34054;2;1;1; ;1;1;1;1;1;1;1;4;4;12;1;1;0,981411313
34100;2;1;1; ;1;1;1;1;1;1;1;4;5;15;5;5;0,981411313
34158;2;1;1; ;1;1;2;1;2;1;1;6;2;14;5;1;0,981411313
34244;2;1;1; ;1;1;2;1;2;1;1;7;6; ;4;4;0,981411313
34614;2; ;1; ;2;1;1;1;1;1;1; ; ;15;3;3;0,981411313
34663;2;1;1; ;2;1;2;1;1;2;1;8;6;14;2;2;0,981411313
34724;2;1;1; ;1;1;2;1;1;1;1;7;6;17;3;3;0,981411313
34729;2;1;1; ;1;1;1;1;2;7;1;9;4;14; ;3;0,981411313
35276;2;1;1; ;1;2;2;1;1;1;1; ; ;16;3;1;0,981411313
35292;2;1;1; ;1;1;1;1;1;1;1;4;6;13;5;4;0,981411313
45448;2;1;1; ;1;2;1;1;1;1;1;2;5;15;5;5;0,981411313
14484;1;1;1; ;2;1;1;1;1;1;1;6;6;14; ; ;0,981446803
15780;1;1;2; ;1;1;1;1;4;1;7;7;9;14; ; ;0,981446803
21370;1;1;1; ;1;1;1;1;2;5;1;6;2;10;4;4;0,981446803
28193;1;1;1; ;1;1;1;1;1;1;1;1;5;7; ; ;0,981446803
2237;2;2; ; ;2;1;2;1;1; ; ;2;8;15;2; ;0,981828179
21644;2;1;1; ;1;1;1;1;1;1;1;6;2;12;4;2;0,981828179
27683;2;1;1; ;2;1;2;1;1;1;1;2;2;14;3;2;0,981828179
27688;2;1;1; ;1;1;1;1;2;1;1;6;6;16;5;5;0,981828179
27691;2;2; ;1;2;1;3;1;1;1;3; ;8;12;2;2;0,981828179
27704;2;1;1; ;1;1;1;1;1;4;1;6;6;15;5;5;0,981828179
297;2;1;2; ;2;2;1;3;1;1; ; ; ; ; ; ;0,981834086
312;2;1;1; ;1;1;1;1;2;5;1;4;4;15;5;3;0,981834086
23820;1; ; ;1;1;1;1; ; ;1;6;6; ;16;2;2;0,981876562
36428;1; ;1; ;2;1;1;1;2; ;2; ;8;17;1;1;0,981899542
36464;1;1;1; ;2;1;1;1;2;1;1;3;6;13;5;5;0,981899542
25412;2;1;1; ;1;1;2;1;2;7;1;9;3;16; ;5;0,982237649
25437;2;1;1; ;2;1;1;1;1;1;1;6;6;10;4;4;0,982237649
25646;2;1;1; ;2;1;2;1;1;1; ;1;8;17;1;1;0,982237649
25714;2; ; ;4;2;1;1;1;2;1;3;2;8; ;3; ;0,982237649
26399;2;1;1; ;1;1;1;1;4;1; ;4;9;13;4; ;0,982237649
26403;2;1;1; ;1;1;1;1;2;1;1;6;6;15;5;2;0,982237649
26444;2; ;1; ;1;1;1;1;1;1;1;5;6;14;4;3;0,982237649
26455;2;1;1; ;1;1;2;1;1;1;1;5;5;15;5;2;0,982237649
26461;2;1;1; ;1;1;1;1;2;2;4;7;6;10;2;2;0,982237649
28220;2;1;1; ;1;2;3;1;2;1;1;7;6;13;4;5;0,982237649
28239;2;1;1; ;1;1;1;1;1;5;1; ; ;16;5;2;0,982237649
28803;2; ;1; ;2;2;2;1;2;5;1;3;6;16;1;1;0,982237649
28850;2;1;1; ;1;1;1;1;2;1;1;2;5;16;4;1;0,982237649
34362;2;1;1; ;1;1;2;1;1;1;1;6;6;16;5;4;0,982237649
34436;2; ;1; ;2;2;1;1;2;1;1; ; ;15;5;4;0,982237649
34458;2; ;1; ;2;1;2;1;1;1;1;6;6; ;1;1;0,982237649
34463;2; ;2; ;2;1;2;1;1;1;1; ;6;15;2;2;0,982237649
34718;2;1;1; ;1;1;1;1;2;6;1;8;4;15;1;2;0,982237649
35309;2;1;1; ;1;1;2;1;1;1;1;2;2;17;2;1;0,982237649
41632;2; ;1; ;1;2;1;1;2;1;1;4;3;14;4;4;0,982237649
41690;2;1;1; ;1;1;1;1;1;1;1;6;5; ;5;5;0,982237649
2510;1;1;1; ;2;2;1;1;2;1;1;2;6;14; ; ;0,982270214
23791;1;1;1; ;1;1;1; ;1;1;1;2;5;10;2;2;0,982270214
31381;2;1;1; ;1;1;1;1;2;7;4;9;5;17; ;4;0,984197892
1207;2;1;1; ;1;1;1;1;2;2;1;6;1; ; ; ;0,984592475
39190;2;1;1; ;1;1;2;1;1;1;1; ; ;17;4;4;0,984592475
25568;1;1;1; ;1;1;1;1;2; ;1; ;6;14; ;2;0,984665095
25700;1;1;1; ;1;1;1;1;1;1;1;4;4;10;4;4;0,984665095
25975;1;1;1; ;2;1;2;1;2;7;1;9;6;15;1;2;0,984665095
26984;1;1;1; ;1;1;1;1;1;1;3;4;8;13;4;4;0,984665095
28720;1;1;1; ;2;2;2;1;1; ; ;6; ;14;2; ;0,984665095
28758;1;1;1; ;1;1;1;1;1;1;3;3;4;12;5; ;0,984665095
34694;1;1;1; ;1;1;1;1;1;1;1;4;5;14;5;3;0,984665095
34868;1;1;1; ;1;1;1;1;1;1;1;4;5;15;5;5;0,984665095
35266;1;1;1; ;1;2;2;1;2;1;1;2;2;12; ; ;0,984665095
1235;1;1;1; ;1;1;1;1;1;2;1;8;6;15;1;1;0,985225775
22461;1;1;1; ;1;1;1;1;2;1;1;3;6;13;5;3;0,985225775
30092;1; ;1; ;1;1;1;2;4; ;2; ;8;16; ;1;0,985225775
36008;1;1;1; ;2;1;2;1;1;1;1;6;6;14;2;2;0,985225775
36017;1;1;2; ;1;1;2;1;1;1;1;2;6;15;3;3;0,985225775
4039;2;1;1; ;1;1;1;1;1;1;1;5;4;15;4;4;0,985333305
11531;2;1;1; ;1;1;1;1;1;1;1;6;6;15;2;2;0,985333305
11535;2;1;1; ;2;2;2;1;1;5;4; ;6;15;3;1;0,985333305
11538;2; ;1; ;1;1;1;1;2;1;1;4;5;12;4;2;0,985333305
21721;2;1;1; ;1;1;1;1;1;1;1;1;6;16;5;5;0,985333305
22101;2;1;1; ;2;1;1;1;2;4;4;8;8; ;5;4;0,985333305
33933;2;1;2; ;1;1;1;1;1;1;4;2;1;13;5;1;0,985333305
33934;2;1;1; ;1;1;1;1;1;1;1;6;6;14;4;3;0,985333305
33940;2;1;1; ;1;1;1;1;2;6;1; ;5;12; ;4;0,985333305
33942;2;1;1; ;1;1;1;1;1;1;1;2;6;14;4;4;0,985333305
33964;2;1;1; ;1;1;1;1;1;1;1;2;5;14;2;2;0,985333305
41094;2; ;1; ;1;1;1;3;4;1;7;6;9;15;5; ;0,985333305
41289;2;1;1; ;1;1;1;1;2;1;1;4;6;16;5;2;0,985333305
44232;2;1;1; ;1;1;1;1;2;1;1;6;6;15;2;2;0,985333305
12805;1;1;1; ;2;2;1;1;1;5;1;8;8;15; ; ;0,985405149
12825;1;1;1; ;1;1;1;2;1;1;1;6;2;14;4;4;0,985405149
12831;1; ;1; ;1;1;1;1;4;1;7;4;9;15;5; ;0,985405149
956;2; ; ; ;2;1;1;1;2;4;1;2;5;14;1;1;0,985703664
968;2;1;1; ;1;1;1;1;4;7;3;7;8;16;1;1;0,985703664
27197;2;1;1; ;2;1;1;1;1;1;1;4;5;14;2;1;0,985703664
11487;1;1;1; ;1;1;1;1;1;1;1;4;4;16;3;2;0,986201595
1157;1;1;1; ;2;1;2;1;2;1;1;3;4;16;1;4;0,986272264
2441;1;1;1; ;2;1;1;1;1;1;1;6;5;14;2;2;0,986738097
2464;1;1;1; ;2;1;1;1;1;1;1;7;6;14;2;1;0,986738097
2469;1; ;2; ;1;1;1;1;1;1;1;2;6;13;4;4;0,986738097
2515;1;1;1; ;2;2;1;1;2;1;1; ;5;15; ;5;0,986738097
2517;1;1;1; ;1;2;2;1;1;1;1;3;6; ;5;4;0,986738097
2523;1;1;1; ;1;1;2;1;1;1;1;6;6;14;3;2;0,986738097
2531;1;1;1; ;1;1;2;1;1;1;1;6;6;14;5;5;0,986738097
2534;1;1;1; ;1;1;2;1;1;1;1;5;7;15;3;3;0,986738097
2536;1;1;1; ;2;2;2;1;1;1;1;4;2;13;5;5;0,986738097
2547;1;1;1; ;1;1;1;1;2;1;1;4;4;15;5;5;0,986738097
2548;1;1;1; ;2;2;1;1;1;1; ;6; ; ;3;1;0,986738097
4140;1; ;2; ;1;1;1;1;1;1;1;1;6;15; ; ;0,986738097
7764;1;1;1; ;1;1;1;1;1;1;1;1;5;12;1;1;0,986738097
23756;1;1;1; ;1;1;1;2;2;1;1;1;7;15;3;3;0,986738097
37590;1;1;1; ;2;1;1;1;1;1;1;3;6;14;4;4;0,986738097
37595;1;1;1; ;1;1;1;1;1;1;1;7;6;15;5;3;0,986738097
37599;1;1;1; ;2;1;2;1;1;1;1;7;6;15;5;5;0,986738097
37625;1;1;1; ;1;1;1;1;1;1;1;5;6;14;2;2;0,986738097
37637;1;1;1; ;1;1;1;1;1;1;1;6;6;14;4;4;0,986738097
37650;1;1;1; ;2;1;1;1;1;1;1;6;6;13;3;3;0,986738097
45056;1;1;1; ;2;1;1;1;1;1;1; ;4;14;5;4;0,986738097
45059;1;1;2; ;1;1;1;1;1;1;1;7;7;15;4;4;0,986738097
45063;1;1;1; ;1;1;1;1;1;1;1;2;2;16;3;3;0,986738097
45073;1;1;1; ;1;1;1;1;1;1;1;7;7;15;5;5;0,986738097
28507;2;1;1; ;2;2;2;2;4;7;2;9;2; ; ;4;0,987299554
29354;2;1;1; ;1;1;1;1;5;2;1; ;6;14; ;5;0,987299554
11104;2;1;1; ;1;1;1;1;1;1;1;4;6;15;1;1;0,987423756
17701;1;1;2; ;2;1;1;1;1;1;1; ; ; ; ; ;0,987896663
30958;1; ;1; ;2;1;1;1;2;1;2;7; ; ; ; ;0,988024171
6148;2;1;1; ;1;1;1;1;1;1;4;7;8;14;2;1;0,988472924
6154;2;1;1; ;1;1;1;1;2;1;4;2;8;15;1;3;0,988472924
6949;2;1;1; ;1;1;1;1;1;1;1;4;4;15;4;4;0,988472924
23485;2;2; ;2;1;1;1;1;2;1;1;6;6;15; ;4;0,988472924
23736;2; ;1; ;2;2;2;1;1;2;1;7;6;13;2;2;0,988472924
31307;2;2; ;2;1;1;1;5;2;7;1;9;7;14; ; ;0,988472924
36669;2; ; ;2;2;2; ;4;2;1;3; ; ; ;1;1;0,988472924
22089;1;1;1; ;2;2;2;2;1;1;1;2;6;14;2;2;0,988565472
14385;1;1;1; ;2;1;2;1;2;1;1;3;6;13;4;2;0,98881682
27912;1;2; ;2;1;1;1;1;2;1;1;6; ;15;5; ;0,98881682
3992;2;2; ;2;2;1;2;1;1;1;1;3;6;14; ; ;0,988869221
6964;2;1;1; ;2;2;2;1;1;1;3; ; ; ;2;2;0,988869221
23735;2; ;1; ; ;1;1;1;1;1;1;2;6;12;3;3;0,988869221
3373;1;1;1; ;1;1;1;1;2;1;1;4;4;8;3;4;0,988942157
34890;1;1;1; ;2;1;1;1;1;1;1;2; ;14;3;4;0,988942157
1649;2; ;1; ;1;1;1;1;4; ;1; ;6;15; ;1;0,98926374
11560;2;1;1; ;1;1;1;2;1;1;1;7;1;15;3;2;0,989613269
33931;2;1;1; ;1;1;1;1;2;6;1;8;4;13;3;3;0,989613269
44466;2;1;1; ;1;2;1;1;1;1;1;2;6;15;5;5;0,98963991
3103;1;1;1; ;1;1;1;1;1;1;1;3;6;15;5;5;0,989692604
21642;1; ;1; ;1;1;1;2;1;1;1;4;4;16;4;1;0,989692604
25386;1;2; ;2;2;1;1;1;1;1;3; ;8; ;1;1;0,989692604
25406;1;1;1; ;1;1;1;1;1;1;1;4;5;15;3;3;0,989692604
25411;1;1;1; ;1;1;1;1;2;6;6;8;8;16;1;1;0,989692604
25425;1;1;1; ;1;1;1;1;2;1;1;6;6;15;4;4;0,989692604
25438;1;1;1; ;1;1;1;1;2;1;1;6;6;12;1;3;0,989692604
25443;1;1;1; ;1;1;1;1;1;1;1;5;5;12;5;3;0,989692604
25447;1;1;1; ;1;1;2;3;4;6;7; ;9;15;3;3;0,989692604
25451;1;1;1; ;2;1;1;1;1;1;1;2;6;8;1;1;0,989692604
25454;1;1;1; ;2;1;1;1;1;1;1;4;6;14;4;1;0,989692604
25456;1;1;1; ;1;1;1;1;1;1;1;4;4;15; ; ;0,989692604
25461;1;1;1; ;1;1;1;1;1;1;1;6;6; ;1;1;0,989692604
25466;1; ;1; ;2;1;2;1;1;1;1;6;6;16;2;2;0,989692604
25627;1;1;2; ;1;1;1;1;1;1;1;7;6; ;1;1;0,989692604
25664;1;1;1; ;1;1;1;1;1;1;1;2;6;17;2;2;0,989692604
26410;1; ; ;1;2;1;1;1;2;1;1; ; ;16;1;1;0,989692604
26421;1;1;3; ;1;1;1;2;1;1;3;6;8;15;4;2;0,989692604
26422;1;1;1; ;1;1;1;1;1;1;1;6;6; ;3;2;0,989692604
26443;1;1;1; ;1;1;2;1;1;1;1;6;6;16;2;2;0,989692604
26447;1;1;1; ;1;1;1;1;1;1;1;4;4;15;4;3;0,989692604
26460;1;1;1; ;2;1;1;1;1;1;1;3;8;13;1;1;0,989692604
26466;1;1;1; ;1;1;2;1;2;1;1;4;4;12;3;2;0,989692604
26472;1;1;1; ;1;1;1;1;2;1;1;6;6;13;3;2;0,989692604
28199;1;1;1; ;1;1;1;1;1;1;1;6;6; ;1;1;0,989692604
28203;1;1;1; ;2;1;1;1;2;6;3; ; ; ;1;1;0,989692604
28207;1;1;1; ;1;1;1;1;1;1;2;4;6;8;3;5;0,989692604
28209;1;1;1; ;1;1;1;1;1;1;1;2;2; ; ; ;0,989692604
28215;1;1;1; ;1;1;1;1;1;1;1;7;4;12;4;2;0,989692604
28222;1;1;1; ;1;1;1;1;1;1;1;5;6;16;2;2;0,989692604
28230;1;1;1; ;1;1;1;1;1;1;1;5;6;15;3;1;0,989692604
28253;1;1;1; ;2;2;1;1;1;2;3;6;8; ; ; ;0,989692604
28268;1;1;1; ;1;2;2;1;1;1;3;6;8; ;1;1;0,989692604
28269;1; ;1; ;1;1;1;1;2; ;1; ;2; ; ;1;0,989692604
28285; ;1;2; ;2;1;1;1;1;1;1;2;2;13;3;2;0,989692604
28773;1;1;2; ;2;1;2;1;2;4;1; ;6;12;1;1;0,989692604
28778;1;2; ;2;1;1;2;1;2;1;1;7;5;26;5;4;0,989692604
28779;1;1;1; ;1;1;1;1;1;1;3;4;8; ;3;2;0,989692604
28784;1; ;1; ;1;1;2;1;1;1;2;6; ; ; ; ;0,989692604
28812;1;1;1; ;2;1;1;1;1;1;1;6;6; ;1;1;0,989692604
34027;1;1;1; ;1;1;1;1;1;3;3;8;8; ;1;1;0,989692604
34033;1;1;1; ;1;1; ;1;1;1;1; ; ; ;1;1;0,989692604
34285;1;1;1; ;1;1;1;1;1;5;1;5;4;14;4;2;0,989692604
34304;1;1;1; ;1;2;2;1;1;1;1; ; ;12;4;3;0,989692604
34315;1;1;1; ;1;1;1;1;1;1;4;2; ;17;5;4;0,989692604
34323;1;1;1; ;1;1;1;1;1;1;3;7;8; ;1;1;0,989692604
34326;1;1;1; ;1;1;1;1;2;1;3;3;4;13;5;3;0,989692604
34340;1;1;1; ;2;1;1;1;4;7;1;9;5;16;1;1;0,989692604
34348;1;1;1; ;2;1;1;1;2;1;1; ;6; ; ;2;0,989692604
34353;1;1;1; ;1;1;1;1;1;1;1;6;6; ;1;1;0,989692604
34355;1;1;1; ;1;1;1;1;1;1;3;7;8;10;1;1;0,989692604
34364;1;1;1; ;2;1;1;1;2;1;1;7;6;15;2;2;0,989692604
34368;1;1;1; ;1;1;1;1;1;1;1; ; ; ;1;1;0,989692604
34374;1; ;1; ;1;1;1;1;2;1;1;4;4;12;2;4;0,989692604
34384;1;1;1; ;1;1;1;1;1;1;1;4;4;16;4; ;0,989692604
34388;1;1;1; ;1;1;1;1;1;1;1;4;4;17;2;2;0,989692604
34398;1;1;1; ;1;2;2;1;2;1;1;6;6; ;1;1;0,989692604
34399;1;1;1; ;1;1;2;1;1;1;3;7;8; ;1;1;0,989692604
34411;1;1;1; ;1;1;2;1;2;1;1;4;3;14;4;4;0,989692604
34412;1;1;1; ;1;1;2;1;1;1;1;7;2;15;5;2;0,989692604
34413;1;1;1; ;1;1;1;1;1;1;1;4;6;14;5;4;0,989692604
34420;1;1;1; ;1;1;1;1;1;1;3;6;8; ;4;1;0,989692604
34425;1; ;1; ;2;2;2;1;1;2;3; ; ; ;1;1;0,989692604
34440;1;1;1; ;1;1;1;1;1;1;1;7;6; ;1;1;0,989692604
34444;1;1;1; ;1;1;1;1;1;4;1;4;2;16;2;4;0,989692604
34454;1;1;1; ;2;1;2;1;1;4;2;7;8; ;2;2;0,989692604
34475;1;1;1; ;2;1;2;1;2; ; ; ; ;16;2; ;0,989692604
34491;1;1;1; ;2;2;2;1;2;1;1;6;7;14;2;2;0,989692604
34493;1;1;1; ;2;2;2;1;2;5;1;8;5; ; ; ;0,989692604
34494;1;1;1; ;2;1;1;1;2;7;1;9; ;18;5;2;0,989692604
34502;1;1;1; ;1;1;1;1;2;1;2;7;8;14;4;1;0,989692604
34513;1;1;3; ;1;1;1;1;2;4;1;6;6;16;1;2;0,989692604
34521;1;1;1; ;2;1;1;1;1;1;1;6;6; ;1;1;0,989692604
34525;1;1;1; ;1;1;1;1;2;1;1;7;6;13;3;3;0,989692604
34536;1;1;1; ;1;1;1;1;1;1;1;2;5;9;4;4;0,989692604
34539;1;1;1; ;2;1;2;1;1;1;1;2;5;17;2;2;0,989692604
34542;1;1;1; ;1;1;2;1;2;1;4;2;8; ;1;1;0,989692604
34549;1;1;1; ;1;1;1;1;1;1;1;4;5;15;4;4;0,989692604
34553;1;1;1; ;1;1;1;1;1;1;3;7;8; ;1;1;0,989692604
34560;1;1;1; ;2;1;1;1;1;1;1;3; ; ;1;1;0,989692604
34601;1;1;1; ;1;1;1;1;1;5;1;5;6;15;2;2;0,989692604
34616;1;2; ;2;1;1;2;4;2;4;4;8;8;14;1;1;0,989692604
34618;1;1;1; ;1;1;1;1;1;1;3; ; ; ;1;1;0,989692604
34630;1;1;1; ;2;1;3;1;1;1;2;2;8; ;1;1;0,989692604
34638;1;1;1; ;2;1;2;1;1;1;1;2;2;17;1;1;0,989692604
34645;1;1;1; ;2;1;2;1;5;7;6;9; ; ;1;1;0,989692604
34726;1;1;1; ;1;1;1;1;1;1;1;7;6;10;4;1;0,989692604
34736;1;1;1; ;1;1;1;1;1;1;1; ; ;4;5; ;0,989692604
34931;1;1;1; ;1;1;1;1;1;1;6; ; ; ;1;1;0,989692604
34947;1;1;1; ;2;1;2;1;1;1;1; ; ; ;1;1;0,989692604
34948;1;1;1; ;2;1;3;1;1;1;6; ; ;16;1;1;0,989692604
34956;1; ;1; ;2;2;1;1;1; ; ; ; ; ; ; ;0,989692604
34961;1; ;2; ;2;1;1;1;1;1;1;5;5; ;1;1;0,989692604
34963;1;1;1; ;1;1;1;1;1;2;3;8;8;12;1;1;0,989692604
34966;1;1;1; ;1;1;1;1;1;1;1;3;6;15;5;1;0,989692604
35014;1;1;1; ;1;1;1;1;1;1;5;4;6;10;4;4;0,989692604
35015;1; ;1; ;2;1;2;1;4;2;7;8;9;16;4;4;0,989692604
35027;1;1;1; ;1;1;2;1;1;1;1;7;7;15;2;2;0,989692604
35032;1;1;1; ;1;3;3;1;2; ;1; ;6;16; ;1;0,989692604
35274;1;1;1; ;1;2;2;1;2;1;3;6;4; ;1;3;0,989692604
41625;1;1;1; ;2;1;1;1;1;1;1;7;6;15;1;1;0,989692604
41627;1;1;1; ;1;2;1;1;1;1;1;4;4;10;2;1;0,989692604
41633;1;1;1; ;1;1;1;1;1;1;3;7;8; ;2;1;0,989692604
41636;1;1;1; ;2;1;1;1;1;1;1;4;6;13;5;3;0,989692604
41637;1;1;1; ;2;1;1;1;1;1;1;4;6;10;5;1;0,989692604
41639;1;1;1; ;1;1;1;1;1;1;3;3;8;16;1;1;0,989692604
41643;1; ;1; ;2;1;1;1;1;1;1;2;4; ; ; ;0,989692604
41650;1;1;3; ;1;1;1;1; ; ; ; ; ; ; ; ;0,989692604
41667;1;1;1; ;1;1;1;1;1;1;1;5;5; ;4;1;0,989692604
41672;1; ;1; ;2;1;2;1;1;1;3;6;8; ;1;1;0,989692604
41674;1;1;1; ;2;1;1;1;1;1;2; ; ; ;1;1;0,989692604
41679;1;1;1; ;1;1;1;1;1;1;1;6;6;15;4;4;0,989692604
41683;1;1;1; ;1;1;1;1;1;1;1;4;5;14;2;2;0,989692604
45007;1; ;1; ;2;1;1;1;1;1;1;6;6;16;1;1;0,989692604
45015;1;1;2; ;2;2;2;1;1;1;1;2;2;14;1;1;0,989692604
117;2;1;1; ;2;1;1;1;4;7;1;9;6;16; ;1;0,989937419
129;2; ;1; ;1;1;1;1;2;1;2;2;9;14;5;1;0,989937419
8010;2;1;1; ;1;1;1;1;1;1;1;4;4;14;5;5;0,989937419
8013;2;1;1; ;1;1;1;1;2;1;1;5;6;16;2;2;0,989937419
8025;2;1;1; ;2;1;1;1;2;1;7;7;5; ;5;1;0,989937419
8038;2;1;1; ;1;1;1;1;1;1;4;5; ; ;3;2;0,989937419
8043;2;1;1; ;2;2;2;2;1;1;1;2;5;15;3;3;0,989937419
8051;2; ;1; ;2;3;3;1;2;1;7;5; ;15;2; ;0,989937419
15271;2;1;1; ;2;1;1;2;2;1;1; ; ;15;1;4;0,989937419
15281;2;1;1; ;1;1;1;1;1;1;1;6;6;15; ; ;0,989937419
19489;2;1;1; ;1;1;1;1;1;4;1;6;6; ;3;2;0,989937419
19491;2;1;1; ;1;1;1;1;1;1;1;5;5;15;4;4;0,989937419
19498;2;1;1; ;2;1;1;1;1;1;4;7;7;14;4;4;0,989937419
20163;2;1;1; ;2;1;1;1;1;1;1;7;7; ;4;1;0,989937419
20165;2;1;1; ;1;1;1;1;1;1;1;7;7;13;4;3;0,989937419
20168;2;1;1; ;1;1;1;1;1;1;1;6;6; ;2;1;0,989937419
20189;2;1;1; ;1;1;1;1;2;1;2;6;8;15;5;2;0,989937419
27599;2;1;1; ;2;1;1;1;2;1;1;3;6;14;4;2;0,989937419
27600;2;1;1; ;1;2;1;1;1;1;1;2;2;13;4;4;0,989937419
27609;2;1;1; ;2;2;2;1;1;1;2;2;8;14;4;4;0,989937419
27621;2;1;1; ;1;1;1;1;1;2;1;6;4;16;5;4;0,989937419
27628;2; ;1; ;1;1;1;1;2;1;1;7;6;15;5;2;0,989937419
27635;2;1;1; ;1;1;2;1;1;1;2;7;8;14;4;4;0,989937419
27638;2;1;1; ;1;1;1;1;1;1;1;2;6;14;2;2;0,989937419
35407;2;1;1; ;2;1;1;1;1;1;1;2;6; ;1;1;0,989937419
35418;2;1;1; ;1;1;1;1;1;1;1;6;6;15;4;4;0,989937419
35419;2;1;1; ;1;1;1;1;2;1;1;4;4;14;4;4;0,989937419
35424;2;1;1; ;1;1;1;1;1;1;1;1;1; ;1;1;0,989937419
35438;2;1;1; ;1;1;1;1;1;1;1;2;2;14;4;4;0,989937419
35450;2;1;1; ;1;1;1;1;1;1;1;2;5;15;4;4;0,989937419
35461;2;1;1; ;1;1;1;1;1;1;1;4;5;17;2;1;0,989937419
35468;2;1;1; ;1;1;1;1;1;4;1; ;5;16;2;2;0,989937419
35477;2;1;1; ;1;1;1;1;2;1;1;3;6;15;5;5;0,989937419
35484;2;1;1; ;1;1;1;1;1;1;1;4;4;16;2;2;0,989937419
35515;2;1;1; ;1;1;1;1;1;1;1;4;6; ;4;3;0,989937419
35519;2;1;1; ;1;1;1;1;1;5;1;5;6;15;5;5;0,989937419
35521;2;1;1; ;1;1;1;1;2;1;1;6;6;14;4;1;0,989937419
35532;2;1;1; ;1;1;1;1;1;1;1;1;6;13;3;2;0,989937419
38370;2;1;1; ;1;1;1;1;1;1;1;6;2;16;4;4;0,989937419
38382;2;1;1; ;1;2;1;2;1;1;1;6;6;15;1;1;0,989937419
38384;2;1;1; ;2;1;2;1;2;1;2;2;5;15;5;5;0,989937419
38408;2;1;1; ;1;1;1;1;1;2;1;8;4;12;5;2;0,989937419
38442;2;1;1; ;2;1;1;1;1;1;1; ;6;16;2;2;0,989937419
38453;2;1;1; ;1;1;1;1;1;5;1;4;6;14;3;3;0,989937419
38456;2;1;1; ;1;1;1;1;2;1;1; ;4;14;3;3;0,989937419
38465;2;1;1; ;1;1;1;1;2;1;1;2;2;15;2;2;0,989937419
31160;1;1;2; ;1;1;1;4;2;1;1; ;6;14;5;5;0,99016519
13821;1;1;1; ;1;1;1;5;2;7;1;9; ;14; ; ;0,990556307
14101;1;1;1; ;1;1;1;1;2;1;1;6;6;15;5;4;0,990556307
14679;1; ; ;2;2;1;1;3;4;7;3;9;8;14;1;1;0,990556307
14681;1;1;1; ;1;1;1;1;2;1;1;4;6;10;3;3;0,990556307
17282;1; ;1; ;1;1;1;2;2;1;1;2;6;14; ; ;0,990556307
27280;1;1;1; ;1;1;1;1;1;1;2;7; ;14;1;1;0,990556307
27295;1;2; ;2;1;1;1;1;4; ;1; ;7;15; ;2;0,990556307
27300;1;1;1; ;1;1;1;1;2;1;1;2;6; ;3;3;0,990556307
45118;1;1;1; ;1;2;2;1;1;1;1;2;2;15; ; ;0,990556307
39138;1;1;1; ;1;1;1;1;1;1;3;2;8;9;5;2;0,990726067
29725;1;1;1; ;1;1;1;1;1;1;5;7;6; ;2;2;0,990751773
29790;1;1;1; ;2;1;1;1;2;1;1;7;6;14;3;3;0,990751773
31429;1;1;1; ;1;1;1;1;1;1;1;7;2;15; ; ;0,990751773
31850;1;1;1; ;2;1;1;1;1;1;1;4;5;12;1;1;0,990751773
32583;1;1;1; ;2;2;2;1;2;7;1;9;4;15; ; ;0,990751773
32808;1;1;2; ;2;1;2;1;1;1;1;7;6;10;2;2;0,990751773
33516;1;1;1; ;1;1;3;1;1;5;5;9;9;16;1;3;0,990751773
38840;1;1;1; ;1;1;1;1;1;1;4;5;6;15;1;1;0,990751773
39836;1;1;3; ;2;2;1;2;2;1; ;7; ;10;5;2;0,990751773
2752;2;1;1; ;1;1;1;1;2;6;1; ;6;6;4;4;0,990947415
3716;2;1;1; ;2;1;1;1;2;1;1;7;7;16;2;1;0,990947415
6759;2;1;1; ;2;1;2;1;4;1;7; ;9; ; ; ;0,990947415
6931;2;1;1; ;2;1;1;1;1;5;1;7;6; ;1;1;0,990947415
7306;2;1;1; ;2;1;1;1;2;1;1;3;4;15;1;1;0,990947415
7488;2;1;2; ;1;1;1;1;2;1;1;7;6;16; ; ;0,990947415
24344;2; ;1; ;1;1;1;1;2;1;3;7;8; ; ; ;0,990947415
7774;1;1;1; ;2;1;1;1;1;1;1;7; ;15;3;3;0,991024163
7790;1;1;1; ;2;1;2;1;1;1;1;6;1;15;5;3;0,991024163
23750;1;1;2; ;1;1;1;1;1;1;1;7;7;14;1;1;0,991024163
37641;1;1;1; ;1;1;1;1;1;1;1;4;4;12;5;5;0,991024163
45048;1;1;1; ;1;1;1;1;1;1;1;6;4;13;4;4;0,991024163
29186;2;1;1; ;1;1;2;1;2;1;4;4;8;14;3;3;0,991588059
29373;2;1;1; ;1;1;1;1;2;1;1;6;6;14;2;2;0,991588059
35648;2;2; ;2;1;2;2;1;2;1;1;6;6;13;1;1;0,991588059
9061;2;1;1; ;1;1;1;1;1;1;2;2;8;15;5;4;0,9917128
2090;1;1;1; ;2;1;1;1;1;1;1;2;6; ;5;4;0,991918145
6485;1; ;1; ;2;2;2;1;1;1;1;6;6;15; ; ;0,992250345
14468;1;1;1; ;1;1;1;1;1;1;1;4;4; ;3;3;0,992250345
21355;1;1;1; ;1;1;1;1;1;1;1;3;6;15;3;1;0,992250345
22056;1;1;1; ;1;1;1;1;2;1;3;6;6;15;4;4;0,992859475
22239;1;1;1; ;1;1;2;1;1;1;1;1;6;12;5;5;0,992859475
14201;2;1;1; ;1;1;1;1;1;1;1;3;5;15;3;2;0,993452019
14887;2;1;1; ;2;2;3;2;1;1;1;6;6;16;3;1;0,993560777
44618;2;1;1; ;2;2;3;1;2;1;1;7;6;14;5;5;0,993938581
3073;1;1;1; ;1;1;1;1;1;1;1;5;6; ;2;2;0,993991503
26388;1;1;1; ;1;1;1;1;1;1;1;5;5;15;3;2;0,993991503
26456;1;1;1; ;2;1;1;1;2;1;1;3; ;13;5;5;0,993991503
28198;1;1;2; ;2;1;2;1;2; ;1;4;8;15;1;1;0,993991503
34289;1;1;1; ;2;1;1;1;1;1;1;3;4;12;2;2;0,993991503
34346;1;1;1; ;1;1;1;1;4;1;7;3; ;11;1;1;0,993991503
34501;1;2; ;2;1;1;1;1;1; ; ;6; ; ;2;2;0,993991503
34547;1;1;1; ;2;1;1;1;1;1;1;7;6; ;1;1;0,993991503
34670;1;1;1; ;2;1;2;1;1;1;1;6; ; ;1;1;0,993991503
35275;1;1;1; ;1;1;1;1;2;1;1;6;4;16;3;3;0,993991503
41624;1;1;1; ;1;1;1;1;4;7;1;9;4;15; ;2;0,993991503
41668;1;1;1; ;1;1;1;1;1;1;1;4;4;15;4;4;0,993991503
63;2;1;1; ;1;1;1;1;4; ;1; ;6;12; ;2;0,994237382
66;2;1;1; ;2;1;2;1;5;7;1;9;5;14; ;1;0,994237382
8026;2;1;1; ;1;1;1;1;1;1;1;4;4;12;3;3;0,994237382
8034;2;1;1; ;1;1;1;1;2;1;1;6;6;16;3;2;0,994237382
15292;2;1;1; ;1;1;1;1;2;1;1;2;2;15; ; ;0,994237382
19509;2;2; ;2;1;1;2;1;4;7;1;9;6;14; ;2;0,994237382
19511;2;2; ;2;2;1;1;4;2;1;6; ;8;14;2;1;0,994237382
20156;2; ;1; ;2;3;3;1;4;1;7;7;9;15;4; ;0,994237382
20185;2;1;1; ;2;2;2;1;1;5;4;9;8;15;5;1;0,994237382
27591;2; ;1; ;1;1;1;1;1;5;1;8;6; ; ; ;0,994237382
27604;2;1;1; ;1;1;1;1;2;1;1;7;7;16;3;4;0,994237382
27612;2; ;1; ;2;1;1;1;2;1;1; ;7;15;5;1;0,994237382
35483;2;1;1; ;1;1;1;1;1;1;1;7;6;16;4;4;0,994237382
35538;2; ;1; ;1;1;2;1;2;1;1;6;4;14;2;2;0,994237382
38379;2;1;1; ;1;1;2;1;1;1;1;5;5;15;5;2;0,994237382
38404;2;1;1; ;1;1;1;1;1;1;3;7;8;16;1;1;0,994237382
38458;2;1;1; ;2;1;1;1;1;1;1;5;5;16;1;2;0,994237382
5703;1;1;1; ;1;1;1;1;2;1;1;7;5;13;1;4;0,994466142
11659;1;1;2; ;1;1;2;1;1;1;1;6;4;10; ; ;0,994466142
13683;1;1;1; ;1;1;1;1;1;1;1;7;3;8;4;1;0,994466142
14966;1;1;1; ;1;1;1;5;4;7;7;2;7;13; ; ;0,994466142
36902;1;1;1; ;2;1;1;1;1; ; ;9; ;11;5;5;0,994466142
642;2;1;1; ;1;1;1;1;2;1;1;4;6; ;3;1;0,99485291
7122;2;1;1; ;1;1;1;1;1;1;1;6;6;15;4;4;0,99485291
31738;1;1;2; ;2;1;1;1;1;1;1;2;6;10;5;5;0,995055273
31784;1;1;1; ;1;1;1;1;4;7;1;9;2;13; ;3;0,995055273
31811;1;1;2; ;1;1;1; ;2;1;1;3;6;14;5;4;0,995055273
31843;1;2; ;2;1;2;2;1;2;1;4;7;8;17; ; ;0,995055273
33644;1;1;1; ;2;1;2;2;4; ;1; ;6;12; ; ;0,995055273
38203;1;1;1; ;2;2;2;1;1;1;1;4;4;13;3;3;0,995055273
1748;2;1;1; ;1;1;1;1;2;1;1;4;6;10;4;4;0,995200874
1753;2;1;1; ;1;1;1;1;1;1;1;7; ; ;2;1;0,995200874
1756;2;1;1; ;2;1;1;1;1;1;1;7;7;14;2;1;0,995200874
1770;2;1;1; ;1;1;1;2;2; ;1; ;7;15;4; ;0,995200874
1779;2;1;1; ;1;1;1;1;1;1;1;4;5;14;4;4;0,995200874
1789;2;1;1; ;2;1;2;1;1;1;2;6;8;15;4;3;0,995200874
2790;2;1;1; ;1;1;1;2;2;1;1;5;5; ;5;1;0,995200874
2795;2;1;1; ;1;1;1;1;1;1;1;4;2;16;4;4;0,995200874
2816;2;1;1; ;1;1;1;1;1;1;1;2;6;15;2;1;0,995200874
2821;2;1;1; ;1;2;1;1;1;2;1;8;6;16;2;2;0,995200874
2825;2;1;1; ;1;1;1;1;1;1;1;6;7;12;4;2;0,995200874
2848;2; ;1; ;1;1;1;1;1;1;1;6;5;16;2;2;0,995200874
2913;2;1;3; ;1;1;2;1;2;1;1;5;4;17;2;2;0,995200874
2916;2; ;2; ;1;1;1;1;1;4;1; ;2;17;4;4;0,995200874
2925;2;1;1; ;1;1;1;1;2;1;1;9;5;16;5;2;0,995200874
2934;2;1;1; ;1;1;1;1;1;1;1;4;5;14;4;4;0,995200874
2935;2;1;1; ;2;1;1;2;1;1;1;2;2;14;3;3;0,995200874
3747;2;1;1; ;1;1;3;1;1;1;1;6;6;15;4;4;0,995200874
3763;2;1;1; ;2;2;2;1;2;5;2; ;8;17;2;2;0,995200874
3768;2;1;1; ;1;1;1;2;2;1;1; ;4;15;1;3;0,995200874
3770;2;1;1; ;1;1;1;1;1;1;1;2;2;15;4;4;0,995200874
3889;2;1;1; ;1;1;1;1;1;1;3;3;8;16;1;1;0,995200874
5060;2;1;1; ;2;2;2;1;4;2;7;9;9; ;2; ;0,995200874
5084;2;1;1; ;1;1;1;1;2;1;1;2;2;11;5;5;0,995200874
5156;2; ;1; ;2;2;2;2;2;1;4; ; ;12;2;5;0,995200874
9297;2;1;1; ;1;1;1;1;2; ;3; ;8;16; ;1;0,995200874
9593;2;1;1; ;1;1;2;5;2;4;6;2;6; ;5; ;0,995200874
9604;2;1;1; ;1;1;1;1;1;1;1;7;7;15;2;2;0,995200874
9614;2;1;1; ;2;1;1;1;2;4;1;5;4;15;4;1;0,995200874
19007;2;1;1; ;1;1;1;1;2;2;1;8;4;15;5;5;0,995200874
19010;2; ;1; ;1;2;2;1;2; ;1;2;6;16;5;1;0,995200874
19012;2;1;1; ;1;1;1;1;1;1;1;4;4; ;4;3;0,995200874
19022;2;1;1; ;1;1;1;1;2;5;1;6;5;15;5;4;0,995200874
19026;2;1;1; ;1;1;1;1;2;1;1;4;6;12; ;1;0,995200874
19047;2; ;1; ;1;1;1;1;1;1;1;7;6;10;4;4;0,995200874
19066;2;1;1; ;2;1;2;1;2;1;2;1; ; ;1;1;0,995200874
22372;2; ;1; ;1;1;1;1;1;5;1; ;6;15;1;3;0,995200874
22383;2; ;1; ;1;1;1;1;2;1;1;3;6;14;5;5;0,995200874
22386;2;1;1; ;1;1;1;1;1;1;1;6;6; ;2;1;0,995200874
22392;2;1;1; ;1;1;1;1;2;1;1;6;6;13;2;2;0,995200874
22402;2;1;1; ;1;1;1;1;1;1;3;2;8; ;1;1;0,995200874
22508;2;1;1; ;1;1;1;1;1;1;1;2;4;14;4;4;0,995200874
22523;2;1;1; ;2;1;1;1;2;1;1;4;1;13;3;3;0,995200874
22538;2;1;1; ;1;1;1;1;1;1;1;6;6;16;4;1;0,995200874
22544;2;1;1; ;1;1;1;1;4;7;2;9;6;15; ;5;0,995200874
23009;2;2; ; ;2;1;1;1;2; ;1; ;6;15; ;2;0,995200874
23023;2;1;1; ;1;1;1;1;1;1;1;6;4;16;2;2;0,995200874
23026;2; ;2; ;1;1;1;1;2;1;1;2;6;16;3;2;0,995200874
23037;2;1;1; ;1;2;1;1;1;1;1;4; ;15;3;2;0,995200874
28084;2;1;1; ;1;1;1;1;1;1;1;5;5;11;3;3;0,995200874
28094;2;1;1; ;1;2;1;1;1;5;1; ;5;15;2;1;0,995200874
28098;2;1;1; ;1;1;1;1;1;1;1;5; ;15;2;2;0,995200874
28125;2; ;1; ;1;1;1;1;1;1;1;7;7; ;1;1;0,995200874
28129;2; ;1; ;1;1;1;1;1;1;1;6;6; ;4;4;0,995200874
28143;2;1;1; ;1;1;2;1;2;1;2;7;8;17;1;1;0,995200874
35881;2; ;1; ;1;1;1;1;4;7;1;9;4;15;1;1;0,995200874
35886;2;1;1; ;1;2;1;1;1;1;1;6;6;16;1;3;0,995200874
35896;2;1;1; ;1;1;1;1;1;1;1;4;4;14;4;4;0,995200874
37079;2;1;1; ;1;1;1;1;2;6;1; ;6;15; ;2;0,995200874
37085;2; ;2; ;1;1;1;1;1;1;1;1;1;15;2;2;0,995200874
37089;2;1;1; ;1;1;1;1;2;1;1;2;6;11; ;2;0,995200874
37095;2;1;1; ;1;1;1;1;1;1;1;7;5;15;3;1;0,995200874
37097;2;1;1; ;1;1;1;1;2;1;1;2;2;15;5;4;0,995200874
37098;2; ;1; ;1;1;1;1;2;1;1;3;4;15;2;2;0,995200874
37101;2;1;3; ;1;1;1;1;2;7;3;9;8; ;1; ;0,995200874
37118;2;2; ;2;2;1;1;1;2;6;2;9;8;16; ;3;0,995200874
37120;2;1;1; ;1;1;2;1;1;1;1;7;6;16;4;4;0,995200874
37125;2; ;1; ;1;1;1;1;2;1;1;4;4;15;5;2;0,995200874
37128;2;1;1; ;1;1;1;1;1;1;4;2;6;15;3;2;0,995200874
37134;2;1;1; ;1;1;1;1;1;1;1;2;4;16;4;4;0,995200874
37148;2;1;1; ;1;1;1;1;4;7;1;9;6;16; ;4;0,995200874
39545;2;1;1; ;1;1;2;1;2;1;1;7;6;15;4;3;0,995200874
39546;2;1;1; ;1;1;1;1;1;1;1;6;4;14;3;3;0,995200874
39556;2;1;1; ;1;1;1;1;4;7;1;9;2;15; ;4;0,995200874
39558;2;1;1; ;1;1;1;1;1;1;1;2;6;14;4;4;0,995200874
39564;2;1;1; ;1;1;1;1;1;1;1;6;4;12;5;5;0,995200874
39565;2;1;1; ;1;1;1;1;2;1;1;6;6;14;5;3;0,995200874
39575;2;1;1; ;2;1;1;2;2;1;1;7;3;15;2;2;0,995200874
44264;2;1;1; ;1;1;1;1;2;1;1;7;6;14;2;1;0,995200874
44272;2;1;1; ;1;1;1;1;1;1;1;7;5;15;5;4;0,995200874
44276;2;1;1; ;2;2;2;1;2;1;1;6;6;15;1;2;0,995200874
44288;2;1;1; ;1;1;1;1;1;1;1;7;6;16;4;4;0,995200874
44299;2;1;1; ;1;1;1;1;2;1;1;5;7;14;5;3;0,995200874
44302;2; ;1; ;1;1;1;1;1;1;1;2;6; ;2;1;0,995200874
44307;2;1;1; ;1;1;2;1;2;1;1;7;7;14;3;3;0,995200874
44319;2;1;1; ;1;1;1;2;1;1;1;3;6;16;2;2;0,995200874
44321;2;1;1; ;1;1;1;1;1;1;1;5;4;10;3;1;0,995200874
44324;2;1;1; ;1;1;1;1;1;1;1;4;4;16;5;4;0,995200874
44331;2;1;1; ;1;1;1;1;1;1;1;6;2;16;4;4;0,995200874
44337;2;1;2; ;1;1;1;1;2;1;2;7;8;16;1;1;0,995200874
44341;2;1;1; ;1;1;2;1;1;1;1;6;6;15;4;3;0,995200874
44344;2;1;2; ;1;1;1;1;2;1;1;2;7;16;1;1;0,995200874
44851;2;1;1; ;1;1;1;1;1;1;1;4;6;15;3;4;0,995200874
44856;2;1;1; ;1;1;1;1;1;1;1;2;4; ;4;4;0,995200874
45550;2; ;1; ;1;1;1;1;2;6;1;9;7;16;5; ;0,995200874
45555;2;1;1; ;2;1;1;1;1;1;1;7; ;15;4;4;0,995200874
4891;1;1;1; ;1;1;1;1;1;1;1;5;6;13;4;4;0,996160975
15785;1;1;1; ;1;1;1;1;1;1;1;4;6;15;4;4;0,996160975
20354;1; ;2; ;2;1;1;1;1;1;1;2;2;15;4;4;0,996160975
20361;1;2; ;2;1;1;2;1;1;1;4;5;5;14;1;1;0,996160975
20379;1;1;1; ;1;1;1;1;1;4;6;7;6;16;1;1;0,996160975
2485;1;2; ;4;2;1;2;1;4;3;7;7;9;17;1; ;0,996597177
4075;2;1;1; ;1;1;1;1;1;1;1;6;6;15;3;3;0,996977159
7344;2;1;1; ;1;1;1;1;2;1;1;5;6;14;4;5;0,996977159
33947;1;1;1; ;2;1;1;1;1;1;1;4; ;11; ; ;0,997452859
7378;2;1;1; ;1;1;1;3;2;1;1;4;5;14;3;4;0,997767248
23138;2;2; ;2;2;1;1;1;2; ;3; ; ;16; ;1;0,997767248
23175;2;1;1; ;2;1;1;4;1;1;1;4;5;8;4;4;0,997767248
19118;2;1;1; ;1;1;1;1;2;1;1;2;6;13;5;4;0,998376709
9895;1;1;1; ;1;1;1;1;2;1;1;4;4;13;5;4;0,998713098
16084;1;1;1; ;1;1;2;1;2;1;1;6;6;13;3;5;0,998713098
19531;1;1;1; ;1;1;1;1;1;1;1;7;6;14;2;2;0,998713098
19624;1;1;2; ;1;2;2;1;2;2;1; ;4;14; ; ;0,998713098
24244;1;2; ;2;1;1;2;4;1;1;1;7;4;13;1;1;0,998713098
3072;1;1;1; ;1;1;1;1;1;1;1;4;4; ;5;5;0,999427517
3088;1;1;1; ;1;1;1;1;1;1;3;2;8;13;3;2;0,999427517
3104;1;1;1; ;1;1;1;1;2;1;2;4;4;6;5;2;0,999427517
3105;1;1;1; ;2;1;1;1;4;7;1;9;2;15; ;5;0,999427517
3129;1;1;1; ;1;1;1;1;1;1;2;6;8;15;5;5;0,999427517
3151;1;1;1; ;1;1;1;1;4;7;1;9;6;15;1;1;0,999427517
3157;1;1;1; ;1;1;1;1;1;1;1;4;4;12;3;3;0,999427517
3219;1;1;1; ;2;2;1;1;1;1;4;4;8;15;1;1;0,999427517
3227;1;1;1; ;1;1;1;1;1;1;1;4;4;12;3;3;0,999427517
3232;1;1;1; ;2;1;1;1;1;1;1;6;6; ;3;3;0,999427517
3340;1;2; ;2;1;1;1;1;1;1;1;6;6; ;1;1;0,999427517
25491;1;1;1; ;1;1;1;1;1;1;3;4;8;16;2;3;0,999427517
25516;1;1;1; ;1;1;1;1;1;1;1;4;4;16;5;4;0,999427517
25528;1;1;1; ;1;1;1;1;1;1;1;4;4;16; ; ;0,999427517
25543; ;1;1; ;1;1;2;1;1;4;1;8;6; ;1;1;0,999427517
25561;1;1;1; ;1;1;1;1;1;1;1;7;6; ;1;1;0,999427517
25572;1;1;1; ;1;1;1;1;1;1;3;3;8;14;3;3;0,999427517
25587;1;2; ;4;1;1;1;1;1;1;1;7;7;15;2;1;0,999427517
25598;1;1; ; ;2;1;1; ;2;1;1; ; ; ;1;1;0,999427517
25601;1;1;1; ;1;1;2;1;1;4;4;8;8; ;5;5;0,999427517
25617;1;1;1; ;1;1;2;1;1;1;3;7;8; ;1;1;0,999427517
25630;1; ;1; ;2;1;1;1;1;1;1;4;6;14;3;2;0,999427517
25645;1;1;1; ;2;2;2;1;1;1;6; ; ;16;4;4;0,999427517
25666;1;1;1; ;2;1;2;1;1;1;1;5;5;15;3;3;0,999427517
25671;1;1;1; ;1;1;1;1;1;1;3;3;8;15;1;4;0,999427517
25692;1;1;1; ;2;1;1;1;2;7;3;9;8;16;5;2;0,999427517
25704;1;1;1; ;2;1;1;1;1;1;4;5;6;15;2;2;0,999427517
25705;1;1;1; ;1;1;1;1;1;1;1;3;4;14;3;3;0,999427517
25717;1;1;1; ;1;2;1;1;1;1;1;4;6;15;5;1;0,999427517
25721;1;1;1; ;1;1;1;1;1;1;1;2;4;12;4;1;0,999427517
25728;1;1;1; ;1;1;1;1;1;1;1;4;4; ;4;4;0,999427517
25729;1;1;1; ;1;1;2;1;1;2;1;8;6; ;2;2;0,999427517
25783;1;1;1; ;1;1;1;1;1; ; ;4;5;10; ; ;0,999427517
25794;1;1;1; ;1;1;1;1;2;1;1;4;4;16;5;5;0,999427517
25819;1;1;1; ;1;1;1;1;2;1;1;4;6;15;4;3;0,999427517
25843;1; ;1; ;2;1;1;1;1;1;1;7;5; ;3;2;0,999427517
25851;1;1;1; ;2;1;2;1;1;1;1; ;8; ;2;2;0,999427517
25870;1;1;1; ;2;2;1;1;1;1;1;6;6;10;5;1;0,999427517
25942;1;1;1; ;2;1;2;1;2;2;1;7; ; ;1;1;0,999427517
25952;1;1;1; ;1;1;1;1;1;1;1;3;4;16;3;3;0,999427517
25961;1;1;1; ;1;1;1;1;1;1;1;6;6; ;3;3;0,999427517
25963;1;1;1; ;1;1;1;1;1;1;1;4;3;15;5;5;0,999427517
25966;1;1;1; ;1;1;1;1;1;1;1;4;6;12;4;1;0,999427517
25970;1;1;1; ;1;1;1;1;1;1;1; ;6;15;5;4;0,999427517
25978;1;1;1; ;1;1;1;1;2;1;1;6;6; ;5;2;0,999427517
25986;1;1;1; ;2;1;1;1;1;1;1;7; ;15;5;5;0,999427517
25991;1;1;1; ;2;1;1;1;1;4;1; ;6; ;1;1;0,999427517
25995;1;1; ; ;2;1;1;1;1;1;1;6;6; ;1;1;0,999427517
26001;1;1;1; ;2;1;1;1;1;1;1; ; ; ;4;1;0,999427517
26951;1;1;1; ;1;1;1;1;1;1;1;4;6;15;3;2;0,999427517
26952;1;1;1; ;1;1;1;1;2;1;1;2;4;17;5;4;0,999427517
26955;1;1;1; ;1;1;1;1;1;5;3;7;8; ;1;1;0,999427517
26977;1;1;1; ;2;1;2;1;1;1;1;6;6;15;4;4;0,999427517
26978;1;1;1; ;1;1;1;1;1;1;1;3;6;10;4;4;0,999427517
26991;1;1;1; ;1;1;1;1;2;1;1;6;5; ;1;1;0,999427517
28717;1;1;1; ;1;1;1;1;1;1;1;4;4;14;2;2;0,999427517
28724;1;1;1; ;1;1;1;1;1;1;1;2;5; ;1;1;0,999427517
32547;1;1;1; ;2;1;1;1;2;1;1;4;6;15;4;3;0,999427517
32573;1;1;1; ;1;1;1;1;1;1;1;4;4;16;2;2;0,999427517
32762;1;1;1; ;2;1;1; ;1;1;1;4;5; ;1;1;0,999427517
32768;1;1;1; ;1;1;1;1;1;2;3;5;8; ;1;1;0,999427517
32771;1;1;1; ;1;1;1;1;1;1;1;2;2;15;4;4;0,999427517
33999;1;1;1; ;1;1;1;2;2;1;1; ; ;15;4;2;0,999427517
34016;1;1;1; ;1;1;2;1;1;1;3;3;8;13;1;1;0,999427517
34030;1;1;1; ;1;1;1;1;1;1;1;6;6; ;3;3;0,999427517
34039;1;1;1; ;1;1;1;1;1;1;1;4;4;14;5;3;0,999427517
34046;1;1;1; ;1;1;1;1;2;1;1;7;6;14;2;2;0,999427517
34057;1;1;1; ;2;1;1;1;1;1;1;1;1;10;3;3;0,999427517
34080;1;1;1; ;1;2;2;1;2;1;1;7;7;17;2;2;0,999427517
34083;1;1;1; ;2;1;2;1;2;1;1;6;6;16;1;1;0,999427517
34086;1;1;1; ;1;1;1;1;2;5;1;7;6;14;4;4;0,999427517
34110;1;1;1; ;1;1;1;1;1;1;1;2;2;15;3;3;0,999427517
34114;1;1;1; ;1;1;1;1;2;1;1;2;4;16;5;5;0,999427517
34127;1; ;1; ;1;1;1;1;1;1;1;4;4;14;4;4;0,999427517
34128;1;1;1; ;2;1;1;1;1;5;5;4;4;15;2;2;0,999427517
34134;1;1;1; ;2;2;1;1;2;1;4;4;6;17;4;4;0,999427517
34145;1;1;1; ;1;1;1;1;1;1;1;4;4;16;2;2;0,999427517
34156;1;1;1; ;1;1;1;1;1;1;1;4;5;15;2;2;0,999427517
34161;1;1;1; ;1;1;1;1;1;1;1; ; ;11;4;4;0,999427517
34164;1;1;1; ;1;1;1;1;1;1;1; ; ; ;1;1;0,999427517
34227;1;1;1; ;2;1;1;1;1;1;4;7; ;17;1;1;0,999427517
34263;1;1;1; ;2;3;1;1;1;1;4; ; ; ;1;1;0,999427517
34480;1;1;1; ;1;1;1;1;1;1;1;4;4;16;1;1;0,999427517
34594;1;1;1; ;1;1;1;1;1;1;3; ;8;13;2;2;0,999427517
34604;1;1;1; ;1;1;1;1;1;1;1;4;5;15;4;4;0,999427517
34620;1;1;1; ;1;1;1;1;1;1;1;4;6;10;4;4;0,999427517
34622;1;1;1; ;1;1;1;1;1;1;3;4;8;15;3;1;0,999427517
34639;1;1;1; ;1;1;1;1;1;1;1;3;3; ;2;3;0,999427517
34643;1;1;1; ;2;1;1;1;1;1;1;4;4;12; ; ;0,999427517
34677;1;1;1; ;2;1;1;1;2;1;1;5;2;11;3;4;0,999427517
34688;1;1;1; ;1;1;1;1;1;1;1;4;6;16;4;4;0,999427517
34690;1;1;1; ;1;1;1;1;1;1;1;4;4;5;5;2;0,999427517
34692;1;1;1; ;1;1;1;1;2;1;1;4;6;14; ; ;0,999427517
34730;1;1;1; ;1;1;2;1;1;1;1;6;6;12;4; ;0,999427517
34741;1;1;1; ;2;1;1;1;1;1;1;5;6;15;2;1;0,999427517
34765;1;1;1; ;1;1;1;1;3; ;1;9;4;14;3;1;0,999427517
34835;1;1;1; ;1;1;1;1;2;1;5;4;5;15;1;1;0,999427517
34842;1;1;1; ;1;1;1;1;1;1;3;4;5;15;4;4;0,999427517
34846;1;1;1; ;1;1;1;1;1;1;3;4;8;15;3;3;0,999427517
34881;1;1;1; ;1;1;1;1;1;1;2;5;8;16;3;3;0,999427517
34900;1;1;1; ;1;1;1;1;2;1;1;4;6;14;1;1;0,999427517
34920;1;1;1; ;1;1;1;1;1;1;1;2;6; ;1;1;0,999427517
41733;1;1;1; ;1;1;1;1;1;1;1;4;4; ;2;2;0,999427517
44967;1;1;1; ;1;1;1;1;1;1;1;6; ; ;2;2;0,999427517
44969;1;1;1; ;2;1;1;1;1;1;2;7;8;16;4;4;0,999427517
44973;1;1;1; ;2;1;1;1;4; ;4; ;6;16;1;1;0,999427517
44978;1;1;1; ;1;1;1;1;4;1;7; ;9; ;1;1;0,999427517
44993;1;1;1; ;1;1;1;1;1;1;1;4;4;16;2;2;0,999427517
45013;1;1;1; ;2;2;2;1;2;1;1;4;4; ;4;4;0,999427517
45022;1;1;2; ;1;2;1;1;1;4;1; ; ;14;5;2;0,999427517
45030;1;1;1; ;1;1;1;1;1;1;1;4;4;12;4;4;0,999427517
45036;1;1;1; ;1;1;1;1;1;1;1;7;4; ;2;2;0,999427517
45381;1;1;1; ;2;1;1;1;1;5;1;8;2; ;1;1;0,999427517
45412;1;1;1; ;1;1;1;1;2;1;1;7;4;15;5;1;0,999427517
45419;1;1;1; ;1;2;1;1;2; ;6; ; ;12; ;1;0,999427517
45423;1;1;1; ;1;1;1;1;1;1;1;4;5;15;4;3;0,999427517
45427;1;1;1; ;2;1;1;1;1;1;1;3;7;15;4;4;0,999427517
45435;1;1;1; ;1;1;1;1;1;1;1;6;3; ;2;1;0,999427517
45444;1; ;2; ;2;2;2;1;1;1;1;6;6; ;1;1;0,999427517
1774;2;1;1; ;2;1;2;1;1;1;1;7;6;15;2; ;0,999523699
2806;2; ;1; ;1;1;1;1;2;1;1;4;6;14;4;3;0,999523699
2824;2;1;1; ;1;1;1;1;2;1;1;4;4;13;3;3;0,999523699
2830;2;1;1; ;1;1;1;1;1;1;1;7;6;14;3;3;0,999523699
2921;2;1;1; ;2;1;1;1;1;1;1;2;4;15;2;1;0,999523699
3754;2;1;1; ;1;1;1;1;1;1;3;2;8;16;3;3;0,999523699
3887;2; ; ;1;2;3;3;1;1;1;1; ; ;17; ; ;0,999523699
3893;2;2; ; ;1;1;1;1;2;1;1;6;6;14;3;4;0,999523699
3899;2;1;2; ;1;1;1;1;1;1;1;1;4;15;5;4;0,999523699
5048;2;1;1; ;1;1;2;1;1;1;1;6;2; ;5;5;0,999523699
5050;2;1;1; ;1;1;1;1;2;1;1;3;4;14;3;3;0,999523699
5057;2;1;1; ;2;1;1;1;2;4;1;8; ;15;5;4;0,999523699
5058;2;1;1; ;1;1;1;1;2;1;1;2;2;16;5;3;0,999523699
5067;2;1;1; ;2;1;1;1;1;1;1;5;5;13;5;3;0,999523699
5080;2; ; ;1;1;1;2;4;2;4;4;9;9; ;1;1;0,999523699
9305;2;1;1; ;1;1;1;1;2;1;3;3;8;14;1;4;0,999523699
9312;2;1;1; ;1;1;1;1;1;1;1;4;4;14;4;3;0,999523699
9320;2;1;1; ;1;1;2;1;1;1;1; ; ;14;5;5;0,999523699
9617;2;1;1; ;2;2;3;1;2;1;3;5;8;19;2;1;0,999523699
19031;2; ;1; ;1;1;1;1;1;1;1;4;4;13;4;4;0,999523699
19060;2;1;1; ;2;2;2;1;1;1;1;3;6;15;2;2;0,999523699
19069;2;1;1; ;1;2;1;1;1;1;1;4;6;15;4;4;0,999523699
22395;2;1;1; ;1;1;1;1;1;1;1;4;6;15;2;2;0,999523699
22401;2; ;1; ;1;2;3;2;1;2;1;4;5;14;3;3;0,999523699
23007;2;1;1; ;2;1;1;2;2;1; ;1; ;17;1;1;0,999523699
23011;2; ;1; ;1;1;1;1;2;1;1;2;6;16;4;5;0,999523699
23024;2;1;1; ;1;1;1;2;2;1;1;5;4; ;1;1;0,999523699
28078;2;1;1; ;1;1;1;1;2;1;1;5;6;13;1;1;0,999523699
28091;2;1;1; ;1;2;2;1;1;1;1;6;6;16;4;4;0,999523699
28104;2;1;1; ;2;1;1;1;1;1;1;5;4;13;1;1;0,999523699
28111;2; ;1; ;1;1;1;1;1;1;1;6;6;12;3;3;0,999523699
28146;2;1;1; ;2;1;2;1;1;1;1;7;6;16;3;3;0,999523699
35862;2;1;1; ;2;1;1;1;2;1;1;4;4;16;4;3;0,999523699
35878;2;1;1; ;1;1;2;1;2;1;1;6;6;16;3;1;0,999523699
37082;2; ;1; ;1;1;1;1;1;1;1;2;6;14;4;4;0,999523699
37119;2;1;1; ;2;1;1;3;1;1;1; ; ;16;3;3;0,999523699
39547;2; ;1; ;1;1;2;1;1;2;1;8;5;14;3;3;0,999523699
44312;2;1;1; ;1;1;1;1;2;1;1;2;2;15;1;1;0,999523699
44316;2;1;1; ;1;1;1;1;1;1;1;6;6;15;4;3;0,999523699
44842;2; ;1; ;1;1;1;1;2;1;1;4;4;14;5;5;0,999523699
44860;2;1;1; ;1;2;1;1;1;4;1;7;7;15;4;3;0,999523699
39202;1;1;1; ;1; ; ;1;1;1;1;6;5;15;5;2;1,001230342
18517;2;1;1; ;1;1;1;1;2;3;1;8;4;13;5;3;1,0013077
20713;2;2; ;1;2;1;1;1;2;7;1;9;7;14;2;1;1,0013077
16975;1;1;1; ;1;1;1;1;1;1;1;2;6;15;1;4;1,001527645
22654;1;1;1; ;1;2;3;1;1;1;1;3;3;15;5;5;1,001527645
30364;1;1;1; ;1;1;1;1;1;1;1;4;6;15;1;1;1,001527645
33937;1;1;1; ;1;1;1;2;1;1;1;7;4;17;4;4;1,001785466
28425;2;1;1; ;1;1;1;1;1;1;1;4;5; ;4;4;1,002101472
28430;2;1;1; ;1;1;1;1;2;1;1;6;6;12;4;5;1,002101472
28443;2; ;1; ;2;2;1;1;1;1;1; ; ;15;1;1;1,002101472
28447;2;1;1; ;1;1;1;1;4;7;1;9;4; ; ;1;1,002101472
28458;2;1;1; ;1;1;1;1;2;1;1;7;6;16;4;4;1,002101472
28463;2;1;1; ;1;1;1;1;2;1;1;7;5;14;2;2;1,002101472
28467;2;1;1; ;1;1;1;1;1;1;3;4;8;12;4;3;1,002101472
28478;2;1;1; ;2;1;2;1;2;7;3;9; ; ; ;1;1,002101472
28480;2;1;1; ;1;1;1;1;1;1;1;4;4;16;3;3;1,002101472
28490;2;1;1; ;1;1;1;1;1;1;1;7;6;16;5;4;1,002101472
28498;2;1;1; ;1;1;1;1;1;2;1;8;2;16;1;1;1,002101472
28500;2;1;1; ;1;1;1;1;1;1;1;7;6;16;5;5;1,002101472
28519;2;1;1; ;1;1;1;1;1;1;1;6;2;15;5;5;1,002101472
28529;2; ;1; ;1;1;2;1;1;1;1;2;6;15;2;1;1,002101472
28541;2;1;1; ;1;1;1;1;1;1;1; ;5;16;2;2;1,002101472
28543;2; ;1; ;2;1;1;1;2;1;3;6;8; ;2;1;1,002101472
28546;2;1;1; ;1;1;1;1;1;1;3;3; ;16;3;1;1,002101472
29163;2;1;1; ;2;1;1;1;4;7;6;9;8;16;1;5;1,002101472
29168;2;1;1; ;1;1;1;1;1;1;1;7;6;15;4;4;1,002101472
29176;2;1;1; ;1;1;1;1;1;1;1;4;6;10;4;4;1,002101472
29184;2;1;1; ;1;1;1;1;1;1;1; ; ;16;3;3;1,002101472
29189;2; ;1; ;1;1;1;1;2;5;2;6;6;15; ;1;1,002101472
29198;2;1;1; ;1;1;1;1;2;1;2;6;8;15;1;1;1,002101472
29202;2;1;1; ;1;1;1;1;1;1;3;7;8;11;2;2;1,002101472
29261;2; ;1; ;1;1;1;1;2;1;1;3;6;16;3;1;1,002101472
29262;2;1;1; ;1;1;1;1;2;7;1;9;2;15;4;3;1,002101472
29267;2;1;1; ;1;3;3;1;1;1;1;7;7;14;4;4;1,002101472
29277;2;1;1; ;1;3;2;1;1;1;1; ;6;15;2;2;1,002101472
29292;2;1;1; ;1;1;1;1;2;1;1;5;5; ;1;1;1,002101472
29293;2;1;1; ;1;1;1;1;1;1;1; ; ;19;1;1;1,002101472
29343;2;1;1; ;1;1;1;1;1;1;1;6;5;16;1;5;1,002101472
29346;2;1;1; ;1;1;1;1;5;7;1;9;6;12; ;4;1,002101472
29361;2;1;1; ;1;1;1;1;1;1;1;7;5;16;4;4;1,002101472
29375;2;1;1; ;1;2;1;1;1;1;1;7;6;14;4;4;1,002101472
29377;2;1;1; ;1;1;1;1;4;1;7;7;9;17;4; ;1,002101472
29384;2;1;1; ;1;1;1;1;2;1;6;7;9;15;5; ;1,002101472
29439;2;1;1; ;1;1;1;1;2;7;1;9;5;3; ;4;1,002101472
29442;2; ;1; ;2;1;1;1;2; ;1;4;6; ;1;3;1,002101472
29446;2;1;1; ;1;2;2;1;1;1;3;6;8; ;1;1;1,002101472
29456;2;1;1; ;2;1;1;1;1;1;1;6;5;14;5;3;1,002101472
29461;2; ;1; ;1;2;1;1;1;1;1;7;7;14;4;1;1,002101472
29466;2;1;1; ;1;1;1;1;1;1;1;4;5;12;3;3;1,002101472
29945;2; ;1; ;1;1;1;1;2;1;1;5;6;15;5;1;1,002101472
29948;2;1;1; ;1;1;1;1;2;1;1;2;6;15;4;3;1,002101472
29956;2;1;1; ;2;2;2;1;1;1;1;2;2; ;1;1;1,002101472
29964;2;1;1; ;2;1;1;1;2;1;3; ;8;16;1;3;1,002101472
29968;2;1;1; ;2;1;1;1;1;1;1; ;6;16;4;2;1,002101472
30028;2;1;1; ;1;1;1;1;2;7;1;9;6;15; ;2;1,002101472
30029;2;1;1; ;1;1;1;1;1;1;1;4;6;15;5;5;1,002101472
30030;2;1;1; ;1;1;1;1;1;1;1;6;2; ;3;3;1,002101472
30032;2;1;1; ;1;2;2;2;1;1;1;4;4;12;3;3;1,002101472
30033;2;1;1; ;1;2;3;1;1;1;1;5;4;16;1;2;1,002101472
30041;2;1;1; ;1;1;1;1;1;2;1;8;6; ;1;1;1,002101472
30045;2;1;1; ;2;1;1;1;1;4;1;7; ; ;1;1;1,002101472
30049;2;1;1; ;1;1;1;1;1;1;1; ; ; ;1;1;1,002101472
30060;2;1;1; ;1;1;1;1;1;1;2;4;8;15;3;2;1,002101472
30264;2;1;1; ;2;1;2;1;1;1;1; ; ;15;3;3;1,002101472
30265;2;1;1; ;2;1;1;1;1;5;1; ;6;15;4;4;1,002101472
30269;2;1;1; ;1;1;1;1;2;1;1;4;4;10;5;1;1,002101472
30271;2;1;1; ;1;1;1;1;1;1;4;7; ;15;4;4;1,002101472
30276;2; ;1; ;1;1;1;1;2;1;1;7;7;15;4;4;1,002101472
30278;2;1;2; ;2;1;1;1;2;1;1; ; ;15;4;1;1,002101472
30284;2;1;1; ;1;1;1;1;1;5;1;1; ; ;1;1;1,002101472
35638;2;1;1; ;1;1;2;1;1;1;3;7; ; ;2;2;1,002101472
35645;2;1;1; ;1;1;1;1;2;1;2;7;7;15;2;2;1,002101472
35657;2;1;1; ;1;1;1;1;1;1;1;2;7;13;4;4;1,002101472
35660;2;1;1; ;1;1;1;1;2;1;1;6;6; ;2;1;1,002101472
35670;2;1;1; ;2;1;1;1;1;1;3;3;8;15;3;1;1,002101472
35714;2;1;1; ;1;1;1;1;1;4;4;7;2; ;1;1;1,002101472
35718;2; ;1; ;1;1;1;1;1;3;3;8;8; ;1;1;1,002101472
35732;2;1;1; ;1;1;1;1;1;1;1;6;6;12;5;5;1,002101472
35744;2;1;2; ;1;1;1;1;2;4;1; ; ;16;1;1;1,002101472
35754;2;1;1; ;2;1;1;1;4;7;1;9;5;13; ;1;1,002101472
35758;2;1;1; ;1;2;1;1;1;1;1;3;7;16;4;4;1,002101472
38336;2;1;1; ;1;1;2;1;1;1;3;2;9; ;3;1;1,002101472
38352;2;1;1; ;1;1;2;1;1;1;1;6;6;15;3;3;1,002101472
38354;2;1;1; ;1;1;1;1;4;7;1;9;3;12; ;3;1,002101472
38357;2;1;1; ;1;1;1;1;1;1;2;6;8; ;2;1;1,002101472
38358;2;1;1; ;1;1;1;1;1;1;1;7;4;14;2;2;1,002101472
5646;2;2; ;2;2;1;2;1;1;1;3;1;8;17;3;2;1,002938239
18233;1;1;1; ;1;1;1;1;5;1;3;6;8; ;1;1;1,003386369
18239;1;1;1; ;1;1;1;1;2;2;1; ;6;16;5;5;1,003386369
18257;1;1;1; ;1;2;1;1;1;1;1;5;6;15;4;4;1,003386369
18267;1;1;1; ;1;1;1;1;1;1;1;2;6;15;5;1;1,003386369
18271;1;2;2; ;2;3;3;1;1;5;1;1;6; ;1;1;1,003386369
22054;1;1;1; ;1;1;1;1;1;1;1;4;6;15;3;3;1,003386369
22068;1;1;1; ;1;1;1;1;2;1;1; ; ;13;2;2;1,003386369
22080;1;1;1; ;2;1;1;1;2;1;1;6;6; ;4;4;1,003386369
22226;1;1;1; ;1;1;1;1;1;5;4;8;8; ;1;1;1,003386369
22240;1;1;1; ;1;1;3;1;1;1;1;6;6;12;5;2;1,003386369
13608;1;1;1; ;2;2;1;1;2;1;1;7; ;15; ; ;1,003641486
25503;1;1;1; ;1;1;1;1;1;1;3;3;8;14;4;4;1,003768702
28706;1;1;1; ;1;1;1;1;1;1;1;7;7;13;4;3;1,003768702
32545;1;1;1; ;2;1;1;1;1;1;1;2;7;16;3;1;1,003768702
32781;1; ;1; ;2;1;1;1;2; ;1; ;6;13;5;5;1,003768702
34062;1; ;2; ;2;3;3;1;2; ; ;2;3;16; ; ;1,003768702
34673;1;1;1; ;1;1;1;1;2;1;1;6;6;15;4;1;1,003768702
45017;1;1;1; ;2;1;1;1;1;1;3;4; ;12;4;4;1,003768702
10137;2;1;2; ;1;1;1;1;1;1;4;1;6;15;3;1;1,004095107
13762;2;1;1; ;1;1;2;1;2;1;1;7;7;16;3;2;1,004095107
13770;2;1;1; ;1;1;1;1;1;1;1;1;6;15;5;3;1,004095107
13784;2;1;1; ;1;1;1;1;1;1;1;7;4;15;4;1;1,004095107
13785;2;1;1; ;2;1;1;1;1;1;1;3;2;12;4;5;1,004095107
13791;2;1;1; ;1;1;1;1;1;1;2;2;8;14;3;1;1,004095107
13795;2;1;1; ;1;1;1;1;1;1;2;7;8; ;1;1;1,004095107
14850;2;1;2; ;1;1;1; ;1;1;1;6;6;14;4;4;1,004095107
14856;2;1;1; ;1;1;1;2;2;1;1; ;5;16;2;2;1,004095107
14872;2;1;1; ;1;1;1;1;1;1;1;4;5; ;2;1;1,004095107
14877;2;1;1; ;1;1;1;1;1;1;3;4;8;14;2;2;1,004095107
14881;2;1;1; ;1;1;1;1;1;1;1;6;6;14;3;3;1,004095107
14884;2;1;1; ;2;2;2;1;1;1;1;2;2;16;4;4;1,004095107
21296;2;1;1; ;1;1;1;1;1;5;3; ; ; ;1;1;1,004095107
26160;2;1;1; ;1;2;2;1;1;1;1;7;5;11;5;2;1,004095107
35587;2;1;1; ;1;1;1;1;1;1;1;6;6; ;3;3;1,004095107
37007;2;1;1; ;2;1;1;1;5; ;1; ;7;15; ;1;1,004095107
16862;2;1;1; ;1;1;1;1;1;1;4;4; ;15;2;2;1,004476916
16863;2;1;1; ;2;1;1;1;2;1;1;6;6;14;4;1;1,004476916
16880;2; ;1; ;2;1;2;1;1;1;1;2;6;17;2;2;1,004476916
16896;2;1;1; ;1;1;2;1;1;1;1;7; ; ;4; ;1,004476916
17869;2;1;1; ;1;1;1;1;1;1;1;3;3;16;2;2;1,004476916
17873;2;1;1; ;1;1;1;1;2;1;1;6;6;15;4;2;1,004476916
17876;2;1;1; ;2;1;2;1;2;1;1;7;6;16; ;2;1,004476916
17891;2; ;2; ;2;1;1;1;2;1;1; ; ;16;1;1;1,004476916
17897;2; ;1; ;1;1;1;1;1;1;1; ;2;17;3;3;1,004476916
17912;2;1;1; ;1;1;1;1;1;1;1;6;5;17;1;2;1,004476916
17920;2;1;1; ;1;1;1;1;1;1;1;7;7; ;1;1;1,004476916
17929;2;1;1; ;1;1;1;1;2;1;1;4;4;14;4;4;1,004476916
17936;2;1;1; ;2;1;1;1;4;7;4;9;6; ; ;1;1,004476916
20449;2;1;1; ;1;1;1;2;1;1;1;5;7;16;3;3;1,004476916
41157;2;1;1; ;1;1;1;1;1;1;1;6;5;15;3;3;1,004476916
41162;2;1;1; ;1;1;2;1;2;1;1;2;6;13;4;5;1,004476916
41173;2;1;1; ;2;1;1;1;1;1;1;2;4; ;2;2;1,004476916
42297;2;1;1; ;1;1;1;1;1;1;1;3;5;14;2;2;1,004476916
42336;2;1;1; ;1;1;2;1;2;1;1;4;4;15;4;4;1,004476916
42357;2;1;1; ;2;1;1;1;2;1;1;7;6; ;1;1;1,004476916
42359;2; ;2; ;1;1;1;5;4; ;6;9;9;16; ;5;1,004476916
42365;2;1;1; ;2;1;2;1;2;1; ;2; ;16;2; ;1,004476916
43661;2;1;1; ;1;1;1;1;2;1;1;2;5;17;4;3;1,004476916
43665;2;1;3; ;1;1;1;4;2;2;1;4;6;15;2;2;1,004476916
43667;2;1;1; ;1;1;1;1;1;1;1;3;3;13;5;5;1,004476916
43678;2;1;1; ;1;1;1;1;1;3;4;6;6;10;5;5;1,004476916
43679;2;1;1; ;1;1;1;1;2;1;1;4;4;13;1;1;1,004476916
43681;2;1;1; ;1;1;1;1;1;1;1;4;4;14;4;4;1,004476916
43684;2;1;1; ;1;1;1;1;1;1;1;4;4;16;5;2;1,004476916
43699;2;1;1; ;1;1;1;1;1;1;3;5;8; ;1;1;1,004476916
43707;2;1;1; ;2;2;2;1;4;1;2;3;9;16;3;3;1,004476916
43730;2;1;1; ;1;1;1;1;1;1;1;2;6;16;2;2;1,004476916
44350;2;1;1; ;1;1;1;1;2;1;1;6;2;16;4;2;1,004476916
44360;2;1;1; ;1;1;1;1;2;1;1;6;4;14;5;5;1,004476916
44370;2;2; ;1;1;2;2;1;2;5;2;8;8; ;1;1;1,004476916
44387;2;1;1; ;1;1;1;1;2;1;1;7;6;15;2;2;1,004476916
44389;2; ;1; ;1;1;1;1;1;1;3;4;9;1;4;4;1,004476916
44393;2; ;1; ;1;2;1;1;1;1;1;6;6; ;2;2;1,004476916
44396;2;1;1; ;1;1;1;1;2;1;1;4;6;14;2;1;1,004476916
44400;2;1;1; ;1;1;1;1;1;1;3;2;2;16;2;2;1,004476916
44411;2;1;1; ;2;1;1;1;1;1;1;2;6;16;3;1;1,004476916
44422;2;1;1; ;2;2;2;1;1;1;1;6;6;17;1;1;1,004476916
44433;2;1;1; ;1;1;1;1;1;1;3;4;4;13;2;2;1,004476916
44436;2;1;1; ;1;1;1;1;1;2;3;8;8;15;2;2;1,004476916
44438;2;1;1; ;1;1;1;1;2;1;1;4;5; ;5;4;1,004476916
44442;2;1;1; ;1;2;1;2;2;1;1;7;6;14;4;3;1,004476916
44445;2;1;1; ;2;1;1;1;2;2;1;6; ;14;2;2;1,004476916
44490;2;1;1; ;1;3;3;1;2;1;1;7;1;15;2;1;1,004476916
44526;2;1;1; ;1;1;1;1;1;1;3;3;8;16;4;5;1,004476916
44535;2;1;1; ;1;1;1;1;1;1;1;6;5;16;3;3;1,004476916
44557;2;1;1; ;2;1;2;1;2;7;1;9;4;16;1;1;1,004476916
44563;2;1;1; ;1;1;1;1;1;1;1;7;6;16;2;1;1,004476916
44569;2;1;1; ;2;2;2;1;1;6;7;7;8; ;1;1;1,004476916
44576;2;1;1; ;1;1;1;1;1;1;1;4;4;16;5;5;1,004476916
44579;2;1;1; ;1;1;1;1;1;1;1;2;5;17;2;1;1,004476916
44586;2;1;1; ;1;1;1;1;2;1;1;6;6;16;2;2;1,004476916
44597;2;1;1; ;1;1;1;1;1;1;1;2;5;16;2;2;1,004476916
44598;2;1;1; ;1;1;1;1;2;1;1;6;6;16;3;1;1,004476916
44624;2;1;1; ;1;1;1;1;2;1;1;2;4;15;5;1;1,004476916
44643;2;1;1; ;2;1;1;1;1;4;2;8;8; ;1;1;1,004476916
44648;2; ;1; ;2;1;2;1;2;3;1; ; ;15;4;3;1,004476916
44652;2; ;1; ;1;1;1;1;1;1;3;6;8;15;2;2;1,004476916
44666;2;1;1; ;1;2;2;1;4;7;1;9;8; ; ;1;1,004476916
44669;2;1;1; ;1;1;2;1;2;1;1;6;4;16;2;2;1,004476916
44672;2;1;1; ;2;1;1;1;1;1;1;2;6;14;4;1;1,004476916
44683;2;1;1; ;2;1;2;1;2; ; ;7;5; ;4;2;1,004476916
44692;2;1;1; ;1;1;1;1;2;1;1;7;6;15;5;5;1,004476916
44699;2;2; ;1;2;1;1;1;1;1;3; ;8; ;3;1;1,004476916
11136;1;1;2; ;2;1;1;1;2;1;2;7;8;12;1;1;1,005579357
20307;1;1;1; ;2;1;1;1;2;1; ;2;6;13;5;1;1,005579357
35055;1;1;1; ;2;2;1;1;1;1;3;4;8;15;1;1;1,005579357
39151;1;1;1; ;1;1;1;1;2;1;1;6;6; ;3;3;1,005579357
39154;1;2; ;2;1;1;2;4;1;1;2;7;7; ;4;2;1,005579357
29713;1;1;1; ;1;1;1;1;2;2;1;8;5;12;5;3;1,005605449
29753;1;1;1; ;1;1;1;1;1;1;1;4;5;17;1;1;1,005605449
29765;1; ;1; ;2;1;1;1;2;1;1;7;6;17;3; ;1,005605449
29782;1;1;1; ;1;1;1;1;4;7;1;9;5;16;1;1;1,005605449
29784;1;1;1; ;1;1;1;1;1;1;3;7;8; ;4;2;1,005605449
31384;1;1;1; ;2;1;1;1;1;1;3;7; ;15; ; ;1,005605449
31385;1;1;1; ;1;1;1;1;1;1;3; ; ; ;1;1;1,005605449
31390;1;1;1; ;1;1;1;1;1;1;1;2;6;16;1;1;1,005605449
31392;1;1;1; ;1;1;1;1;1;2;1;9;6;15;4;4;1,005605449
31398;1;1;1; ;1;1;1;1;2;6;2;9;6;16; ;3;1,005605449
31405;1; ;1; ;2;1;1;1;1;1;1;2;5;17;5;5;1,005605449
31409;1;1;1; ;1;1;1;1;1;1;3;7;8;14;1;1;1,005605449
31411;1;1;1; ;2;1;2;1;1;2;2;8;8;16;5; ;1,005605449
31425;1;1;1; ;1;2;1;1;1;1;1;4;6;14;2;2;1,005605449
31427;1;1;1; ;1;1;2;1;1;1;1;5;5;13;1;1;1,005605449
31431;1;1;1; ;1;1;2;1;1;1;3;7;7;15;2;1;1,005605449
31459;1;1;1; ;1;1;2;1;1;1;1;2;4;14; ; ;1,005605449
31462;1;1;1; ;1;1;1;1;4;7;4;9; ; ; ;2;1,005605449
31468;1;1;1; ;1;1;1;1;1;1;1;6;2;14;4;4;1,005605449
31472;1;1;1; ;1;1;2;1;1;1;4;6;6;14;1;4;1,005605449
31490;1;1;1; ;1;1;1;1;1;1;1;6;5;16;5;4;1,005605449
31495;1;1;1; ;1;1;1;1;1;2;1;8;6;15;3;2;1,005605449
31513;1;1;1; ;1;1;2;1;2; ;3; ;8; ; ;1;1,005605449
31516;1;1;1; ;2;1;2;1;1;1;1;7;7;12;2;2;1,005605449
31523;1;1;1; ;1;1;1;1;1;1;3;6;8;14;3;1;1,005605449
31529;1;1;1; ;1;2;1;1;1;1;1;3;6;15; ; ;1,005605449
31540;1;1;1; ;1;1;1;1;1;1;1;6;7;15;2;1;1,005605449
31542;1;1;1; ;2;1;2;1;5;2;1; ; ;16;4;1;1,005605449
31551;1;1;1; ;1;1;1;1;2;2;1;8;6;15;1;3;1,005605449
31564;1;1;1; ;1;1;1;1;1;1;1;4;4; ;4;4;1,005605449
31569;1;1;1; ;1;1;1;1;1;1;1;1;1;15;1;1;1,005605449
31573;1;1;1; ;1;1;1;1;2;1;1;7;5;16;1;1;1,005605449
31578;1; ;1; ;1;1;1;1;2;7;1;9;6;16;2;2;1,005605449
31584;1;1;1; ;1;1;1;1;1;1;3;7; ; ; ; ;1,005605449
31599;1; ;1; ;1;1;1;1;1;1;3;7;8; ;2;1;1,005605449
31696;1;1;1; ;2;1;2;1;1;1;1;7;4;15;5;5;1,005605449
31701;1;1;1; ;2;1;1;1;2;6;1;9;6; ; ;4;1,005605449
31707;1;1;1; ;1;1;1;1;1;1;3;6;8;16;4;1;1,005605449
31708;1;1;1; ;1;1;2;1;2;1;1;5;6;13;2;2;1,005605449
31729;1;1;1; ;2;2;2;2;1;1;1;3;6;17;2;2;1,005605449
31747;1;1;1; ;1;1;1;1;1;1;1;1;6;14;3;1;1,005605449
31754;1;1;1; ;1;1;1;1;1;1;1;6;6;16;1;1;1,005605449
31756;1;1;1; ;2;1;1;1;1;1;1;3;4;16;4;4;1,005605449
31761;1;1;1; ;1;1;1;1;2;7;2;9;8;17; ;1;1,005605449
31772;1;1;1; ;2;2;2;1;2;1;6;7;7;15;4;2;1,005605449
31782;1;1;1; ;1;1;2;1;1;1;1;2;3;14;1;2;1,005605449
31794;1;2; ;2;2;2;3;1;5; ;1; ;7;17; ;1;1,005605449
31798;1;1;1; ;1;1;1;1;2;1;1; ; ; ;1;1;1,005605449
31802;1; ;1; ;2;1;1;1;2;1;1; ; ;16;3;2;1,005605449
31806;1;1;1; ;1;1;1;1;1;1;1;4;6; ;4;1;1,005605449
31808;1;1;1; ;1;1;1;1;1;5;1;8;6; ;5; ;1,005605449
31812;1;1;1; ;2;1;1;1;1;1;2;7; ;13;1;1;1,005605449
31831;1;1;1; ;1;1;1;1;4;7;1;9;6;16;5;4;1,005605449
31863;1;1;1; ;1;1;1;1;1;1;1;4;4;17;4;4;1,005605449
32581;1;1;1; ;2;1;2;1;2;2;1;8;6;16;1;1;1,005605449
32614;1;1;1; ;1;1;1;1;1;1;1;2;5;17; ; ;1,005605449
33456;1;1;1; ;1;2;1;1;1;2;3;8; ; ;1;3;1,005605449
33461;1;1;1; ;2;1;2;1;1;4;3;8;8;15;4;4;1,005605449
33462;1;1;1; ;2;1;2;1;1;1;3; ;6; ;5;2;1,005605449
33472;1;1;1; ;2;1;1;1;2;1;1;2;6;17;3;2;1,005605449
33483;1;1;1; ;1;1;1;1;1;1;1;4;4; ;1;1;1,005605449
33514;1;1;1; ;1;1;1;1;1;1;5;4;5;14;4;1;1,005605449
33599;1;1;1; ;1;1;1;1;1;1;3;7;8;16; ; ;1,005605449
33612;1;1;1; ;1;1;1;1;2;1;1;6;6;14; ; ;1,005605449
33625;1;1;1; ;1;1;1;1;1;1;1;6;6;15;3;3;1,005605449
33638;1;1;1; ;1;1;2;1;1;1;1;7;7;17;4;3;1,005605449
33656;1;1;1; ;2;2;3;1;1;1;1;7;6;17;2;1;1,005605449
33657;1;1;1; ;1;1;1;1;1;1;1;6;6;17;1;2;1,005605449
33658;1;1;1; ;1;1;1;1;2;1;1; ; ;16;1;1;1,005605449
33666;1;2; ;1;1;2;1;1;2;1;1;6;6;16;2;1;1,005605449
33668;1;1;1; ;1;1;1;1;1;1;1;5;5;13;4;4;1,005605449
33671;1;1;2; ;1;1;1;1;1;1;1;6;2;15;2;1;1,005605449
33672;1;1;1; ;2;1;1;2;1;1;3;2; ;12;1;1;1,005605449
33682;1;1;1; ;1;2;2;1;1;1;1;7;6; ;4;2;1,005605449
33689;1;1;1; ;2;1;1;1;2;1;2;7;8;16;1;2;1,005605449
37932;1;1;1; ;1;1;1;1;1;1;1;4;6;16;4;4;1,005605449
37939;1;1;1; ;1;1;1;3;2;1;2;6;8;16;5;5;1,005605449
37955;1;1;1; ;1;1;1;1;2;2;3;8;8;15;2;2;1,005605449
37956;1;1;1; ;1;1;2;1;1;1;3;7;8;15;4;4;1,005605449
37964;1;1;1; ;1;1;1;1;1;1;1;6;6;15;4;4;1,005605449
37969;1;1;1; ;2;1;1;1;2;1;4;6;8;15;1;2;1,005605449
37971;1;1;1; ;1;1;1;1;1;1;2;6;8; ;2;2;1,005605449
37976;1;1;1; ;1;1;1;1;1;1;1;4;7;16;3;3;1,005605449
37994;1;1;1; ;1;1;1;1;1;1;3;7;8;13;4;1;1,005605449
37998;1;1;2; ;1;1;1; ;1;1;1;6;6;15;3;2;1,005605449
38001;1;1;1; ;1;1;2;1;1;1;1;6;6;14;2;1;1,005605449
38004;1;1;1; ;1;1;1;1;2;1;1; ;6; ;4;4;1,005605449
38014;1;1;1; ;1;1;1;1;1;1;1;6;6;16;2; ;1,005605449
38018;1;1;1; ;1;2;2;1;1;1;1;7;6;15;1;1;1,005605449
38020;1;1;1; ;2;1;1;1;2;1;3;2;8; ;1;2;1,005605449
38176;1; ;1; ;1;1;1;1;1;1;1;7;4;17;2;2;1,005605449
38186;1;1;1; ;1;1;1;1;1;1;1;1;1;12;4;3;1,005605449
38188;1;1;1; ;2;1;1;1;1;1;1;5;6;15;3;1;1,005605449
38192;1;1;1; ;1;1;1;1;2;1;1;7;7;16;3;2;1,005605449
38194;1;1;1; ;1;1;1;1;1;1;1;4;6;13;4;4;1,005605449
38208;1;1;1; ;2;1;2;1;1;1;1;7;5;13;4; ;1,005605449
38210;1;1;1; ;1;1;1;1;2;1;1;7;7;15;2;2;1,005605449
38217;1;1;1; ;1;1;1;1;1;1;3;6;8;15;1;1;1,005605449
38522;1;1;1; ;1;1;2;1;3;1;3; ; ;17;2;2;1,005605449
38863;1;1;1; ;1;1;1;1;1;1;3;7;8; ;2;1;1,005605449
38869;1;1;1; ;2;1;1;1;1;1;1;2;2; ;3;3;1,005605449
38928;1;1;1; ;2;2;2;1;1;1;1;7;2;16;5;5;1,005605449
38935;1;1;1; ;1;1;1;1;1;1;1;6;6;17;1;1;1,005605449
38945;1;1;1; ;2;1;2;1;1;1;2;6;8; ;1;2;1,005605449
38958;1;1;1; ;1;1;1;1;1;1;1;7;4;10;4;4;1,005605449
38970;1;1;1; ;1;1;1;2;1;1;1;7;6;16;3;3;1,005605449
39265;1; ;1; ;1;1;1;1;1;1;1;4;4;12;5;5;1,005605449
39284;1;1;1; ;1;1;1;1;1;1;2;7;8;15;2;2;1,005605449
39289;1;1;1; ;1;1;2;1;1;1;3;7;8;14;2;4;1,005605449
39430;1;1;1; ;1;1;1;1;2;1;2;7;8;16;5; ;1,005605449
39447;1;1;1; ;1;1;1;1;1;1;1;6;5;14;4;3;1,005605449
39454;1;1;1; ;1;2;2;1;2;1;1;7;6;13;1;1;1,005605449
39469;1;1;1; ;1;1;1;1;1;1;1;7;6;15;4;3;1,005605449
39487;1; ;2; ;2;1;1;1;2;1;2;7;8; ;4;4;1,005605449
39800;1;1;1; ;1;1;1;1;1;1;3;7; ;15;2;1;1,005605449
39811;1;1;1; ;1;2;1;1;2;1;1;4;4;15; ; ;1,005605449
39815;1;1;1; ;1;1;1;1;1;6;2;9;8; ; ;1;1,005605449
39844;1;1;1; ;1;1;1;1;1;1;3;7;8; ;2;1;1,005605449
39864;1;1;1; ;1;1;1;1;1;1;1;4;4;14;2;2;1,005605449
39865;1;1;1; ;1;1;1;1;1;1;1;6;6;15;3;1;1,005605449
39887;1;1;1; ;1;1;1;1;1;1;1;6;6;16;4; ;1,005605449
40804;1;1;1; ;1;1;1;1;1;1;1;6;6;16;3;1;1,005605449
41825;1;1;1; ;1;1;1;1;4;7;1;9; ;16; ;3;1,005605449
41837;1;2; ;1;2;3;3;3;1;2;2; ; ;16;1;1;1,005605449
43157;1; ;1; ;2;1;1;1;1;1;1;7;7;16;4;4;1,005605449
43158;1;1;1; ;1;2;2;1;1;1;1;5;7;16;4;4;1,005605449
43167;1;1;1; ;1;1;1;1;1;4;1;8;6; ;4;3;1,005605449
43188;1;1;1; ;1;1;1;1;1;1;4;7;8;16;5;5;1,005605449
43189;1;1;1; ;2;1;2;1;1;1;1; ; ;15;5; ;1,005605449
22659;1;1;1; ;2;1;1;1;2;1;1;7;2;15;5;1;1,005877952
28516;1; ;2; ;1;2;2;1;2;1;3; ;8;14;5;5;1,005947902
29169;1;1;1; ;2;1;1;1;1;1;1;6;6;19;5;5;1,005947902
29254;1;1;1; ;1;1;1;1;2;7;1;9;6;14; ;3;1,005947902
35631;1;2; ;1;2;1;1;1;2;1;1;2;2;13;1;1;1,005947902
16803;1; ; ; ;2;3;1;1;2; ;2;8;8;16;1;1;1,005982513
20201;1;1;2; ;2;1;1;1; ; ; ; ; ; ; ; ;1,006178693
28451;2;1;1; ;2;1;1;2;2;1;1;4;4;13;1;1;1,006454272
28486;2;1;1; ;2;1;1;1;2;1;2; ; ;7;4;5;1,006454272
29272;2;1;1; ;2;2;2;1;1;1;1; ;6;15;1;1;1,006454272
29275;2; ; ; ;1;1;1;1;1;1;4;6;6;14; ;1;1,006454272
29284;2;1;1; ;1;1;1;1;1;1;4;7;8;16;1;1;1,006454272
29382;2;1;1; ;1;1;1;1;2; ;1; ;6;16; ;4;1,006454272
29935;2;1;1; ;1;2;2;2;4;7;1;9;4;13; ;3;1,006454272
30038;2;1;1; ;1;1;1;1;2;1;1;5;5;15;2;2;1,006454272
30056;2;1;1; ;1;1;1;2;4;7;1;9;6;14; ;2;1,006454272
30291;2;2; ;1;1;1;1;4;1;1;1;6;6;15;1;1;1,006454272
35736;2;1;1; ;2;1;1;1;2;1;1;1;6;14;2;2;1,006454272
36426;1;1;1; ;2;1;2;1;2;4;4; ; ; ;2;2;1,007079284
44100;1;2; ;2;2;1;1;1;4; ;1; ;6;16; ;2;1,007079284
44158;1;1;1; ;1;1;1;1;1;1;1;7;6;14;2;2;1,007079284
18268;1;1;1; ;1;1;1;2;1;1;1;2; ;14;4;3;1,00774475
22065;1;1;1; ;2;1;1;1;1;1;1;6;5;15; ; ;1,00774475
22076;1;1;1; ;2;1;2;2;2;1;1;5;6;15;3;3;1,00774475
1402;2;1;2; ;1;2;3;1;2;1;1;6;8;15;4;5;1,008346177
1409;2;1;1; ;1;1;1;1;2;1;1;5;6;16;1;2;1,008346177
1416;2;1;1; ;1;1;1;2;1;5;1;8;2;12;2;2;1,008346177
4657;2;1;1; ;2;2;2;1;1;4;1;8;6;15;3;4;1,008346177
4660;2;1;1; ;1;1;2;1;1;1;4;7; ;16;2;2;1,008346177
4663;2;1;1; ;1;1;1;1;1;1;1;2;6;11;4;1;1,008346177
4676;2;1;1; ;1;1;1;1;1;1;1;4;4; ;4;4;1,008346177
4684;2;1;1; ;1;1;1;1;1;1;1;4;5;14;4;4;1,008346177
4687;2;1;1; ;1;1;1;1;2;4;1;7;6;15;1;2;1,008346177
5323;2; ;1; ;1;3;3;1;1;1;1;2;5;10;5;5;1,008346177
6417;2;1;1; ;1;1;1;1;1;1;3;6;6;15;5;5;1,008346177
6423;2; ;1; ;2;1;2;1;1;1;1;2;5; ;1;1;1,008346177
6426;2;1;1; ;1;1;2;1;1;1;1;7;6;15; ; ;1,008346177
6447;2;1;1; ;1;1;1;1;1;1;1;6;6;7;3;1;1,008346177
6450;2;1;1; ;1;1;1;1;1;1;1;6;6;15;2;2;1,008346177
6646;2; ;1; ;1;1;1;1;2;1;1;3;6;15;2;2;1,008346177
6648;2; ;1; ;2;2;1;1;2;1;3;6;8;17;5;1;1,008346177
6657;2;1;1; ;1;1;1;1;1;1;1;4;4;14;3; ;1,008346177
6667;2; ;1; ;1;1;1;1;2;4;1; ;6;15;2;2;1,008346177
6675;2;1;1; ;1;1;1;1;2;1;1;6;6;13;5;3;1,008346177
6677;2;1;1; ;1;1;1;1;2;1;1;7;6; ;5;3;1,008346177
6686;2;1;1; ;1;1;2;1;1;1;1;7;7;15;3;2;1,008346177
7374;2;1;1; ;1;1;1;1;2;1;1;4;6;13;5;4;1,008346177
7388;2;1;1; ;1;1;1;1;4;1;7;3;9;14;1;1;1,008346177
7396;2;1;1; ;1;1;1;1;2;1;1;2;5;14;5;5;1,008346177
7403;2; ;1; ;1;1;1;1;2;1; ;4;6; ;3;3;1,008346177
7406;2;1;1; ;1;1;1;2;2;1;1;4;6;14;5;1;1,008346177
12299;2;1;1; ;1;1;1;1;1;1;1;3;6;14;4;4;1,008346177
12304;2;1;1; ;1;1;1;1;1;1;1;6;6;15;4;4;1,008346177
14196;2;1;1; ;2;3;3;1;1;1;1;5;6;13;1;1;1,008346177
14659;2;1;2; ;1;2;2;1;1;1;1;3;6; ;4;4;1,008346177
15204;2;1;1; ;2;1;1;1;1;1;1;4;4;15;5;1;1,008346177
15212;2;1;1; ;1;1;2;1;1;1;1;6;6; ;2;1;1,008346177
15358;2;1;1; ;2;2;1;1;2;7;1; ;2;13; ;2;1,008346177
15393;2;1;1; ;2;1;1;1;2;1;1;5;2;14;3;1;1,008346177
16345;2;1;1; ;1;1;1;1;1;1;1;7;6;16;1;1;1,008346177
16349;2;1;1; ;1;1;1;1;1;1;3;6;8;16;2;1;1,008346177
16355;2;1;1; ;2;2;3;1;1;1;1;7;7; ;2;1;1,008346177
16357;2;1;1; ;1;1;1;1;1;1;1;4; ;16;4;4;1,008346177
16678;2; ;1; ;1;1;1;1;2;1;4;6; ;14;2;2;1,008346177
17979;2;1;1; ;1;1;1;1;1; ; ;4;5; ;2;1;1,008346177
18680;2;1;1; ;2;1;2;1;4;7;1;9;4;15; ;2;1,008346177
18683;2;1;1; ;2;1;1;1;2;1;1;7;5;15;3;1;1,008346177
18697;2;1;1; ;1;1;1;1;1;4;1;8;4;13;2;2;1,008346177
18702;2;1;1; ;1;1;1;1;1;1;1;7;6;16;4;1;1,008346177
18709;2;1;1; ;1;1;1;1;1;1;3;3;8;15;4;1;1,008346177
18718;2; ;1; ;2;1; ;1;1;1;1;6;6; ;1;1;1,008346177
18730;2;1;1; ;1;1;1;1;1;1;1;6;6;15;2;2;1,008346177
18776;2;1;1; ;2;1;1;1;2;7;1;9;6; ; ;1;1,008346177
18780;2;1;1; ;1;1;3;5;4;7;7;9;9; ;2;2;1,008346177
18789;2; ;1; ;1;1;1;1;1;1;1;4;5;17;3;3;1,008346177
18795;2;1;1; ;1;1;1;1;1;1;1;4;4; ;1;1;1,008346177
19946;2; ;1; ;2;1;1;1;1;1;1;6;6;13;1;1;1,008346177
19963;2; ;1; ;1;1;2;1;1;3;1; ;5;15;5;5;1,008346177
19973;2;1;1; ;1;1;1;1;1;1;1;4;6;15;4;4;1,008346177
20236;2; ;1; ;1;1;1;1;1;1;1;3;4;15;4;2;1,008346177
20241;2;1;1; ;1;1;1;1;1;1;1;4;4;14;2;2;1,008346177
20249;2;1;1; ;2;2;2;1;2;1;1; ; ;16; ;2;1,008346177
20254;2;1;1; ;1;1;1;1;2;1;1;4;4;14;4;4;1,008346177
20257;2;1;1; ;2;2;2;1;2;1;1;2;2;16;2;2;1,008346177
22551;2;1;1; ;1;1;1;1;1;1;1;2;2;16;4;4;1,008346177
22554;2;1;1; ;1;1;1;1;2;1;1;4;4;16;4;3;1,008346177
22569;2; ;1; ;1;1;1;2;1;1;1;7;6;15;3;3;1,008346177
22573;2;1;1; ;1;1;1;1;1;1;1;6;5;16;2;2;1,008346177
22575;2;1;1; ;1;1;2;1;2;1;1;7;4; ;1;1;1,008346177
22581;2;1;1; ;2;1;1;1;1;5;1; ;6;15;3;3;1,008346177
22584;2;1;1; ;1;1;1;1;1;1;1;4;4;16;3;3;1,008346177
23139;2;1;1; ;2;2;2;1;1;1;3;6;8; ;1;1;1,008346177
23145;2;1;1; ;1;1;1;1;1;1;1;6;4;16;2;2;1,008346177
23149;2;1;1; ;1;1;2;1;2;1;1; ;7;15;3;3;1,008346177
23153;2;1;1; ;1;1;2;1;1;1;1;4;6;15;2;3;1,008346177
23154;2;1;1; ;1;1;1;1;1;1;1;4;6;13;1;1;1,008346177
23177;2;1;1; ;1;1;1;1;2;1;1;6;6;14;4;4;1,008346177
24065;2;1;1; ;1;1;2;1;2;1;1;7;6;15;3;1;1,008346177
24078;2;1;1; ;1;1;1;1;1;1;1;2;2;16;3;2;1,008346177
28318;2; ;1; ;1;1;1;1;2;1;1;6;6;15;2;2;1,008346177
33276;2;1;1; ;1;1;1;1;1;1;1;2;6;16;2;2;1,008346177
35176;2;1;1; ;1;1;1;1;1;1;1;4;5;14;4;4;1,008346177
35180;2;1;3; ;1;1;1;4;2;1;1;4;5;14;3;5;1,008346177
35190;2;1;1; ;1;1;1;1;2;1;1;7;6;16;2;3;1,008346177
35193;2;1;1; ;1;1;1;1;1;1;1;4;4;14;2;2;1,008346177
35195;2; ;1; ;1;1;1;1;1;1;3;4;9;14;2;1;1,008346177
35201;2;1;1; ;2;1;1;1;1;1;3;7;8; ;1;1;1,008346177
35209;2;1;1; ;1;1;1;1;1;1;1;3;4;16;3;3;1,008346177
35212;2;1;1; ;2;1;2;1;1;1;1;6;6;14;3;3;1,008346177
37465;2;1;1; ;1;2;2;1;2;1;1;2;2;14;2;2;1,008346177
39621;2;1;1; ;1;1;1;1;2;1;1;4;4; ;3;2;1,008346177
39635;2;1;1; ;1;1;1;1;1;1;2;4;4;14;3;3;1,008346177
39640;2;1;1; ;1;1;2;1;2;7; ;9;2;17; ;2;1,008346177
39645;2;1;1; ;1;1;2;1;1;1;1;3;6;15;3;2;1,008346177
39655;2;1;1; ;1;1;1;1;1;1;3;4;4;10;3;2;1,008346177
42977;2;1;1; ;1;1;1;1;1;1;1;7;4;14;5;5;1,008346177
43038;2;1;1; ;2;1;1;1;1;1;2;6;8;16;1;1;1,008346177
43059;2;1;1; ;1;1;2;1;2;1;1;6;6; ;3;1;1,008346177
43083;2;1;1; ;1;1;1;1;1;1;1;6;5; ;4;3;1,008346177
44748;2;1;1; ;1;1;1;1;1;1;3;7;8; ;1;1;1,008346177
44786;2;1;1; ;2;2;2;1;1;1;1;6;6;13;3;3;1,008346177
1487;2;1;1; ;2;1;2;2;2;1;1;6;5;15;5;4;1,008456566
3022;2;1;1; ;1;2;1;1;1;1;1;2;2;15;3;3;1,008456566
3273;2;2; ;2;2;1;1;4;1;1;1;6;6;15;3;2;1,008456566
13801;2;1;1; ;1;1;1;1;2;1;1;6; ;15;5;1;1,008456566
14866;2;1;1; ;1;1;1;1;1;1;1;4;4;14;4;2;1,008456566
36621;2;1;1; ;2;1;1;1;1;1;1;7;7; ;1;1;1,008456566
16872;2;1;1; ;2;1;1;1;2;1;1;3;6;17;1;1;1,008840033
16892;2; ;1; ;1;1;1;1;2;1;4;6;6;15;3;2;1,008840033
17916;2;1;1; ;1;1;1;1;2;1;1;5;2;13;2;2;1,008840033
17941;2;2; ;4;2;2;2;1;2;1;2;1;6;15;1;1;1,008840033
41158;2;1;1; ;1;1;2;1;2;1;1;4;6;15;3;4;1,008840033
41179;2;1;1; ;1;1;1;1;1;5;1;5;5;14;5;5;1,008840033
41185;2;1;1; ;2;1;2;1;1;5;1;7;5;15;4;3;1,008840033
41189;2;1;1; ;1;1;1;1;1;1;1;5;6;13;5;5;1,008840033
41196;2;1;1; ;2;2;2;1;2;1;2; ; ;17;1;1;1,008840033
42318;2;1;1; ;1;2;2;1;1;1;1;2;6;15;3;3;1,008840033
42351;2; ;1; ;2;1;1;1;2;1;1;2;2; ;1;2;1,008840033
42352;2;1;1; ;1;1;1;1;1;1;3;4;6;13;5;1;1,008840033
42362;2;1;1; ;1;2;1; ;2;1;2;2;8;14;5;2;1,008840033
42368;2;1;1; ;1;1;1;1;1;1;1;6;4;16;4;4;1,008840033
43675;2;1;1; ;2;1;2;1;2;1;1;2;6;16;2;2;1,008840033
43739;2;1;1; ;2;1;1;1;1;2;2; ; ;12; ; ;1,008840033
44376;2;1;1; ;1;1;1;1;2;7;1;9;6;15; ;3;1,008840033
44454;2;1;1; ;1;1;1;1;1;5;1;2;6; ;2;1;1,008840033
44493;2;1;1; ;2;1;2;1;1;1;1;4;6;16;1;1;1,008840033
44516;2;1;2; ;2;1;2;1;2;1;1;6;6;12;4;4;1,008840033
44524;2;1;1; ;2;1;1;1;1;4;1; ;3;17;1;1;1,008840033
44702;2;1;2; ;1;1;1;1;1;1;1;7;6;13;3;3;1,008840033
9948; ;1;1; ;1;1;2;2;2;1;1;7;6;10;4;2;1,009302055
39764;2; ;1; ;1;1;1;1;1;1;1;5;6; ;2;2;1,009366612
5723;1;2; ;4;1;1;1;1;1;1;1;2;6;16;1;1;1,009375504
5724;1;2; ;2;2;1;1;1;2;2;1;9;9;15;4;1;1,009375504
11687;1;1;1; ;1;1;1;1;1;1;1; ; ;14;4;1;1,009375504
13674;1;1;1; ;1;1;1;1;1;1;1;4;4;7;5;4;1,009375504
14928;1;1;1; ;2;1;1;1;1;5;1; ; ;16;1;1;1,009375504
19097;1;1;2; ;2;2;2;1; ; ;4;9;8;16;1;1;1,009375504
16542;1;1;1; ;1;1;1;1;2;7;1;9;2;13; ; ;1,009706703
19918;1;1;1; ;2;2;3;1;1;2;2; ; ;16; ; ;1,009706703
19084;1;1;2; ;2;1;2;2;1;1;2;6;8;17;3;3;1,009780182
29037;1;2; ;2;1;2;2;1;2;2;1; ;6;16; ; ;1,009973468
29761;1;1;1; ;2;1;1;1;2; ;1; ;6;15; ;1;1,009973468
29764;1;1;1; ;2;1;1;1;1;1;1;2;4;15;1;1;1,009973468
29769;1;1;1; ;1;1;1;1;1;1;3; ; ;15;2;1;1,009973468
31439;1;2; ;4; ;2; ; ; ;1;2; ; ;16; ; ;1,009973468
31548;1;1;2; ;1;2;2;1;1;1;4;6;8;16;4;4;1,009973468
31557;1;1;1; ;1;1;1;1;2;1;1;7;5;10;3;1;1,009973468
31765;1; ;2; ;2;1;2;1;1;1;3; ; ; ;1;1;1,009973468
31766;1;1;1; ;1;1;1;1;2;1;3;7;6;14; ;2;1,009973468
31779;1;2; ;2;2;2;2;1;2; ;2; ;8;15; ;3;1,009973468
32594;1;1;1; ;2;1;2;1;2;1;1;3;7;16; ; ;1,009973468
32599;1;1;1; ;1;1;1;1;2;1;1;4;4;15;3; ;1,009973468
33351;1;1;1; ;1;1;1;1;1;1;1;6;6;15;2;2;1,009973468
33497;1;1;1; ;1;1;1;1;1;1;1;4;4;12;2;2;1,009973468
33512;1;1;2; ;2;1;1;1;2;1;1;2;2;11;5;1;1,009973468
33519;1;1;1; ;2;1;1;1;1;1;1;4;5;15;1;2;1,009973468
37960;1;1;1; ;2;2;3;1;2;1;1;3;7; ;1;1;1,009973468
37968;1;1;1; ;2;2;2;1;1;5;3; ; ; ;1;1;1,009973468
37997;1;1;1; ;2;3;2;1;1;1;3;7; ; ;4;4;1,009973468
38010;1;1;2; ;1;2;2;1;1;1;1;7;7;16;1;1;1,009973468
38011;1;1;1; ;1;1;1;1;1;2;1;6;4;10;4;4;1,009973468
38211;1;1;1; ;1;1;1;1;2;2;1;6;4;15;4;3;1,009973468
38915;1;1;1; ;2;1;2;1;1;1;1;7;7;14;2;2;1,009973468
38917;1;1;2; ;2;2;1;1;1;1;1;7;6;17;4;4;1,009973468
38926;1;2; ;4;2;1;1;1;2;7;1;9; ;14; ;1;1,009973468
38954;1;1;1; ;2;2;3;1;1;1;1;7;5;15;4;4;1,009973468
39262;1; ; ;2;2;1;2;1;2;2;3;8;8;12;4;3;1,009973468
39277;1;1;1; ;2;2;2;1;1;1;1;7;5;13;4;4;1,009973468
39298;1;2; ;4;1;1;2;1;2;1;1;7;6;16;1;1;1,009973468
39300;1;1;1; ;1;1;1;1;2;1;2;6;8;16;4;4;1,009973468
39802;1;1;1; ;1;1;1;2;2; ;1; ;5;16; ;1;1,009973468
39808;1; ;1; ;2;1;2;1;1;1;3;6;8;14;4;5;1,009973468
39841;1;1;1; ;2;1;2;1;1;1;1;2;6;15;2;2;1,009973468
39880;1;1;1; ;2;1;1;1;1;1;3;3;8;16;2;1;1,009973468
41814;1;1;2; ;1;1;1;1;2;2;3;8;8;15;1;1;1,009973468
43202;1;1;1; ;1;1;1;1;2;1;1; ; ;15;4;4;1,009973468
30681;1;1;1; ;1;1;1;1;2;1;1;7;7;14;5;4;1,010549203
36440;1;1;1; ;1;1;1;1;2;1;1;7;2;13;4;4;1,011453705
44095;1;1;1; ;2;1;1;2;1;1;1; ; ;14;3;2;1,011453705
44170;1;1;1; ;1;1;2;2;1;1;1;7;4;16;4;2;1,011453705
3910;2;1;1; ;1;1;1;1;1;1;1;5;6;15;4;2;1,011924167
3918;2;1;1; ;1;1;1;1;1;1;1;2;2;13;3;3;1,011924167
3928;2;1;1; ;1;2;2;1;1;5;1;8;6;16;4;4;1,011924167
3943;2;1;1; ;1;1;2;2;2;7;1;9;7;15;1;1;1,011924167
4080;2;1;1; ;1;1;1;1;1;1;1;6;6;15;5;4;1,011924167
4084;2;1;1; ;1;1;1;1;2;1;1;3;2;14;4;4;1,011924167
4087;2; ;1; ;1;1;2;1;1;1;1;5;5;13; ; ;1,011924167
4103;2; ;1; ;1;1;1;1;2;1;1;2;6;13;2;2;1,011924167
4109;2;1;1; ;1;1;1;1;1;1;3;4;8;16;2;2;1,011924167
4110;2;1;1; ;1;1;1;1;2;4;1;6;6;15;5;4;1,011924167
7231;2;1;1; ;1;1;1;4;2;1;1;7;4;16;4;1;1,011924167
7246;2;1;1; ;2;1;1;1;1;1;1;7;6;16;5;5;1,011924167
7634;2;1;1; ;1;1;1;1;1;1;1;4;5;12;4;4;1,011924167
7640;2;1;1; ;1;1;2;1;1;1;1;2;6;16;2;2;1,011924167
14248;2;1;1; ;2;1;2;1;1;4;1;2;6; ;1;1;1,011924167
14271;2; ;1; ;1;1;1;1;5;7;1;9;6;15; ;3;1,011924167
15577;2; ;1; ;2;1;2;1;2;7;1;9;7;16; ;1;1,011924167
15580;2;1;1; ;1;1;1;1;1;1;4;1;6; ;5;5;1,011924167
15583;2;1;1; ;2;2;3;1;2;1;1;7;5;16;3;2;1,011924167
15592;2; ;2; ;2;3;2;3;1;1;1;2;2; ;4;4;1,011924167
16929;2; ;1; ;1;1;1;1;2;1;1;3;7;15;5;5;1,011924167
18506;2;1;3; ;1;1;1;4;4;1;7;4;9;17;3;3;1,011924167
18520;2;1;1; ;1;1;1;1;1;2;1;6;6; ;2;1;1,011924167
18535;2;1;1; ;1;1;1;1;1;1;1;5;2; ;4;1;1,011924167
18557;2;1;1; ;1;1;1;1;1;1;1;5;4;14;4;2;1,011924167
18563;2;1;1; ;1;1;1;4;1;1;1;6;2;16;3;2;1,011924167
18578;2;1;2; ;2;2;1;3;2;1;1; ; ;16;3;3;1,011924167
18582;2; ;1; ;1;1;1;1;1;1;1;2;4;14;3;2;1,011924167
20710;2;1;1; ;1;1;1;1;2;1;1;7;6;16;5;4;1,011924167
20714;2; ;1; ;1;1;1;1;1;1;1;5;6;14;3;3;1,011924167
20715;2; ;1; ;2;1;2;1;4;1;7;6;9;16;1;1;1,011924167
21455;2;1;2; ;1;1;1;1;1;1;1;2;2;13;3;3;1,011924167
21458;2;1;1; ;1;1;1;1;2;1;1;5;4;16;5;4;1,011924167
21463;2;1;1; ;1;1;1;1;5;1;3;1;8;15;4;2;1,011924167
21464;2;1;1; ;1;1;1;1;1;1;1;6;4;15;2;2;1,011924167
21465;2;1;1; ;1;2;1;1;1;1;1;7;5;16;4;1;1,011924167
21468;2;1;1; ;1;1;1;1;1;1;1;4;5;14;2;2;1,011924167
40725;2;1;1; ;2;1;1;1;1;1;1; ;6; ;1;1;1,011924167
40726;2; ;1; ;1;1;1;1;2;6;4;9;8; ;1;1;1,011924167
40731;2;1;2; ;1;2;2;1;1;1;1;1;1;17;3;1;1,011924167
40735;2; ;1; ;1;1;1;1;2;2;1;7;5;7;4;3;1,011924167
40746;2;1;2; ;1;1;1;1;1;1;3;3;8;16;3;4;1,011924167
40754;2;1;1; ;2;1;2;1;1;1;1;2;6;16;3;3;1,011924167
12838;2;1;1; ;2;1;1; ;2;6;1;9;6;15; ;1;1,012143661
40643;2;1;1; ;2;1;2;1;1;1;3;7;6;15;4;2;1,012226724
4667;2;1;1; ;1;3;2;1;1;1;1; ; ;17;1;1;1,012726101
5571;2;1;2; ;2;1;3;1;2;1;1;6;6;16;4;1;1,012726101
6642;2;1;1; ;1;1;1;1;2;1;1;4;6;14;3;1;1,012726101
7377;2;1;1; ;2;1;2;1;1;1;1;5;5;16;1;1;1,012726101
8773;2;1;2; ;1;2;2;3; ;1;2;9;8;13;2;2;1,012726101
9112;2;1;1; ;2;1;1;1;2;1;1;4;5;12;4;4;1,012726101
9811;2;2; ;4;2;1;1;1;2;1;1;6;6;10;1;1;1,012726101
14194;2;2; ;2;2;2;2;4;2;7;3;9; ;14; ; ;1,012726101
14209;2;1;1; ;1;1;1;1;1;1;1;4;4;14;3;2;1,012726101
15374;2;1;1; ;1;1;2;1;1;2;1; ;6;14;2;2;1,012726101
17978;2; ; ;2;2;1;1;1;4;7;1;9;5;16; ;4;1,012726101
18714;2; ;1; ;2;1;1;1;2;4;7;7;9;14;1;1;1,012726101
18782;2;1;1; ;1;1;1;1;2;1;1;6;6;15;1;3;1,012726101
20260;2;1;1; ;1;1;2;1;1;1;1;3;6;14;4;3;1,012726101
23162;2;1;1; ;2;1;2;1;1;1;1;6;7;13;1;1;1,012726101
37368;2;1;1; ;2;1;1;1;2;1;2;4;6;15;3;5;1,012726101
37493;2;1;2; ;2;3;2;1;1;4;3;6;8;17;1;1;1,012726101
39626;2;1;1; ;1;1;1;1;2;1;1;2;3;14;4;3;1,012726101
39648;2;1;1; ;1;1;1;1;1;1;1;5;6;14;4;4;1,012726101
43064;2;1;1; ;1;1;1;1;2;1;1;4; ;16;3;5;1,012726101
43098;2;1;2; ;1;1;1;1;1;1;1;2;6;13;1;2;1,012726101
12440;1;1;1; ;2;1;2;1;1;1;1;2;7;8;5;5;1,013230195
12594;1;1;1; ;2;2;1;1; ;7;1; ;6;15;5;1;1,013230195
12613;1;1;1; ;2;1;2;2;2;1;1;7;2;12;3;3;1,013230195
17718;1;1;1; ;2;1;1;2;1;1;1;6;6;8;4;1;1,013230195
11856;2;1;1; ;1;1;1;1;2;1;2;2;8;16;1;1;1,0133447
11859;2;1;1; ;1;1;1;1;2;1;1;2;6;15;3;2;1,0133447
31582;2;1;2; ;2;1;2;1;1;4;1; ; ;15;2;2;1,013632456
38824;2;1;1; ;2;1;1;1;1;4;3;7; ;15;1;1;1,013632456
9883;1;1;2; ;2;1;1;1;1;3;3;8;8;12;4;1;1,013686131
9888;1;1;1; ;2;1;1;2;2;1;1;6;6;7; ; ;1,013686131
16447;1;2; ;2;1;1;1;1;1;1;3;7;8;15;4;3;1,013686131
6171;2;1;1; ;1;1;1;2;1;1;3;1;8;12;5;5;1,013821234
887;2; ; ;4;2;2;2;1;1;1;1;3;3;15;3;2;1,015372327
947;2;1;1; ;2;1;1;2;1;1;1;5;5;14;4;2;1,015372327
8420;1;1;2; ;2;2;2;1;1;1;1; ; ;16;1;1;1,015958042
8457;1; ;1; ;1;1;1;1;1;1;1;6;6;6;5;5;1,015958042
13816;1;1;1; ;1;1;1;1;1;1;1;4;5;15;4;4;1,015958042
14669;1; ;2; ;2;1;2;1;1;2;2;8;8;15;4;4;1,015958042
23422;1;1;1; ;1;1;1;2;4;1;7;3;3;13;5;3;1,015958042
7213;2;1;1; ;1;1;2;2;1;1;1;2;4;13;4;4;1,016319633
7226;2;1;1; ;2;1;2;1;1;1;1;7;6;16;3;3;1,016319633
7229;2;1; ; ;1;2;2;1;1;1;1; ; ;14;5;4;1,016319633
7341;2;1;1; ;1;1;1;1;1;1;3;2;8;14;4;4;1,016319633
7365;2; ; ;4;1;1;1;1;2;4;1;8;7;17;2;4;1,016319633
14252;2; ;1; ;2;2;2;1;2;1;3; ;6;16;1;1;1,016319633
14267;2;1;1; ;1;1;2;1;2;1;1;2;2;16;4;1;1,016319633
14276;2; ;1; ;2;1;1;1;4;1;7;2;9;17;4;4;1,016319633
15574;2;1;2; ;2;1;1;1;2;6;1;6;6;15;5;3;1,016319633
15587;2; ;1; ;1;1;1;1;2;1;1;6; ;15;1;1;1,016319633
15612;2;1;1; ;1;1;1;1;2;1;1;5;6;15;1;1;1,016319633
16903;2;1;1; ;1;1;1;1;5;1;1;6;4;12;5;2;1,016319633
18527;2;1;1; ;2;2;2;1;1;5;1;8;6; ;1;1;1,016319633
18573;2;1;1; ;2;1;1;1;1;5;1; ; ; ;1;1;1,016319633
20701;2; ;1; ;1;1;1;1;2;1;1;5;5;13;5;5;1,016319633
21460;2; ;1; ;2;1;1;1;1;1;1;6;6;14;1;1;1,016319633
21474;2;1;1; ;1;1; ;1;1;1;1;6;6; ;4;1;1,016319633
9070;1;1;1; ;2;1;1;2;4;7;1;9;4;14; ; ;1,016542876
15409;1;1;1; ;1;1;1;1;2;1;1;7;2;10;5;1;1,016542876
16689;1;1;1; ;2;1;1;2;1;1;1;7;6;6;1;5;1,016542876
16699;1;1;1; ;2;3;3;1;1;1;1; ; ;17; ; ;1,016542876
16705;1; ;1; ;1;1;1;1;1;1;1;4;4;15;3;3;1,016542876
16706;1; ;1; ;1;1;1;1;2;1;3; ; ; ;1;1;1,016542876
16709;1;1;1; ;2;2;2;2;1;1;1;2;3;16;5;4;1,016542876
16943;1;1;1; ;1;1;1;1;2;1;1;7;6;16;4;3;1,016542876
16945;1;1;1; ;1;1;1;1;1;1;1;4;4;14;5;5;1,016542876
16954;1;1;1; ;2;2;3;1;1;1;1; ; ;14;3;2;1,016542876
16964;1;1;1; ;1;1;1;1;2;1;1; ;5;12;3;3;1,016542876
16966;1;1;1; ;1;1;1;1;1;1;1;2;5;13;5;5;1,016542876
16973;1;1;1; ;1;1;1;1;1;1;1;4;6;16;4;4;1,016542876
16979;1;1;1; ;1;1;1;1;1;1;1;2;4;14;2;2;1,016542876
18719;1;1;1; ;2;1;3;1;5;7;1;3;7;17;5;5;1,016542876
18725;1;1;1; ;1;1;1;1;1;1;1;7;7; ;1;1;1,016542876
18729;1;1;1; ;1;1;1;1;1;1;1;6;5;12; ; ;1,016542876
18743;1;1;1; ;1;1;1;2;1;1;1; ; ;16;4;4;1,016542876
18755;1;1;2; ;2;1;2;1;2;1;1;2;6;17;4;3;1,016542876
22650;1; ;2; ;2;2;2;1;1;1;1;1;4;17;1;1;1,016542876
23099;1;1;1; ;2;1;2;1;1;1;1;2;6;15;1;1;1,016542876
23119;1;1;1; ;1;1;1;1;1;1;1;6;6;15;3;3;1,016542876
23129;1;1;2; ;2;1;1;1;1;1;1;6;6;12;3;3;1,016542876
23135;1;1;1; ;1;1;1;2;1;1;1; ;6;8;5;5;1,016542876
30346;1;1;1; ;2;1;1;1;2;1;1; ; ;15;4;3;1,016542876
30347;1;1;1; ;2;1;1;1;1;1;1;7;6; ;1;1;1,016542876
30352;1;1;1; ;2;1;1;1;5; ;1;9;9;16;1;1;1,016542876
30387;1;1;1; ;2;2;3;1;1;1;4;6; ;11;5;1;1,016542876
28437;1;1;2; ;1;1;1;1;1;1;3;7;8;15; ; ;1,016613567
28487;1;1;1; ;1;1;1;1;1;1;1;6;6;16;2;1;1,017021146
35723;1;1;1; ;2;2;2;1;2;7;1;9;6;17; ; ;1,017021146
41682;1;1;3; ;1;1;1;4;1;1;1;4;6;14;4;3;1,017021146
33764;2;1;2; ;1;1;1;4;1;1;1;6;4;15;3;1;1,017130544
33879;2; ;1; ;1;1;2;2;2;1;1;7;4;15; ; ;1,017130544
19873;1;1;1; ;2;1;1;1;4;1;7;7;9;13;4; ;1,01739113
37407;1;1;1; ;2;2;1;1;1;1;1;6;6;15;3;3;1,01739113
16097;2; ;1; ;2;1;1;2;2;3;1;8;5;15;5;1;1,017974617
19517;2;1;1; ;1;1;1;1;2;6;4; ;5;15;1;1;1,017974617
31044;2;1;1; ;2;1;1;1;1;1;4;7;7;14;1;1;1,017974617
6209;2;1;1; ;1;1;1;1;1;1;1;2;2;14;5;5;1,01822494
13629;2;1;1; ;1;1;1;1;2;1;7;4;9;15;5; ;1,01822494
21129;2;1;3; ;1;1;1;4;2;1;1;6;6;13;5;4;1,01822494
16515;2;2; ;4;2;3;3;1;1;1;3;3;8;14; ; ;1,018382742
8464;2;1;1; ;1;1;1;1;2;1;1;6;6;15;3;1;1,020364827
13829;1;1;1; ;2;1;1;1;2;6;4; ;9;15; ;4;1,02037103
14694;1;1;2; ;1;2;2;1;4; ;1;9;6;13; ;4;1,02037103
23070;1;1;1; ;1;2;1;1;2;1;1;7;2;16;2;2;1,02037103
16715;1;1;2; ;2;1;1;1;2;1;1;7;6;16;3;3;1,020958404
18737;1; ;1; ;2;2;2;1;1;1;1;7;6;16;5;5;1,020958404
23109;1;1;1; ;2;1;1;1;1;1;1;7;7;16;4;4;1,020958404
28536;1; ;1; ;2;1;1;1;1;1;1;7;6;13;4;1;1,021029402
29481;1;1;1; ;1;2;3;1;1;1;1;6;6;10; ; ;1,021029402
29934;1;1;1; ;1;1;1;1;1;1;1;4;4;12;4;4;1,021029402
29961;1;1;1; ;1;1;1;1;2;1;1;4;5;15;3;2;1,021029402
35628;1;1;2; ;1;1;2;1;1;1;1;3;6; ;2;2;1,021029402
38325;1;1;1; ;2;1;1;1;1;1;1;4;5;12;4;4;1,021029402
14274;1; ;2; ;2;2;2;1; ; ;1; ; ;13; ;4;1,021431257
17514;2;1;1; ;1;1;1;1;1;1;1;6;6;14;3;1;1,021562333
20292;2; ;1; ;1;1;2;1;1;1;1;4;6;10;5;4;1,021562333
39181;2;2; ; ;1;2;2;1;1;2;1; ;1; ;5;5;1,021562333
6459;1;1;1; ;1;1;1;1;1;1;1;6; ;13;5;5;1,021706436
13491;1;1;2; ;1;1;1;2;1;1;1;7;7;14;1;1;1,021706436
21110;1;1;1; ;1;1;2;1;1;4;1;7;6;14;3;2;1,021706436
24629;2;1;1; ;2;1;1;1;2;1;1;7;5;15;4;1;1,021920802
23796;1;1;2; ;1;1;1;1;2; ;1; ;6;12; ;1;1,022153824
36396;1;2; ;1;1;1;1;1;2;1;1; ;2;13; ; ;1,022177746
36407;1;1;1; ;1;1;1;1;1;1;1;7;4;16;2;2;1,022177746
36415;1;1;1; ;1;1;1;2;1;1;1;2;6;16;5;2;1,022177746
36418;1;1;1; ;1;1;1;1;2;1;1;7;6;15;2;2;1,022177746
36472;1;1;1; ;1;1;1;1;1;1;1;4;5;12;4;1;1,022177746
36473;1;1;1; ;2;1;1;1;2;2;1;8;6; ;1;1;1,022177746
36480;1;1;3; ;1;1;1;1;1;1;3;4;8;16;1;2;1,022177746
44105;1; ;2; ;2;2;2;1;1;1; ;2; ;14; ; ;1,022177746
44115;1;1;1; ;1;1;1;1;1;1;1;7;7;15;4;1;1,022177746
44116;1;1;2; ;2;1;1;1;2;1; ;7; ;15;4;1;1,022177746
44126;1;1;2; ;1;1;1;1;2;1;3;7;8;15;1;2;1,022177746
44152;1;1;1; ;1;1;1;1;2;2;1;8;5;15;2;2;1,022177746
44166;1;1;2; ;1;1;1;1;1;1;1;2; ;15;4;4;1,022177746
43523;1; ;3; ;1;1;1;4;1;1;1;4;8;13;5;3;1,022348053
40917;2; ; ;4;1;1;1;1;1;2;1;8;6;14;2;2;1,022962729
42230;2;1;1; ;1;1;1;1;2;1;1;2;5;14;3;1;1,022962729
42276;2; ;1; ;1;1;2;1;2;1;1; ; ; ;4;4;1,022962729
13458;2;1;1; ;2;1;1;1;1;5;1; ;1;16; ; ;1,023285107
7158;2;1;1; ;2;1;1;1;4;7;1;9;7;16; ;4;1,024796957
24341;2;1;1; ;1;1;1;1;1;1;1;4;5;11;4;2;1,024796957
39014;2;1;1; ;1;1;1;1;2;4;1;8;5;11;1;2;1,024796957
3188;2;1;1; ;1;1;1;1;2;1;1;4;4;12;5;4;1,025327351
15866;2; ;1; ;1;1;1;1;2;1;1; ;4; ;4;3;1,025926981
212;2;1;1; ;1;1;1;1;2;5;1;8;6;15;4;4;1,026137916
226;2;1;1; ;1;1;1;1;1;1;1;7;5;14;5;5;1,026137916
232;2;1;1; ;1;1;1;2;4;1;7;5;9;15;4; ;1,026137916
234;2; ;1; ;2;1;1;1;2;6;1;8;7;15;3;3;1,026137916
244;2; ;1; ;1;1;1;1;2;5;1;7;6;15;3;2;1,026137916
252;2;1;1; ;1;1;1;1;2;1;1;4;6;15;4;3;1,026137916
279;2;1;1; ;1;1;1;2;1;1;1;5;3;16; ; ;1,026137916
306;2;1;1; ;1;1;1;1;1;1;1;4;4;12;4;4;1,026137916
308;2; ;1; ;2;1;2;1;4;7;1;9;6; ; ;2;1,026137916
316;2;1;1; ;1;1;1;1;1;1;1;2;6;16;1;1;1,026137916
875;2;1;1; ;1;1;1;1;2;1;1;2;6;15;5;4;1,026137916
883;2;1;1; ;1;1;1;1;1;1;1;3;6;14;4;4;1,026137916
891;2;1;1; ;1;1;1;1;2;1;1; ; ; ;3;1;1,026137916
894;2; ;1; ;2;1;1;1;4; ;1;9;5;15; ;2;1,026137916
897;2;1;1; ;2;1;1;1;4;5;7; ;9; ;1;1;1,026137916
936;2;1;1; ;1;1;1;1;1;1;1;3;4;15;2;2;1,026137916
951;2;1;1; ;1;1;1;1;2;1;1;3;7;15;4;4;1,026137916
952;2; ;1; ;1;1;1;1;1;1;1;3;6;15;4;3;1,026137916
991;2;1;1; ;1;1;3;1;1;1;1;2;6;14;2;2;1,026137916
1066;2;1;1; ;1;2;3;1;2;7;1;9; ;15; ;1;1,026137916
23294;2;1;1; ;2;1;2;1; ;1;1;7;7;15;3;3;1,026137916
27185;2;1;1; ;1;1;1;1;1;1;3;4;8;15;3;1;1,026137916
27190;2;1;2; ;2;1;1;1;2;1;2;7;6;15;4;3;1,026137916
27192;2;1;1; ;1;1;1;1;1;1;3;2;8; ;1;1;1,026137916
27198;2; ;1; ;1;1;1;1;1;1;1;4;5; ;2;2;1,026137916
27220;2;1;3; ;1;1;1;4;1;1;3;4;8;13;5;4;1,026137916
27222;2;1;1; ;1;1;1;1;1;1;1;4;4;10;4;4;1,026137916
27230;2; ;2; ;2;2;2;1;1;1;1;6;6;14;5;4;1,026137916
27234;2;1;1; ;2;2;2;1;1;2;1;8;7;17;5;1;1,026137916
27265;2;1;1; ;1;1;1;1;2;1;1;5;5;14;3;3;1,026137916
32101;2;1;1; ;1;1;1;1;1;1;1;4;6;14;5;5;1,026137916
32110;2;1;1; ;1;1;1;1;1;1;1;2;2;12;4;4;1,026137916
32114;2;1;1; ;1;1;1;1;1;2;1; ;6;16;1;1;1,026137916
32116;2;1;1; ;1;1;1;1;2;2;1;4;6;15;5;5;1,026137916
32140;2; ;1; ;1;1;1;1;1;4;1;5;5;11;1;4;1,026137916
32221;2;1;1; ;1;1;1;1;1;1;1;2;6;14;3;2;1,026137916
32311;2;1;1; ;2;1;2;1;1;1;1;2; ;15;5;2;1,026137916
32320;2;1;1; ;1;1;1;1;1;1;1;4;6;16;3;2;1,026137916
32326;2;1;1; ;1;1;1;1;2;1;1;2;2;16; ;1;1,026137916
32334;2; ;1; ;1;1;2;1;1;1;3;7;8;12; ; ;1,026137916
32359;2;1;1; ;2; ; ;1;1; ; ;7;6; ;4;4;1,026137916
32360;2;1;1; ;1;2;1;1;1;1;1; ;6; ;2;2;1,026137916
32364;2;2; ;3;2;1;2;1;2;3;2;8;8;13;1;1;1,026137916
32394;2; ;1; ;1;1;1;1;1;1;1;7;6;12;2;2;1,026137916
32397;2;1; ; ;1;1;1; ;4; ;1;9;6;12; ;4;1,026137916
32401;2;1;1; ;2;1;2;1;1;1;1;6;6;14;4;1;1,026137916
32452;2;1;1; ;2;2;2;1;2;1;1;7;6;16;3;1;1,026137916
32455;2;1;1; ;1;1;2;1;2;1;1;6;6;14;2;2;1,026137916
32464;2;1;1; ;1;1;1;1;2;2;1;7;2;15;3;3;1,026137916
32475;2;1;1; ;1;1;1;1;1;1;1;7;6;16;3;2;1,026137916
32484;2;1;1; ;1;1;1;1;1;1;3;4;8;10;5;5;1,026137916
32485;2;1;1; ;1;1;1;1;1;1;1;4;5; ;3;3;1,026137916
32493;2;1;1; ;2;1;2;1;1;2;3; ; ; ;1;1;1,026137916
11041;1;1;1; ;2;1;1;1;1;1;1;7;2;15;4;4;1,026144393
28178;1;1;1; ;2;1;1;1;2;5;1;8;6;15;1;1;1,026144393
45100;2;2; ;2;1;2;1;1;1;1;3;6;8;13;1;1;1,026197915
2507;1; ;2; ;2;1;1; ;1;1;1;7;6;10;5;4;1,026593724
7931;1;1;1; ;1;1;1;1;1;1;1;7;6;15;4;4;1,026593724
36392;1;2; ;4;2;1;1; ;4; ;1; ; ;16; ;1;1,026617751
36416;1;1;1; ;2;1;1;1;2;1;1;9;6;15; ;2;1,026617751
36419;1;1;1; ;1;1;1;1;2;1;1;2;6;15; ; ;1,026617751
36432;1; ;1; ;2;2;2;1;1;1;1;6;6;15;1;1;1,026617751
36447;1; ;2; ;2;1;2;1;1;1;1;7;6;14;2;1;1,026617751
44092;1; ;2; ;2;1;1;1;2;1;1;6;6;15;5;1;1,026617751
44094;1;2; ;1;2;1;1;1;2;1;3;7;8;17;1;1;1,026617751
44111;1;1;1; ;1;1;1;1;1;1;1;6;2;15;1;2;1,026617751
44122;1;2; ;4;2;2;2;4;2;1; ;7;8;14; ;2;1,026617751
44130;1;1;1; ;2;1;1;1;1;1;1;1;1;14;5;4;1,026617751
44175;1; ;1; ;1;1;1;1;2;2;2;7;6;14;4; ;1,026617751
24638;1;1;1; ;1;1;1;2;1;1;1;4;6;12;3;3;1,026788797
39588;1;1;1; ;1;1;1;1;1;1;1;7;6;15;5;5;1,026788797
12923;2;2; ; ;1;1;1;1;2;7;2;9;8;15; ;2;1,02731805
10873;1;1;1; ;1;1;1;1;1;1;1;4;5;14;3;3;1,028420874
10885;1;1;2; ;1;1;1;1;1;1;1;2;6;15;2;1;1,028420874
12590;1;1;1; ;1;1;1;1;1;1;1;2;2;15;3;1;1,028420874
12614;1;1;1; ;1;1;1;1;1;1;1;6;6;16;5;2;1,028420874
12622;1;1;1; ;1;1;1;2;1;1;1;1;6;13;3;1;1,028420874
12627;1;1;1; ;1;1;1; ;1;1;1;1;5;12;4;1;1,028420874
17686;1;1;1; ;1;1;2;1;1;1;1;7;6; ;4;2;1,028420874
17687;1;1;2; ;1;2;1;1;1;1;1;7;7;15;4;3;1,028420874
17692;1;1;1; ;2;1;1;1;1;1;1;7;6;3;4;3;1,028420874
17695;1;1;1; ;1;1;1;1;5;6;1;9;5;12; ;3;1,028420874
17702;1;1;1; ;1;1;1;1;2;1;1;4;4;15;4;2;1,028420874
17704;1;1;1; ;2;2;1;1;1;1;1;7; ;17;1;1;1,028420874
17715;1; ;2; ;2;1;3;1;4;4; ;7;9;16;1; ;1,028420874
39217;1;1;1; ;1;1;2;1;2;1;1;3;4;15;2;2;1,028585748
39450;1;1;1; ;2;1;2;1;2;1;1;7;7;11; ; ;1,028998128
787;2;1;1; ;1;1;1;1;2;1;1;4;4;14;3;4;1,029020774
1204;2;1;1; ;1;1;1;1;2;2;1;9;6;14; ; ;1,029020774
1205;2;1;1; ;1;1;1;1;1;1;1;4;2;14; ; ;1,029020774
1347;2;1;1; ;1;1;1;1;1;1;1;2;5;15; ; ;1,029020774
1355;2;1;1; ;1;1;1;1;2;1;4;6;5; ;2;2;1,029020774
1357;2;1;1; ;2;3;3;1;1;1;1; ; ;15; ; ;1,029020774
1370;2;1;1; ;1;1;1;1;1;1;1;2;2; ;3;3;1,029020774
1949;2;1;1; ;1;1;2;1;1;1;4;7;9;13;5;4;1,029020774
1979;2; ;1; ;1;1;1;1;1;1;1;6;6;14;3;3;1,029020774
2214;2;1;2; ;2;1;2;1;4;7;6;9;8; ;1;1;1,029020774
3990;2;1;1; ;2;1;1;1;2;2;1;8;6; ;5;5;1,029020774
4001;2;1;1; ;1;1;1;1;1;1;1;4;6;17;2;2;1,029020774
4009;2;1;1; ;1;1;1;1;1;1;1;4;4;15;4;4;1,029020774
4014;2;1;1; ;1;1;1;1;1;1;1;6;6;16;2;2;1,029020774
4020;2;1;1; ;2;1;1;1;2;1;1;6;6;14;2;2;1,029020774
4021;2; ;1; ;2;1;3;1;1;1;1;7;6; ;2;1;1,029020774
4032;2;1;1; ;1;1;2;1;4;1;7;5;9; ;5; ;1,029020774
6121;2; ; ;1;1;3;3;1;1;1;3; ; ; ;1;1;1,029020774
6129;2;1;1; ;1;1;1;1;1;1;1;5;6;16;4;2;1,029020774
6146;2;1;1; ;1;1;1;1;1;1;3;2;8; ;2;2;1,029020774
6157;2;1;1; ;1;1;1;1;2;1;1;7;4;14;3;3;1,029020774
6170;2;1;1; ;1;1;2;1;1;1;1;5;4;15;5;4;1,029020774
6174;2; ;1; ;2;2;2;2;1; ; ; ; ;17;1;1;1,029020774
6185;2;1;1; ;1;1;1;1;1;1;1;2;4;16;2;2;1,029020774
6198;2;1;1; ;1;1;1;1;1;1;1;5;5;15;2;2;1,029020774
6199;2;1;1; ;1;2;1;1;1;1;1;7;6;14;2;2;1,029020774
6211;2;2; ;1;2;1;3;1;2;1;1;7;6; ;1;1;1,029020774
6956;2;1;1; ;1;1;1;1;1;1;1;4;4;8;5;5;1,029020774
6957;2;1;1; ;1;1;1;1;1;1;1;4;4;13;5;4;1,029020774
6975;2;1;1; ;1;1;1;1;1;5;3;8;8; ;1;1;1,029020774
6980;2;1;1; ;2;1;1;1;1;2;3; ; ; ;1;1;1,029020774
6984;2;1;1; ;1;2;2;1;1;1;1;6;6;15;2;2;1,029020774
9156;2; ;1; ;1;1;2;1;1;1;1;6;6;15;4;4;1,029020774
9479;2; ;1; ;1;2;1;1;1;1;1;2;6;15;2;2;1,029020774
9482;2;1;1; ;1;1;1;1;2;7;5;5;6;15;2;2;1,029020774
9563;2;1;1; ;1;1;1;1;1;1;1;7;5; ;4;3;1,029020774
10471;2;1;1; ;2;1;2;1;1;1;1;6;6; ;2;2;1,029020774
10474;2; ;1; ;1;1;1;1;1;1;4;7;7; ;1;1;1,029020774
10477;2;1;1; ;2;1;1;1;1;1;2;4;8; ;1;1;1,029020774
12000;2;1;1; ;1;1;1;1;2;1;1;7;7; ;3;2;1,029020774
13627;2;1;1; ;1;1;1;1;1;1;1;6;6;15;2;2;1,029020774
13650;2;1;1; ;1;1;1;1;1;5;5;4;8;12;2;2;1,029020774
20332;2;1;1; ;2;1;1;1;1;2;2;7;6;16;3;2;1,029020774
20339;2;1;1; ;1;1;1;1;2;3;1;5;5;6;3;5;1,029020774
23459;2;1;1; ;1;1;1;1;1;1;1; ;6;14;1;2;1,029020774
23462;2;1;1; ;2;1;1;1;2;1;1;2;4;15;3;1;1,029020774
23467;2;1;1; ;1;1;1;1;1;1;1;2;2;15;5;3;1,029020774
23473;2;1;1; ;1;1;1;1;1;5;5;6;6;16;3;3;1,029020774
23707;2;1;1; ;1;1;1;1;1;1;1;4;6;14;5;5;1,029020774
23714;2;1;1; ;1;1;2;1;1;1;1;4;5;15;4;4;1,029020774
23718;2;1;1; ;1;1;1;1;1;2;1;8;6;15;4;1;1,029020774
23721;2;1;1; ;1;1;1;1;2;1;4;5;4;14;4;2;1,029020774
23733;2;1;1; ;1;1;1;1;2;1;1;3;6;16;5;5;1,029020774
23743;2;1;1; ;2;2;2;1;1;1;1;7;6;16;1;1;1,029020774
31301;2; ;1; ;1;1;1;1;2;1;1;4;6;15;2;1;1,029020774
31304;2;1;1; ;1;1;1;1;2;1;1;6;6;15;5;5;1,029020774
31306;2;1;1; ;1;1;2;1;2;6;1;8;4;17;1;1;1,029020774
31341;2;1;1; ;1;1;1;1;1;1;5;6;8;17;1;1;1,029020774
31369;2;1;1; ;2;1;1;1;2;1;3;2;8; ;1;1;1,029020774
35390;2;1;1; ;1;1;1;4;2;1;1;6;6; ;1;1;1,029020774
36571;2;1;1; ;1;1;1;1;2;7;4;9;6;15; ;2;1,029020774
36664;2;1;1; ;1;1;1;1;2;6;1;8;6;14;1;2;1,029020774
36667;2;1;3; ;2;1;1;1;2;1;1;2;6;16;5;1;1,029020774
42828;2;1;1; ;1;1;1;1;2;6;3;9;8; ; ;1;1,029020774
42844;2;1;1; ;1;1;1;1;2;1;1;4;4;12;5;3;1,029020774
42852;2;1;1; ;1;1;1;1;1;1;1;7;6;15;5;1;1,029020774
42858;2;1;1; ;1;1;1;1;1;1;1;3;4;16;2;2;1,029020774
42861;2;1;1; ;1;1;1;1;1;1;1;4;4;14;2;2;1,029020774
42870;2; ;1; ;1;1;1;1;1;1;5; ; ;16;2;1;1,029020774
42873;2;1;1; ;1;1;1;1;2;1;1;4;6;16;2;2;1,029020774
42877;2; ;1; ;2;1;1;1;2;1;1;6;6;15;2;1;1,029020774
42883;2;1;1; ;1;1;1;1;1;4;1; ;5;13;2;2;1,029020774
42892;2;1;1; ;1;1;1;1;1;1;1;4;4;16;2;2;1,029020774
42901;2;1;1; ;2;2;2;1;2; ;3; ; ;16; ;1;1,029020774
13592;1;1;1; ;1;1;1;1;1;1;1;2;6;14;3;3;1,029378777
13925;1;1;1; ;1;1;1;1;1;1;3;3;8;8;4;2;1,029378777
246;2; ;1; ;2;2;2;1;1;1;1; ; ;14;3;3;1,030595122
248;2;1;1; ;1;1;1;1;1;1;1;7;7;13;1;1;1,030595122
270;2;1;1; ;1;1;1;1;1;2;1;8;6;15;4;5;1,030595122
882;2;2; ;3;2;1;1;3;2; ;2;5; ;16;3;2;1,030595122
885;2;1;1; ;1;2;2;1;2;1;1;5; ;15;4;3;1,030595122
32051;2;1;1; ;2;1;1;1;5;6;3; ;8;14; ; ;1,030595122
32130;2;1;1; ;1;1;1;1;1;4;1;7;7;14;1;1;1,030595122
32209;2; ;1; ;2;2;1;1;2;1;1;7;6; ;3;3;1,030595122
32228;2;1;1; ;1;1;2;1;2;2;1;7;5;14;4;1;1,030595122
32340;2; ;1; ;1;1;1;1;2;7;1;9;6;15;5;4;1,030595122
32477;2; ;1; ;1;1;2;1;1;1;4;2;8;15;1;5;1,030595122
1147;1;1;1; ;1;1;1;1;1;1;1;2; ;16;4;4;1,031189618
1165;1;1;1; ;2;2;1;1;1;1;1;7;7;15;1;1;1,031189618
1168;1;1;1; ;1;1;1;1;1;1;1;4;4;14;5;5;1,031189618
8431;1;1;1; ;1;1;1;2;1;1;1;6;6;15;4;4;1,031189618
8436;1;1;1; ;1;1;1;1;1;1;1; ; ;15;3;3;1,031189618
8438;1;1;1; ;2;1;2;1;1;5;1; ; ; ;2;2;1,031189618
8443;1;1;2; ;2;1;1;1;2;1;3;7;8;14; ; ;1,031189618
8444;1;1;1; ;2;2;2;1;1;1;1;7;6;15;1;1;1,031189618
13808;1;1;1; ;1;1;1;1;1;1;1;3;3;15;4;4;1,031189618
13815;1;1;1; ;1;1;1;1;1;1;1;7;7;15;3;3;1,031189618
14064;1;1;1; ;1;1;1;1;1;1;1;2;2; ;1;1;1,031189618
14077;1;1;2; ;1;1;1;1;1;1;1;2;6;17;2;2;1,031189618
14086;1; ;2; ;2;2;2;3;4; ;3;7;8;16;2;1;1,031189618
14098;1;1;1; ;1;1;1;1;2;1;1;2;5;16; ; ;1,031189618
14693;1;1;1; ;1;1;1;1;1;1;1;4;4;15;3;2;1,031189618
14702;1;1;2; ; ;1;2;4;1;1;1;2;6;14;5;2;1,031189618
23051;1;1;1; ;1;1;1;1;2;2;1;8;6;15; ;1;1,031189618
23064;1;1;1; ;1;1;2;1;1;1;1;4;4;16;2;2;1,031189618
23067;1;1;1; ;1;1;1;1;1;1;1;2;2;16;2;2;1,031189618
23081;1; ;2;1;2;2;2;1;1;2;1; ;7;16;2;1;1,031189618
23085;1;1;1; ;1;1;1;1;1;1;1;4;2;17;4;4;1,031189618
23090;1;1;1; ;1;1;1;1;1;1;5;4;4;11;3;3;1,031189618
23450;1;1;1; ;1;1;1;1;1;1;1;4;6; ;4;4;1,031189618
27305;1; ;1; ;2;1;2;1;2;2;1; ;6;17;1;1;1,031189618
31073;1;1;1; ;1;1;1;1;1;1;1;5;5; ;3;2;1,031189618
31091;1;1;3; ;1;1;1;1;1;1;1;5;4;16;4;4;1,031189618
31101;1;1;1; ;2;1;1;1;2;2;1;2;6; ;1;1;1,031189618
45093;1;1;1; ;1;1;1;1;1;1;4;4;4;16;4;4;1,031189618
45097;1;1;1; ;1;1;1;2;2;6;1;9;6;16;5;2;1,031189618
45117;1;1;1; ;1;1;1;1;1;1;1;6;7;9;4;4;1,031189618
5593;1; ;2;2; ;2;3;1;1;1;1; ; ; ;3;1;1,031366342
5605;1;2; ;4;1;2;2;1;1;1;3;3;8;15;1;1;1,031366342
8385;1; ;1; ;2;1;1;1;1;1;2; ; ;13; ; ;1,031366342
11534;1;1;1; ;1;1;1;2;1;1;3;4;8;11;5;5;1,031938175
5581;2;1;1; ;1;1;1;1;1;2;3;7;8;15;1;1;1,032393552
5590;2;1;1; ;1;1;1;1;2;7;1;9;4;16; ;5;1,032393552
8388;2;1;1; ;2;1;2;1;2;1; ;7; ;14;1; ;1,032393552
9030;2;1;1; ;2;1;1;1;1;1;1;2;8; ;4;1;1,032393552
9033;2;1;1; ;2;1;2;3;2;1;3;1;8;17;4;1;1,032393552
9039;2;1;1; ;1;1;1;1;1;3;1;8;4; ;5;5;1,032393552
9050;2;1;1; ;1;1;1;1;1;1;3;6;8;15;5;4;1,032393552
9051;2;1;1; ;1;1;1;1;1;5;1;6;5;12;4;4;1,032393552
9056;2;1;1; ;2;1;1;1;1;4;3;8;8;16;1;1;1,032393552
9058;2;1;1; ;1;1;1;1;1;1;3;6;8;14;4;4;1,032393552
11131;2;1;1; ;1;1;1;1;1;1;3;4;8;17;2;1;1,032393552
11132;2;1;1; ;2;1;2;1;1;1;2;7;8;16;3;3;1,032393552
17508;2;2; ;1;2;2;2;1;1;2;3;8;8;14;5;2;1,032393552
17511;2;1;1; ;1;1;1;1;1;5;5;9;5;13; ; ;1,032393552
17517;2;1;1; ;1;1;2;1;1;1;1;7;6;16;4;4;1,032393552
17520;2;1;1; ;1;1;1;1;1;1;1;5;5;16;5;4;1,032393552
20281;2;1;1; ;1;1;1;1;1;6;2;7;8; ;1;1;1,032393552
20290;2;1;1; ;1;1;1;1;1;1;1;2;6; ;3;2;1,032393552
20442;2;1;3; ;1;1;1;1;1;1;1;2;6;14;3;2;1,032393552
24664;2;1;1; ;2;1;2;1;1;1;3;6; ; ;5;5;1,032393552
24673;2;1;1; ;2;1;1;1;4;7;4;9; ;17; ;3;1,032393552
24675;2;1;1; ;1;1;1;1;2;1;1;7;6;16;2;1;1,032393552
24679;2;1;1; ;2;1;1;1;2;1;1;2;6;13;4;5;1,032393552
24685;2;1;1; ;1;1;1;2;2; ;3; ;8;15;1;1;1,032393552
24704;2;1;1; ;2;1;1;2;1;1;1; ;6; ;2;1;1,032393552
35039;2;1;1; ;1;1;1;1;1;1;1;2;6;15;5;4;1,032393552
35041;2;1;1; ;1;1;2;1;1;1;1;6;6; ;1;1;1,032393552
35042;2;1;1; ;1;1;1;1;1;1;1;1;5;15;3;3;1,032393552
35076;2;1;1; ;1;1;1;1;2;1;1; ; ;16;2;5;1,032393552
35079;2;1;1; ;1;1;1;1;2;1;1;7;6;14;4;4;1,032393552
39130;2; ;1; ;2;1;1;1;2;5;2;7; ;15;1;4;1,032393552
39132;2;1;1; ;1;1;1;1;1;1;1;3;5;15;1;1;1,032393552
39135;2;1;1; ;1;1;1;1;1;1;1;3;1;15;2;2;1,032393552
39145;2;1;1; ;1;1;1;1;1;1;1;4;4;13;4;2;1,032393552
39162;2;1;1; ;1;1;2;1;1;1;1;7;6; ;1;2;1,032393552
39165;2;1;1; ;1;1;1;1;1;4;1;8;5;17;3;3;1,032393552
39172;2;1;1; ;1;1;1;1;1;1;1;2;6;14;4;3;1,032393552
39178;2;1;1; ;1;1;1;1;1;1;1;7;6;15;3;3;1,032393552
39199;2; ;1; ;1;1;1;1;2;1;1;3;5;14;4;4;1,032393552
39205;2;1;1; ;1;1;2;1;2;7;3;9;8; ; ;1;1,032393552
39209;2;1;1; ;1;1;1;1;2;1; ;5;5;14;2;1;1,032393552
30439;1;1;1; ;1;1;2;1;1;1;1;4;6;14;2; ;1,03260732
40850;1;1;1; ;1;1;1;1;1;2; ;2;5; ;1;1;1,03260732
12449;1;1;1; ;2;2;1;2;4;1;7;7; ;15;4; ;1,032887996
12619;1;1;1; ;2;1;2;1;1;1;1;2;6;17; ; ;1,032887996
28594;1;1;1; ;2;1;1;1;1;1;1;6;6;14;3;3;1,033053587
32590;1;2; ;2;2;1;2;5;2;7;1; ; ;15; ; ;1,033053587
33354;1;1;2; ;1;1;1;1;2;1;1;6;6;14; ; ;1,033053587
37913;1;1;1; ;1;1;1;1;1;1;2;6;8;14;5;1;1,033053587
38548;1;1;1; ;1;1;1;1;1;1;1;6;6;15;5;4;1,033053587
39246;1; ;1; ;1;2;2;1;1;1;3;2; ;14; ; ;1,033053587
39494;1;1;1; ;1;1;1;1;2;1;1; ;2;15;4;4;1,033053587
1175;2;2; ;1;1;1;1;1;2;5;4;8;6;15; ; ;1,033490502
1381;2; ;1; ;1;1;1;2;1;1;1;4;4;15; ; ;1,033490502
1383;2;1;1; ;1;1;1;1;4;7;2;9;9;15; ; ;1,033490502
1944;2;1;1; ;1;1;1;1;1;1;3;4;8;15;1;2;1,033490502
4015;2;1;2; ;1;1;1;1;2;4;1;6;6;15;5;1;1,033490502
6139;2;1;1; ;1;1;1;1;2;4;1; ; ;13;1;1;1,033490502
6179;2;1;1; ;1;1;1;1;1;1;3;4;4;14;4;4;1,033490502
6214;2;1;1; ;1;1;1;1;2;1;1;2;6;15;5;3;1,033490502
6983;2;1;1; ;1;1;1;1;1;1;1;5;2;15;2;2;1,033490502
9468;2;1;2; ;1;2;2;1;1;1;2;6;8;16;3;4;1,033490502
9484;2;1;1; ;1;1;2;1;2;4;2;7;8; ;5;1;1,033490502
10481;2; ;1; ;1;1;1;1;1;1;1;4;6;15;5;5;1,033490502
10491;2;1;1; ;1;1;2;1;2;1;1;4;4;8;2;2;1,033490502
11381;2;1;1; ;1;1;1;1;2;1;1;3;4;14;4;2;1,033490502
23463;2;1;1; ;1;1;1;1;2;1;3;6;8;16;4;3;1,033490502
42822;2;1;1; ;2;1;1;1;2;1;1;6;6;14;4;3;1,033490502
42837;2;2; ;1;1;2;2;5;2;1;3;7;8;16;2;5;1,033490502
13618;1;1;1; ;1;1;1;1;1;1;2;7;8;15;4;3;1,03385006
14394;1;1;2; ;1;1;1;1;1;1;1;6;6;13;1;1;1,03385006
15681;1;1;1; ;1;1;2;1;2;1;1;2;6;14;5;4;1,03385006
42421;2;1;1; ;1;1;1;1;1;1;1;3;4;15;5;2;1,034223269
10651;1;1;1; ;1;1;1;1;1;5;5;4;6;13;2;1;1,035259838
11656;1;1;1; ;2;1;2;1;2;1;4;5;7;7;1;1;1,035259838
11681;1;1;1; ;2;1;1;1;2;1;1;2;5;10;4;4;1,035259838
14890;1;1;1; ;2;1;1;1;1;1;1;3;3;14;4;4;1,035259838
14940;1; ;1; ;1;1;1;1;2;1;1;2;5;14;5;4;1,035259838
625;2;1;1; ;1;1;1;1;1;1;1;7;5; ;2;2;1,035662471
627;2;1;1; ;1;1;1;1;1;1;1;3;6; ;4;2;1,035662471
648;2;1;1; ;1;1;1;1;1;1;3;4;8; ;1;1;1,035662471
650;2; ;1; ;1;1;1;1;1;1;1;2;6;15;3;2;1,035662471
773;2;1;1; ;1;1;1;1;2;4;5; ; ; ; ;5;1,035662471
1274;2;1;1; ;1;1;1;1;1;1;1;4;5;16;3;2;1,035662471
1277;2;1;1; ;1;1;1;1;2;7;1;9;6;13; ; ;1,035662471
1861;2;1;1; ;1;1;1;1;2;1;1;5;3;13;4;3;1,035662471
1864;2;1;1; ;1;1;1;1;2;4;1; ;4;15;2;2;1,035662471
2072;2;1;1; ;1;1;1;1;1;1;1;3;6;13;1;1;1,035662471
2761;2;1;1; ;1;1;2;1;1;1;3;2;8; ;1;1;1,035662471
2783;2;1;1; ;1;1;2;1; ; ;3; ;8; ; ;1;1,035662471
2786;2;1;1; ;1;1;1;1;1;1;1;7;6;15;1;1;1,035662471
3033;2;1;1; ;1;1;1;1;1;1;1;6;6;16;2;2;1,035662471
3053;2;1;1; ;1;1;1;2;2;1;1; ; ;16;1;1;1,035662471
3703;2;1;1; ;2;1;1;1;1;2;1; ; ; ;4;4;1,035662471
3704;2;1;1; ;1;1;2;1;1;1;3;6;6;16;3;3;1,035662471
3721;2;1;1; ;1;1;1;1;1;1;1;6;6;15;4;4;1,035662471
3725;2;1;1; ;1;1;2;1;1;1;1;6;6;16;1;2;1,035662471
3726;2;1;1; ;1;1;1;1;2;1;1;5;4; ;1;1;1,035662471
3729;2;1;1; ;2;1;1;1;2;1;1;7;6;15;1;1;1,035662471
4580;2;1;1; ;1;1;1;1;2;1;3; ;8;16;2;1;1,035662471
4592;2;1;1; ;1;1;2;1;2;7;1;9;6;8; ;2;1,035662471
6751;2;1;1; ;1;1;2;1;1;1;1;2;6;15;3;2;1,035662471
6914;2;1;2; ;2;1;1;4;2;1;2;7;8; ;2;3;1,035662471
6924;2;1;1; ;2;1;2;1;1;1;1; ; ;8;4;3;1,035662471
6932;2; ;1; ;1;1;2;1;2;1;1;2;6;17;3;3;1,035662471
6940;2;1;1; ;1;1;1;1;2;1;1;2;6; ;1;1;1,035662471
7130;2; ;1; ;1;1;1;1;1;1;1;2;5;15;4;4;1,035662471
7131;2;1;1; ;2;1;1;1;1;1;1;6;6; ;1;1;1,035662471
7140;2; ;1; ;1;1;1;1;1;2;1;8;5;15; ;1;1,035662471
7156;2;1;1; ;1;1;1;1;1;1;1;4;4;14;1;1;1,035662471
7159;2;1;1; ;1;1;1;1;1;1;3;5;8;12;1;1;1,035662471
7162;2;1;1; ;2;2;1;1;5; ;1; ; ; ; ;2;1,035662471
7266;2;1;1; ;1;1;1;1;1;1;1; ; ;15;3;2;1,035662471
7313;2;1;1; ;1;1;2;1;1;1;1; ; ; ;1;1;1,035662471
7318;2; ;1; ;1;1;1;1;2;1;1; ; ;17;2;2;1,035662471
7319;2;1;1; ;1;1;1;1;1;1;1;6;6; ;1;1;1,035662471
7322;2;1;1; ;2;1;1;1;2;1;4;6;8;16;2;2;1,035662471
7327;2;1;3; ;1;1;1;1;1;1;2;6;8;14;2;2;1,035662471
7468;2; ;1; ;1;1;1;1;2;1;3;6;8;12;2;2;1,035662471
7476;2; ;1; ;2;1;2;1;2;5;4; ;6;17; ;2;1,035662471
7478;2;1;3; ;1;1;1;1;2;1;3;6;4;16;2;1;1,035662471
7489;2;1;1; ;2;1;1;1;1;1;1;2;6; ;1;1;1,035662471
8502;2;1;1; ;2;1;1;1;1;1;1; ; ; ;1;1;1,035662471
9013;2;1;1; ;2;2;3;1;1;1;1;7;6;16;1;1;1,035662471
9245;2;1;1; ;1;2;1;1;1;5;3;9;9; ;1;1;1,035662471
9432;2;1;1; ;2;1;1;1;1;1;1;5;5; ;1;1;1,035662471
9624;2;1;1; ;1;1;1;1;1;5;1;8;5; ;1;1;1,035662471
10312;2; ;1; ;1;1;1;1;1;1;3;6; ; ;1;1;1,035662471
10326;2;1;1; ;1;1;1;1;1;1;1;2;5;14; ; ;1,035662471
10338;2;1;1; ;1;1;1;1;1;1;1;5;5;14;2;2;1,035662471
10340;2;1;1; ;1;1;1;1;1;1;3;2;8;17;1;1;1,035662471
10361;2;1;1; ;1;1;1;1;1;1;1;7;6;10;5;1;1,035662471
15766;2;1;2; ;2;1;1;1;1;1;4;7;6;16;2;2;1,035662471
16227;2;1;1; ;1;2;3;1;1;1;1; ; ;16; ; ;1,035662471
16237;2; ;1; ;1;1;1;1;4; ;1; ;6; ; ;1;1,035662471
17176;2;1;1; ;1;1;1;1;1;5;3;8;8; ;1;1;1,035662471
17188;2;1;1; ;2;1;1;1;1;1;3;6; ; ;5;5;1,035662471
17192;2;1;1; ;1;1;1;1;1;1;1;7;6;15;2;2;1,035662471
17194;2; ;1; ;1;3;1;1;1;5;1;8; ;15;1;1;1,035662471
17216;2; ;1; ; ;1;1;1;1;1;3;2;5; ;1;1;1,035662471
17228;2;1;1; ;2;1;1;1;1;1;1;7;7;11;5;3;1,035662471
17231;2;1;1; ;1;1;1;1;1;1;4;7;6;15;4;2;1,035662471
19771;2;1;1; ;1;1;1;1;2;1;1;4;4;11;5;5;1,035662471
19784;2;1;1; ;2;1;3;1;1;1;2;7;8; ; ; ;1,035662471
20003;2;1;1; ;1;1;1;1;2;1;1;7;6;15; ; ;1,035662471
20965;2;1;1; ;1;1;1;1;2;1;1;7;6;14;2;3;1,035662471
21072;2; ;1; ;1; ;2;1;1;1;4;6; ; ;1;1;1,035662471
21076;2;1;1; ;1;1;1;1;1;1;1;7;6; ;1;1;1,035662471
21198;2;1;1; ;1;1;1;1;1;1;3; ;8; ;2;2;1,035662471
21208;2;1;1; ;1;1;1;1;1;1;1;2; ;15;3;1;1,035662471
21216;2;1;1; ;1;1;1;1;1;1;3;4;8;15;4;3;1,035662471
21680;2; ;1; ;1;1;1;1;1;1;1;7;6; ;2;1;1,035662471
24329;2;1;1; ;1;1;1;1;2;1;3;7;8; ;1;1;1,035662471
24339;2;1;1; ;1;1;2;1;1;1;1; ; ; ;1;1;1,035662471
26347;2; ;1; ;2;1;2;1;1;1;1;2;2;17;2;2;1,035662471
26359;2;1;1; ;1;1;1;1;2; ;1; ;6; ; ;1;1,035662471
26371;2;1;1; ;1;1;1;1;1;5;1;5;6; ;1;1;1,035662471
26372;2;1;1; ;1;1;1;1;4;1;7;6;9;13;5; ;1,035662471
26374;2;1;1; ;1;1;1;1;1; ; ; ; ; ;1;1;1,035662471
26378;2;1;2; ;2;1;1;3;4;7;3;9;8;15;1;1;1,035662471
26701;2;1; ; ;2;1;1;1;4;1; ;5; ;15;1; ;1,035662471
26708;2;1;1; ;1;1;1;1;2;6;1;9;6; ;1;1;1,035662471
26712;2;1;1; ;1;1;1;1;1;5;3;7;8; ;1;1;1,035662471
26728;2;1;1; ;1;1;1;1;2;4;3; ;8; ;1;1;1,035662471
30130;2;1;1; ;1;1;1;1;1;1;2;6;8; ;4;1;1,035662471
30151;2;1;1; ;1;1;1;1;4;7;1;9;6; ;1;1;1,035662471
30187;2;1;1; ;2;1;1;1;1;2;1;8;6; ;2;2;1,035662471
30206;2;1;1; ;1;1;1;1;1;1;1;6;6;15;1;1;1,035662471
30217;2;1;1; ;1;1;1;1;2;1;1;3; ; ;1;1;1,035662471
30457;2;1;1; ;1;1;2;1;1;1;1;7;2;14;5;5;1,035662471
30833;2;1;1; ;1;1;1;1;1;1;1;4;4; ;1;1;1,035662471
32765;2;1;1; ;1;1;2;1;1;2; ;8;8; ;1;1;1,035662471
36299;2;1;1; ;2;1;1;1;4; ;1; ;6; ; ;1;1,035662471
36314;2;1;1; ;2;1;1;1;1;1;1;7;6;16;1;1;1,035662471
36325;2; ;1; ;2;1;1;1;2;1;1;3;4;17;5;1;1,035662471
36332;2; ;1; ;2;1;1;1;2;1;3;6;9; ;1;1;1,035662471
36336;2;1;1; ;1;1;1;1;1;1;1;4;6;15;2;2;1,035662471
36340;2;1;1; ;1;2;2;1;1;1;1; ; ; ;1;1;1,035662471
36342;2;1;1; ;1;1;1;1;1;1;1;6;6; ;1;1;1,035662471
36343;2;1;1; ;1;1;1;1;1;1;3;7;8; ;1;1;1,035662471
36523;2;1;1; ;1;1;1;1;1;1;4;6;4;12;2;3;1,035662471
36535;2;1;1; ;2;1;1;1;1;1;1; ;5; ;4;4;1,035662471
36538;2;1;1; ;1;1;1;1;1;4;1;8;4;11;5;1;1,035662471
36555;2;1;1; ;1;1;1;1;1;1;1; ;4;14;5;4;1,035662471
39709;2;1;1; ;1;1;1;1;2;1;1;6;4; ;1;1;1,035662471
39731;2;1;1; ;1;1;1;1;1;1;1;6;6; ;2;1;1,035662471
39908;2;1;1; ;1;1;1;1;1;6;3;8;8; ;1;1;1,035662471
39915;2; ;1; ;2;2;3;1;1; ;1; ; ; ;1;1;1,035662471
39917;2;1;1; ;1;1;1;1;1;1;1;4;4;11;2;1;1,035662471
39918;2;1;2; ;1;1;1;5;1; ; ; ; ; ;2;2;1,035662471
39924;2;1;1; ;1;1;1;1;1;1;3;7;8; ;1;1;1,035662471
39926;2; ;1; ;1;1;1;1;1;1;3;7;8; ;2;2;1,035662471
39930;2;1;1; ;1;1;1;1;2; ;1; ;4;15;1;1;1,035662471
43437;2;1;1; ;1;1;2;1;1;5;1;6;6;15;1;1;1,035662471
43455;2;1;1; ;2;1;1;1;1;1;3; ;8; ;1;1;1,035662471
1149;1;1;1; ;1;1;2;1;4;7;6;9;8;13;2;2;1,035668767
1160;1;1;2; ;1;2;1;1;1;1;2;6;6;14;3;3;1,035668767
13843;1;1;1; ;2;1;1;1;1;1;1;5;5;16;5;1;1,035668767
14071;1;1;1; ;2;1;1;1;1;1;1;4;6;15; ; ;1,035668767
14673;1;1;2; ;1;1;1;2;1;1;1;2;6;15; ; ;1,035668767
17262;1;1;1; ;1;1;1;1;2;1;1;4;5;7; ; ;1,035668767
23052;1;1;1; ;2;1;1;1;1;1;1;6;4;14;4;4;1,035668767
23410;1;1;1; ;1;1;1;1;1;1;1;4;6;13;1;1;1,035668767
23416;1;1;1; ;1;1;1;2;1;1;1;2;6;15;2;1;1,035668767
23420;1;1;1; ;1;1;1;1;1;1;1;6;6;14;5;4;1,035668767
27312;1;2; ;1;1;1;1;1;1;1;3;7; ;14;1;1;1,035668767
31080;1;1;1; ;2;2;1;1;1;1;1; ; ;16;3;2;1,035668767
31105;1;1;1; ;2;1;2;1;1;1;1;6;6;16;4;2;1,035668767
45083;1;1;2; ;2;2;2;1;2;1;1;7;6;15;5;1;1,035668767
45108;1;1;2; ;1;1;3;1;2;1;1;7;6;13;5;5;1,035668767
9036;1;1;3; ;1;1;1;4;1;1;1;6;6;11;3;3;1,035846259
11095;1;1;1; ;1;1;1;1;2;1;1;6;6;16;3;2;1,035846259
17506;1;1;1; ;2;1;1;1;4;7;1;9;6;15; ;1;1,035846259
40720;1;1;1; ;1;1;1;1;2;1;3;7;6;14;1;5;1,036059037
38658;2;1;1; ;1;1;1;1;1;1;4;4;4;14;5;5;1,036198489
3155;2;1;1; ;2;1;1;1;1;1;1;4;6; ;1;1;1,036613921
25938;2;1;1; ;1;1;1;2;2;1;1;4;3;12;4;5;1,036613921
5612;2;1;1; ;1;1;1;1;1;1;1;7;4;16;4;4;1,03687793
9066;2;2; ;4;2;1;1; ;2;1;1;3;6;16;1;1;1,03687793
11114;2;1;1; ;1;1;2;1;2;1;1;4;5;16;4;2;1,03687793
17503;2;2; ;2;2;3;1;1;1;1;3;7;8;15;3;1;1,03687793
17512;2;2; ;1;1;1;1;1;1;4;1;8;7;15;1;5;1,03687793
17535;2;2; ;1;2;1;2;4;2;3;3;8;8;15;2;1;1,03687793
20311;2;1;1; ;2;1;1;1;1;1;1;4;6;16;2;2;1,03687793
39148;2;1;1; ;2;1;1;1;1;1;1;4;4;15;4;4;1,03687793
39196;2;1;1; ;1;1;1;1;2;1;1;4;5;15;4;4;1,03687793
3798;1;1;1; ;1;1;1;1;1;5;1; ;6;12;4;4;1,037024194
3808;1;1;1; ;2;1;1;2;4;7; ;6; ;6;1;1;1,037024194
3818;1;1;2; ;1;1;2;1;1;1;1;7;5;14;4;4;1,037024194
4874;1;1;1; ;1;1;1;1;1;1;1; ; ;15;4;4;1,037024194
4883;1;1;1; ;1;1;1;1;1;1;1;6;1; ;3;3;1,037024194
4889;1;1;1; ;1;1;1;1;2;1;2;2;8;16;1;3;1,037024194
4895;1; ;1; ;1;1;1;1;2;1;1;5;6;15;2;4;1,037024194
6084;1;1;1; ;2;1;2;1;1;4;1;8;8;13; ; ;1,037024194
6089;1;1;1; ;1;1;1;1;1;1;1;6;6;15;4;3;1,037024194
6119;1;1;1; ;1;1;1;1;1;1;1;6;6;14;4;4;1,037024194
6475;1;1;1; ;1;1;1;1;1;1;1;6;6;16;4;4;1,037024194
6490;1;1;1; ;1;1;1;1;1;1;3; ;4; ; ; ;1,037024194
6492;1;1;1; ;1;1;1;1;1;1;1;7;6; ;3;2;1,037024194
6494;1; ;1; ;2;2;2;1;1;1;1;7;6;15;3;3;1,037024194
6497;1;1;1; ;1;1;1;1;2;1;1;3;4;17;2;1;1,037024194
14464;1; ;1; ;1;1;1;1;2;1;1;4;4;14;4;4;1,037024194
14470;1; ;1; ;1;1;1;1;1;1;1;5;6;16;4;4;1,037024194
14481;1;1;1; ;2;2;2;1;2;1;1;4;6;15;4; ;1,037024194
14491;1;1;1; ;1;2;2;1;2;6;1;9;7;16; ;5;1,037024194
15786;1;1;1; ;2;1;1;1;1;3;3;8;8; ;1;1;1,037024194
15790;1;1;1; ;1;1;1;1;1;1;1;4;4;16;2;2;1,037024194
15801;1;1;1; ;1;1;2;1;1;1;1;6;6; ;4;4;1,037024194
20383;1;2; ;2;1;1;1;1;4; ;1; ;6; ; ;2;1,037024194
20389;1;1;1; ;2;2;2; ;5; ;3; ; ; ; ; ;1,037024194
20394;1;1;1; ;2;2;2;1;1;1;1;2;5;15;5;4;1,037024194
20395;1;1;1; ;1;1;1;1;1;1;1;6;6;16;5;5;1,037024194
21343;1;1;1; ;2;1;1;1;1;1;1;2;2;16;2;2;1,037024194
21345;1;1;1; ;2;1;1;1;1;1;1;7;7;16;2;2;1,037024194
21365;1;1;1; ;1;1;1;1;1;1;1;4;4;13;4;1;1,037024194
21376;1;1;1; ;1;1;1;1;1;1;1;6;4;10;5;5;1,037024194
21382;1;1;2; ;2;2;2;1;2;4;2; ; ;16; ; ;1,037024194
26090;1;1;1; ;2;1;2;1;2; ;3; ;9; ;1;1;1,037024194
26092;1; ;2; ;1;2;1;1;1;1; ;7; ; ;1;1;1,037024194
26100;1;1;1; ;1;1;1;1;1;4;3; ; ;13;4;2;1,037024194
26114;1;1;1; ;1;1;2;1;1;1;1;7;6;15;5;4;1,037024194
26119;1;1;1; ;1;1;1;1;2;1;1;6;6;15;3;1;1,037024194
26125;1;1;1; ;1;1;3;1;1;1;1;6;6;8;4;4;1,037024194
26133;1;1;1; ;1;1;1;1;2;7;1;9;4;10; ;2;1,037024194
23426;2; ;1; ;1;1;1;1;1;1;1;6;6;11;5;5;1,037078283
2475;1;1;1; ;2;2;1;1;1;1;3;7;8;16;3;3;1,037478289
2478;1;1;1; ;1;1;1;1;4; ;4;9;6; ;1;1;1,037478289
2502;1;1;1; ;1;1;2;1;1;1;1;1;1;16;4;4;1,037478289
2506;1;1;1; ;1;1;1;1;2;1;1;4;4;2;5;2;1,037478289
2635;1;2; ;2;2;1;2;4;2;2;1;8;4;13;2;2;1,037478289
2638;1;1;1; ;1;1;1;1;2;1;1;4;4;16;4;2;1,037478289
2644;1;1;1; ;1;1;2; ;1;1;1;5;5;15; ; ;1,037478289
2651;1;1;3; ;1;1;1;4;1;1;3;4;8;12;4;4;1,037478289
2652;1;1;1; ;1;1;1;1;1;1;1;4;4;12;4;4;1,037478289
7925;1;1;1; ;1;1;1;2;2;1;1;7;6;3;4;4;1,037478289
7949;1;1;2; ;2;1;1;1;1;1;1;6;6;16; ; ;1,037478289
7959;1;1;2; ;1;1;1;1;1;1;2;7;8;12;4;2;1,037478289
17591;1;1;1; ;2;2;2;1;2;1;1;6;6;16;2;2;1,037478289
17593;1;1;2; ;2;2;3;1;1;1;1;7;7;14;4;4;1,037478289
17601;1;1;1; ;1;1;2;1;1;1;1;2;2;15;2;2;1,037478289
17603;1;1;1; ;1;1;1;1;2;1;2;6;8;13;5;1;1,037478289
17608;1;1;1; ;1;1;1;1;2;1;1;4;4;14;2;1;1,037478289
17621;1;1;1; ;1;1;1;1;1;1;1;5;6;12;3;3;1,037478289
17626;1;1;1; ;1;1;1;1;2;1;1;4;2;16;5;1;1,037478289
23790;1;1;1; ;1;1;1;1;1;1;1;7;7;16;3;3;1,037478289
30734;1;1;2; ;2;2;2;1;2;1;1;7;6;17;3;3;1,037478289
30751;1; ;1; ;2;2;3;1;2;1;1;6;6;14;5;3;1,037478289
30758;1;1;1; ;1;1;1;1;1;1;1;1;4;13;3;3;1,037478289
30759;1;1;1; ;1;2;1;1;1;1;3;4;5;16;4;4;1,037478289
30766;1;1;1; ;2;1;2;1;1;1;3;6;8;12;1;1;1,037478289
30768;1;1;1; ;1;1;1;1;2;1;1;2;6;16;4;2;1,037478289
30771;1;1;1; ;2;1;1;1;2;1;1;4;5;13;3;3;1,037478289
30775;1;1;1; ;1;1;1;1;1;1;1;6;6; ;4;4;1,037478289
23417;2;1;1; ;2;2;1;1;2;1;1;6;6;17;2;2;1,037494067
8871;1;1;1; ;2;1;3;1;1;1;1;7;7;14;4;1;1,03767543
8879;1;1;1; ;1;1;1;2;1;1;1;5;6;11;3;2;1,03767543
8886;1;1;2; ;2;1;1;1;1;1; ;2;2;14;4;4;1,03767543
8892;1;1;1; ;1;1;1;1;2;1;1;2;6;16;2;2;1,03767543
8893;1;1;1; ;1;1;1;1;2;1;1;4;4;15;1;1;1,03767543
8897;1;1;1; ;1;1;1;1;1;1;1;7;6; ;4;4;1,03767543
24627;1;1;1; ;1;1;1;1;1;1;1;6;6;16;4;4;1,03767543
24640;1; ;1; ;1;1;2;1;2;1;1;6;6;15;4;3;1,03767543
24643;1;1;1; ;1;1;1;1;2;1;1;7;6;17;4;1;1,03767543
24648;1; ;1; ;1;1;3;1;2;1;1;2;4;15;4;4;1,03767543
24653;1;1;1; ;2;1;1;1;1;1;1;2;2;16;2;1;1,03767543
33476;1;1;1; ;1;1;1;1;1;1;1;6;6;16;4;3;1,03767543
39577;1;1;1; ;1;1;1;2;1;1;1;4;4;17;4;3;1,03767543
39587;1; ;1; ;1;1;1;1;1;1;1;1;1;16;3;3;1,03767543
39594;1;1;1; ;1;1;2;1;1;1;1;2;6; ;4;4;1,03767543
39604;1;1;1; ;1;1;1;1;1;1;1;7;7;17;3;3;1,03767543
39611;1;1;1; ;1;1;1;1;1;1;1;7;6;15;5; ;1,03767543
39613;1;1;1; ;1;1;1;1;1;1;1;6;4;14;1;1;1,03767543
39616;1; ;1; ;2;1;1;1;1;1;1;6;6;16;3;3;1,03767543
43520;1;1;1; ;1;1;2;1;1;1;1;4;4;10;2;2;1,03767543
43544;1;1;1; ;1;1;1;1;1;1;1;4;6; ;3;3;1,03767543
43547;1;1;1; ;2;1;1;2;1;1;1;4;6;16;2;2;1,03767543
43562;1;1;1; ;1;1;1;1;1;5;1;8;6;16;4;4;1,03767543
19350;2;1;1; ;1;1;1;1;1;1;1;4;4;14;5;4;1,037806006
19383;2;1;1; ;1;1;1;1;1;1;1; ; ;16;1;1;1,037806006
19386;2;1;1; ;1;1;1;1;2;1;1;4;4;15;5;2;1,037806006
19394;2;1;1; ;1;1;1;1;4;7;1;9;6;14; ;3;1,037806006
19420;2;1;1; ;1;1;1;1;1;1;1;5;5;15;2;2;1,037806006
13216;2;2; ;4;2;1;1;1;2;1;1;2;4;12;2;1;1,038299321
13232;2;1;1; ;1;1;1;4;2;1;1;4;5;12; ; ;1,038299321
41131;2;2; ;4;1;1;1;4;4;7;1;9;5;14; ;5;1,038299321
41280;2;1;1; ;2;1;1; ;2;1;1;7;6;15;3;3;1,038299321
42266;2;1;1; ;2;1;2; ;1;1;1;7;7;12;3;1;1,038299321
41019;2;1;1; ;1;1;1;1;1;2;1;8;6;15;2;2;1,038715595
22179;1;1;1; ;1;1;1;1;2;3;1;8;6;9;1;3;1,038909525
14948;2; ;1; ;1;1;1;1;2;5;1;9;2;13;5;5;1,039330819
9870;1;1;1; ;1;1;1;1;1;1;1;7;6;14;4;2;1,039681006
16439;1;1;1; ;1;1;1;2;1;1;4;4;6;10;4;3;1,039681006
16523;1;1;1; ;1;1;1;1;1;1;1;4;5;13;3;3;1,039681006
16534;1;1;1; ;1;1;1;1;2;1;1;7;6;15;3;1;1,039681006
24140;1;1;1; ;1;2;3;1;1;1;1;2;2;16;3;3;1,039681006
31049;1;1;3; ;1;1;1;1;1;1;1;6;5;15;3;1;1,039681006
31065;1;1;1; ;1;1;1;1;2;1;1;4;6;14;4;4;1,039681006
13721;1;1;1; ;2;1;1;1;2; ;1; ;4;14; ;1;1,039756666
13736;1;1;1; ;2;1;2;1;1;1;1;4;4;17;2;5;1,039756666
14909;1;1;1; ;1;1;1;2;1;1;1;5;5;14;1;2;1,039756666
31175;1;1;1; ;1;1;1;1;5;1;6;6;9;16;1; ;1,039756666
36898;1;1;2; ;2;1;1;1;1;1;1;6;6;14;4;4;1,039756666
2999;1;1;1; ;1;1;1;1;1;1;1;6;4;12; ; ;1,039987038
14849;1;1;1; ;1;1;1;1;2;1;3;7;8;12;1;4;1,039987038
14878;1;1;2; ;1;2;2;1;2;6;2;2;2;15;5;1;1,039987038
3044;2; ;1; ;1;1;1;1;2;1;1; ; ; ;1;1;1,040161049
3705;2;1;1; ;2;1;1;1;2;1;1;7;6;15;5;5;1,040161049
5777;2;1;1; ;2;1;2;1;2;1;1;3; ; ;2;2;1,040161049
6697;2;2; ;1;2;1;2;5;4;1;7;7;9;14;1;1;1,040161049
8494;2;1;1; ;1;1;1;1;2;1;1;4;4;13;1;2;1,040161049
10343;2;1;1; ;1;1;1;1;2;1;1;6;6; ; ;3;1,040161049
14337;2; ; ;2;2;3;3;1;1; ;1;8;8;12; ; ;1,040161049
17230;2;1;1; ;1;1;1;1; ; ; ; ; ;13;5;4;1,040161049
30493;2;1;1; ;2;1;1;1;1;1;1;6;6;13;1;1;1,040161049
43373;2;2; ;2;2;1;1;4;2;1;1;6;6;15;4;1;1,040161049
43461;2;1;1; ;2;1;2;1;1;5;1;8;7;16;1;1;1,040161049
14539;1;1;1; ;2;1;1;1;4;7; ;9;8;14; ; ;1,040559337
14984;1;1;2; ;1;1;3;1;2;1;1;7; ;13; ; ;1,040559337
25539;2; ;1; ;1;3;3;1;2;1;1;6;3;14;1;5;1,040699395
38696;2;1;1;4;2;1;2;1;1;1;1;7;6;14;4;4;1,040699395
6411;2;1;1; ;1;1;1;1;1;1;1;4;6; ; ; ;1,040833317
32080;2;1;1; ;1;1;1;1;2;3;1;7;2;14;5;3;1,041501621
32087;2;1;1; ;1;1;2;1;2;1;1;2;6;14;4;3;1,041501621
5310;1;1;2; ;2;1;2;1;2;1;1;3;4;15;1;1;1,041528686
6112;1; ;1; ;2;2;2;1;2;1;1;7;6;16;2;3;1,041528686
6116;1;1;1; ;1;1;1;1;2;1;3;4;4;13;5;5;1,041528686
11029;1;1;1; ;2;1;2;1;2;7;1;9;4;15; ; ;1,041528686
15792;1;1;1; ;2;1;1;1;2;1;1;6;6;12;1;2;1,041528686
21373;1;1;2; ;1;2;2;1;1;1;1;1;1;11; ; ;1,041528686
21378;1;1;1; ;1;1;1;1;2;1;1; ; ;13;1;5;1,041528686
26103;1;1;1; ;2;3;3;2;2;1;1;3;6;10;4;2;1,041528686
2491;1;1;1; ;1;1;1;1;1;1;1;4;6;7;4;4;1,041984753
2642;1;1;1; ;2;2;2;1;1;1;1;3;3;14; ; ;1,041984753
17632;1;1;1; ;1;1;1;1;1;1;1;4;6;14;4;4;1,041984753
23799;1;1;2; ;2;1;1; ;2;1;1;6;3;14;4;4;1,041984753
23811;1;1;1; ;1;1;1;1;1;1;1;1;6;15;2;2;1,041984753
30747;1;1;1; ;1;1;1;1;1;6;1;6;6;14;3;3;1,041984753
27274;2;1;1; ;1;1;1;1;2;1;4;4;6; ; ; ;1,0420006
35908;1;2; ;2;2;1;1;1; ;1;6; ; ;12; ; ;1,042151252
8885;1;1;2;4;2;2;2;3;2; ; ; ; ;15;2; ;1,042182751
43534;1;1;2; ;1;2;2;4;1;1;1;7;6;14;3;3;1,042182751
19359;2;1;1; ;1;1;1;1;1;1;1;6;6;15;4;4;1,042313894
19404;2; ;2; ;1;1;2;4;1;1;1;7;7;19;2;2;1,042313894
19418;2; ;1; ;1;1;1;1;1;1;1;3;6;15;3;3;1,042313894
11526;1;1;1; ;1;1;1;2;1;1;1;7;6; ;5;5;1,042879405
11537;1;1;1; ;1;1;1;2;2;1;1;1;6;15;4;4;1,042879405
11551;1;1;1; ;2;1;1;1;2;1;1;5;4;12;5;5;1,042879405
11559;1;1;1; ;1;1;1;1;2;2;2;3;8;16;4;4;1,042879405
11561;1;1;1; ;1;1;1;1;2;1;1;6;6;14;5;5;1,042879405
33930;1;1;2; ;2;1;1;1;1;1;1;2;6;14;3;2;1,042879405
33945;1;1;1; ;1;1;1;1;2;1;1;2;6;13; ; ;1,042879405
33957;1;1;1; ;1;1;2;1;1;1;1;7;5;9;3;3;1,042879405
42402;1;1;1; ;1;2;2;2;2;1;1; ; ;14;5;5;1,042879405
2584;2; ;1; ;2;1;2;1;1;1;3; ;8;15;1;1;1,043213747
11833;2;1;1; ;1;1;1;1;1;1;1;5;4;15;5;4;1,04384533
11847;2;1;1; ;1;1;1;4;2;1;1;2;6;14;4;1;1,04384533
11849;2;1;2; ;2;2;1;1;1;1;3;7;8;14;5;2;1,04384533
35157;2;1;1; ;1;1;2;1;2;1;2;4;8;14;4;4;1,04384533
39792;2;1;1; ;1;1;2;1;1;1;3;4;8;15;1;2;1,04384533
38962;1;1;1; ;2;1;2;1;2;1; ;7; ;15;2;1;1,044006643
39315;1;1;1; ;1;1;2;1;1;1;1;7;6;14;4;4;1,044006643
3452;1; ;1; ;1;2;1;2;2;1;1;6;6;15;4;2;1,044060452
9901;1;1;1; ;1;1;1;1;1;1;1;4;5;16;5;5;1,044197039
9952;1;1;1; ;1;2;1;1;1;1;1;7;5;14;4;3;1,044197039
28304;1;2; ;1;1;1;1;3;2;1;1;6;6;13;2;2;1,044197039
38173;1;1;1; ;2;1;2;1;1;1;3;7;8; ; ; ;1,044425205
13595;1;1;1; ;1;1;1;1;2;1;3;7;8;13;4;1;1,044811561
13596;1;1;1; ;1;1;1;1;1;1;1;1;1;10; ; ;1,044811561
13606;1;1;1; ;2;1;2;1;2;1;1;7;6;15;1;1;1,044811561
13897;1; ;2; ;1;1;1;1;2;1;1;7;2;17;2;2;1,044811561
13902;1;1;2; ;2;2;2;1;2;2; ;8;8;15;5;1;1,044811561
13908;1;1;1; ;2;2;2;1;1;1;1;4;6; ; ; ;1,044811561
13922;1;1;1; ;1;1;1;1;1;1;1; ; ;14;4;4;1,044811561
13926;1;1;1; ;1;1;2;1;1;1;1;5;5;16;3;3;1,044811561
14390;1;1;2; ;2;2;2;1;1;1;1;1;1;12;1;1;1,044811561
14398;1;1;1; ;1;1;1;2;1;1;1;2;6;12;4;4;1,044811561
14405;1;1;2; ;1;2;1;1;1;1;1;7;7;12;2;2;1,044811561
14406;1;1;1; ;1;1;1;1;1;1;1;7;6; ;1;1;1,044811561
14413;1;2; ;2;2;1;1;1;1;1;2;7;8; ;5;1;1,044811561
14414;1;1;1; ;1;1;1;1;1;1;1;7;2;12;4;4;1,044811561
15657;1;2; ;2;1;1;2;1;2;1;3;7;8;15;1;1;1,044811561
15660;1;1;1; ;1;1;1;1;1;1;1;5;6;15;4;4;1,044811561
15662;1;1;1; ;1;1;1;1;2;1;1;1;6;5;3;1;1,044811561
15664;1;1;1; ;2;2;2;1;2;6;1;9;6; ; ;2;1,044811561
15683;1;1;1; ;1;2;2;1;1; ;1;2;6; ;4;3;1,044811561
15685;1;1;1; ;1;1;1;1;1;1;1;7;5;13;4;3;1,044811561
32058;1;1;1; ;2;1;2;1;2;1;2;7;8;16;1;1;1,044811561
2593;1;1;1; ;1;1;1;1;2;1;1;4;6; ;5;2;1,04625855
33779;1;1;1; ;1;1;1;1;1;1;2;4;8;15;4;4;1,04625855
33873;1;1;1; ;2;1;1;1;1;1;1; ; ;16; ; ;1,04625855
21136;1;1;2; ;1;1;2;1;1;1;1;3;6;15;2;2;1,046570341
5584;1;1;1; ;1;1;1;1;2;1;1;7;6;14;4;4;1,046828924
5597;1; ; ;4;2;2;2;1;1;1;1;3;8;15; ; ;1,046828924
5601;1;1;2; ;1;1;1;1;1;1;1;6;6;15;4;4;1,046828924
5602;1;1;1; ;1;1;1;1;2;1;1;4;6;15;5;5;1,046828924
5615;1;1;1; ;2;1;1;1;1;1;1;1;1;15;1;1;1,046828924
5617;1;1;1; ;1;1;1;1;4;7;1;9;6;15;1;2;1,046828924
8377;1;1;2; ;2;1;2;1;1;1;1;7;6;16;3;2;1,046828924
8380;1;1;1; ;1;1;1;1;1;1;1;5;5;16;1;1;1,046828924
8392;1;1;1; ;1;1;2;1;2;7;3;9;8;14; ;2;1,046828924
8398;1;1;1; ;2;2;1;1;1;1;2;7;8;16;3;1;1,046828924
8402;1;1;1; ;1;1;2;1;1;1;1;6;6;14;1;4;1,046828924
8408;1;1;1; ;2;3;2;1;1;2;2;8;8; ;3;1;1,046828924
8414;1;1;1; ;1;1;2;1;1;1;1;3;4;16;1;1;1,046828924
9027;1;1;1; ;1;1;1;1;1;1;1;2;2;16;5;4;1,046828924
9043;1; ;2; ;2;2;3;1;2;1;1;2;7;15;4;4;1,046828924
9046;1;1;1; ;1;1;1;1;4;7;1;9;4;16; ;2;1,046828924
9059;1;1;1; ;1;1;1;1;1;1;1; ;4;16;2;2;1,046828924
9067;1;1;1; ;2; ;2;1;1;1;3;5; ;16;4;1;1,046828924
11093;1;1;1; ;1;1;1;1;1;1;1;7;2; ;4;3;1,046828924
11115;1;1;1; ;2;1;3;1;2;1;1;1;2; ;5;5;1,046828924
17496;1;1;1; ;1;1;1;1;2;1;1;7;5;16;4;2;1,046828924
17500;1;1;1; ;1;1;1;2;4;7;1;9;6;16; ;3;1,046828924
17528;1;1;1; ;1;1;1;1;1;1;1;7;6;15;4;2;1,046828924
20298;1;1;1; ;2;1;2;1;1;1;1;1;1;16;5;4;1,046828924
24678;1;1;1; ;1;1;1;1;1;1;1;1;6;15;4;4;1,046828924
24680;1;1;1; ;1;1;1;1;1;1;1;2;6;14;4;4;1,046828924
24690;1;1;1; ;1;1;2;4;1;1;1;9; ; ;1;1;1,046828924
35061;1;1;1; ;1;2;1;1;1;1;2;1;8; ;1;1;1,046828924
35074;1;1;1; ;2;1;1;1;2;1;2;6;8; ; ; ;1,046828924
39127;1;1;1; ;1;1;1;1;2;1;1;5;6;8;4;2;1,046828924
39141;1;1;1; ;1;1;1;1;2;1;1;4;4;14;5;4;1,046828924
39157;1;1;1; ;1;1;1;1;1;1;1;4;4;15;4;4;1,046828924
39169;1;1;1; ;2;1;1;1;1;1;1; ; ;16;4;1;1,046828924
39175;1;1;1; ;1;2;1;1;1;1;2;2;8; ;2;2;1,046828924
39193;1;1;1; ;2;1;1;1;1;1;1;3;2;13;4;4;1,046828924
28524;1;1;2; ;2;1;1;1;2;1;1;3;6;12;3;1;1,047212587
30288;1;1;2; ;1;2;2;1;1;1;3;6; ;15;4;2;1,047212587
38327;1;1;1; ;1;1;1;2;4;7;1;9;6;14; ; ;1,047212587
11528;1;1;1; ;1;1;1;1;1;1;1;2;6;14;4;4;1,047409331
11532;1;1;1; ;1;1;1;1;1;5;1; ; ;15;1;1;1,047409331
33932;1;1;1; ;1;1;2;1;1;1;1;4;6;12; ; ;1,047409331
29806;1;2; ;2;2;1;1;1;1;1;3;2; ;16;1;1;1,048541465
29827;1; ;1; ;2;1;1;1;1;1;3;4;8;16; ; ;1,048541465
31933;1;1;1; ;2;2;2;1;1;5;1;8;2;13;3;3;1,048541465
32623;1;1;1; ;2;1;1;1;1;1;3;7;8;16;3;2;1,048541465
33562;1;2; ;4;2;1;1;1;2;1;1;6;6;14;1;1;1,048541465
38127;1; ;1;3;2;2;2;3;4;1;2; ; ; ;1; ;1,048541465
38147;1;1;1; ;2;2;1;1;2;2;1; ; ;15; ; ;1,048541465
38854;1;1;1; ;2;1;1;1;2;1;2; ; ;16;1;1;1,048541465
38965;1;1;1; ;1;1;1;1;1;1;1; ; ;14;4;1;1,048541465
39514;1;2; ;2;2;1;1;1;1;1;1;6;5;17;1;1;1,048541465
40780;1;1;1; ;2;1;2;1;1;1;1;7;6;14;5;5;1,048541465
9969;2; ;1; ;1;1;1;1;2;7;1;9;4;15; ;3;1,048614603
11596;2;1;3; ;1;1;1;4;2;1;1;2;5;13;1;1;1,048614603
14381;1;1;1; ;1;1;1;1;2;1;1;2;6;13;3;2;1,049349879
14383;1;1;1; ;2;1;2;1;1;1;3;3; ; ;1;1;1,049349879
14402;1;1;1; ;2;2;1;1;1;1;2;6;8;12;2;2;1,049349879
14403;1;1;1; ;1;1;1;1;1;1;2;7;8;15;1;1;1,049349879
4223;1;2; ;2;1;1;1;1;1;1;3;7;8; ;2;2;1,050780792
4227;1;1;1; ;1;1;1;1;2;1;1;6;6;15;1;1;1,050780792
4231;1;1;1; ;1;1;1;1;2;1;1;6;6;15; ; ;1,050780792
4236;1;2; ;2;1;2;3;1;2;2;1;8;8; ;1;1;1,050780792
4237;1;1;1; ;2;2;2;1;1;1;1; ; ; ;4;4;1,050780792
4238;1;1;1; ;1;1;1;1;2;1;1;4;5;14;4;5;1,050780792
4751;1;1;1; ; ;1;1;1;1;1;1;7; ;1;5;4;1,050780792
4753;1;1;1; ;1;1;1;1;1;1;3;4;8;15;2; ;1,050780792
4764;1;1;1; ;1;1;1;1;2;1;1;4;4;16;5;4;1,050780792
4766;1;1;1; ;1;1;1;1;1;2;1; ; ;12;3;1;1,050780792
4776;1;1;1; ;1;1;1;1;1;1;2;7;8;15;4;1;1,050780792
4782;1;1;1; ;2;1;1;4;2;6;4; ;8;16; ;2;1,050780792
5738;1;1;1; ;1;1;1;3;1;1;1;6;4;16;4;4;1,050780792
10635;1;1;1; ;1;1;1;1;1;1;1; ; ; ;1;1;1,050780792
10637;1;2; ;1;2;1;2;1;1;1;3;6;8;16;2;2;1,050780792
10640;1;1;1; ;1;1;1;1;1;1;1;4;5;12;4;4;1,050780792
10641;1;1;1; ;1;1;1;1;2;7;1;9;6;15; ;1;1,050780792
10644;1;1;1; ;1;1;1;1;2;1;1;6;4;16; ;1;1,050780792
10647;1;1;2; ;1;1;1;1;1;1;1;7;6;13;5;5;1,050780792
10652;1;1;1; ;1;1;1;1;1;1;1;2;6;14;3;3;1,050780792
10663;1; ;1; ;1;1;1;1;1;1;3;3;8;15;1;1;1,050780792
10671;1;1;1; ;1;1;1;1;1;1;3;6;8;14; ; ;1,050780792
11653;1;1;1; ;1;1;1;1;1;1;3;3;8;14;1;1;1,050780792
11658;1;1;1; ;1;1;1;1;2;1;1;7;5;16;2;2;1,050780792
11671;1;1;1; ;1;1;1;1;1;1;1;3;6;10;4;4;1,050780792
11685;1;2; ;2;2;1;2;1;1;1;3;2; ;15;2;2;1,050780792
11824;1;1;1; ;1;1;1;1;1;1;3;7;8; ;4;1;1,050780792
11826;1;1;1; ;1;1;1;1;1;1;1;6;6;8;2;2;1,050780792
11830;1;1;1; ;1;1;1;1;1;1;1;2;6;15;1;1;1,050780792
11838;1;1;1; ;1;1;1;1;2;1;1;6;5; ;3;3;1,050780792
11861;1;1;1; ;1;1;1;1;1;1;1;2;6; ;1;1;1,050780792
13675;1;1;1; ;2;1;1;1;1;1;2;6;8; ;1;1;1,050780792
13678;1;1;1; ;1;1;1;1;1;1;1;4;5;14; ; ;1,050780792
13681;1; ;1; ;1;1;1;2;1;1;1;2;5;16;1;1;1,050780792
13698;1;1;1; ;2;1;1;1;4;7;1;6;6; ; ;2;1,050780792
13700;1;1;1; ;2;1;2;1;1;1;1;7;5;15;2;2;1,050780792
13704;1;1;1; ;1;1;1;1;1;1;3;7;8;15;2;2;1,050780792
13709;1;1;1; ;1;1;1;1;2;1;1;4;6; ;1;1;1,050780792
13730;1;1;1; ;1;1;2;1;2;1;1;4;4;15;3;2;1,050780792
13743;1; ;1; ;1;1;1;1;1;1;1;7; ;14;2;1;1,050780792
14901;1;1;1; ;1;1;1;1;2;7;4;9;6;17; ;2;1,050780792
14903;1;1;1; ;1;2;1;1;1;1;1;4;5; ;2;2;1,050780792
14931;1;1;1; ;1;1;1;1;1;1;1;4;6;15;1;1;1,050780792
14938;1;1;1; ;1;1;2;1;2;1;2;3;8;16;1;3;1,050780792
14943;1;1;1; ;1;1;1;1;2;1;1;7;6;15;2;2;1,050780792
14946;1;1;1; ;1;1;1;1;1;1;1;2;5; ;4;4;1,050780792
14953;1;1;1; ;1;1;1;1;1;1;1;5;6;17;3;3;1,050780792
14958;1;1;1; ;1;1;1;1;1;1;1;4;4;14;3;3;1,050780792
14965;1;1;1; ;1;1;2;1;2;6;2;8;8;10;1;3;1,050780792
19088;1;1;1; ;2;1;1;1;2;1;1;2;6;14;5;1;1,050780792
19110;1;1;1; ;1;1;1;1;2;2;1;8;6;14;3;1;1,050780792
19112;1;1;1; ;2;1;1;1;2;1;4; ; ;17;4;4;1,050780792
19119;1;1;1; ;1;1;1;4;1;5;2;3;8;16;3;2;1,050780792
31158;1;1;1; ;1;1;1;1;1;1;1;4;4;15;4;1;1,050780792
31172;1;1;1; ;1;1;1;1;2;1;2;2;8;14;3;1;1,050780792
35129;1;1;1; ;2;1;1;1;1;5;1;8;7; ;2;2;1,050780792
35142;1;1;1; ;1;1;1;1;2;1;1;4;4;10;5;5;1,050780792
35159;1;1;1; ;1;1;1;1;1;1;1;2;2; ;4;4;1,050780792
35170;1;1;1; ;2;1;1;1;1;4;2;8;8; ;1;1;1,050780792
36903;1;1;1; ;1;1;1;1;2;1;1;2;4;15;4;4;1,050780792
36919;1;1;1; ;1;1;2;1;2;1;1;6;6;14;3;3;1,050780792
36925;1;1;1; ;1;1;1;1;1;1;1;6;6;14;2;2;1,050780792
39750;1;1;1; ;1;1;1;1;1;5;1;8;4;15;4;4;1,050780792
39762;1;1;1; ;1;1;1;1;1;1;1;3; ;16;1;2;1,050780792
39771;1;1;1; ;2;1;2;2;1;1;1;7;2; ;1;1;1,050780792
41187;1;1;1; ;1;1;1;2;2;1;4;3;8;18;2;1;1,050780792
5587;1;1;1; ;2;2;1;1;1;1;1;2;6;17;5;1;1,051376005
8405;1;2; ;4;1;1;1;1;1;1;3;3;8;16; ; ;1,051376005
20294;1;2; ; ;2;1;2;1;2;1;1;7; ; ;3;3;1,051376005
24691;1;1;2; ;2;1;1;1;1;1;1;7;7;15;5;1;1,051376005
35047;1;1;2; ;2;1;2;1;1;1;1;6;6;14;3;2;1,051376005
35052;1;1;1; ;1;1;1;1;1;1;1;4;3;15;2;2;1,051376005
35058;1; ;2; ;2;2;2;1;2;1;1;2;6;13;4;4;1,051376005
35065;1;1;1; ;2;1;1;1;2;1;1;7;6;11;3;2;1,051376005
35647;1;2; ;4;2;1;1;1;2;1;3;6;8;11;4;2;1,051761334
4203;2;1;1; ;1;1;1;1;4;7;1;9;6; ; ;3;1,054912807
4207;2;1;1; ;1;1;1;1;1;1;1;6;6; ;4;4;1,054912807
4219;2;1;1; ;1;1;1;1;1;1;1;4;4;16;5;4;1,054912807
4245;2;1;1; ;1;1;1;1;2;1;1; ; ; ;1;1;1,054912807
4761;2; ;3; ;1;1;1;4;1;1;2;6;8;10;4;4;1,054912807
4774;2;1;1; ;1;1;1;1;1;1;1;4;4;13;4;3;1,054912807
4780;2;1;1; ;1;1;1;5;2;1;1;6;2;15;4;4;1,054912807
4793;2;1;1; ;1;2;2;1;1;1;2;6;8; ;1;2;1,054912807
5715;2; ;1; ;1;1;1;1;1;1;1;2;6;15;5;5;1,054912807
5717;2;1;1; ;1;1;1;1;2;5;1;6;4;16;2;2;1,054912807
5721;2;1;1; ;1;3;3;1;1;1;1; ;4;12;2;2;1,054912807
5729;2;1;1; ;1;1;1;1;1;1;1;7; ;16;1;2;1,054912807
5733;2;1;1; ;1;1;1;1;1;1;3;6;8;15;2;1;1,054912807
5740;2;1;1; ;2;1;2;1;2; ;3; ;7;17; ;1;1,054912807
10660;2;1;1; ;1;1;1;1;2;1;1;6;6;15;4;2;1,054912807
10672;2;2; ;2;2;1;2;1;2; ;1; ; ; ; ;1;1,054912807
10676;2;1;1; ;1;1;1;1;2;1;1;4;6; ;3;3;1,054912807
11644;2;1;1; ;2;2;2;1;2;2;1;7;6;16; ;4;1,054912807
11646;2;1;1; ;2;1;1;1;2;6;1;8;3;14;5;5;1,054912807
11675;2;1;1; ;1;1;1;1;2;1;1;4;2;12;5;3;1,054912807
11680;2;1;3; ;1;1;1;2;1;1;1;4;4;17;3;3;1,054912807
11839;2; ;1; ;1;1;1;1;1;5;1;9;6;14;5;4;1,054912807
11843;2;1;1; ;1;1;2;1;1;1;2;3;8;14;3;2;1,054912807
11852;2;1;1; ;1;1;1;1;1;1;1;6;6;16;4;4;1,054912807
11860;2; ;1; ;1;1;1;1;2;1;1;6;6;15;3;3;1,054912807
13667;2;1;1; ;2;1;1;1;1;1;1;3;6; ;2;2;1,054912807
13684;2;1;1; ;1;2;2;1;2;1;1;3;3;16;2;2;1,054912807
13701;2;1;1; ;1;1;1;1;1;1;3;7;8; ;1;1;1,054912807
13714;2; ;1; ;2;3;3;1;1;1;1; ; ; ;2;2;1,054912807
13717;2;1;1; ;1;1;1;1;1;1;1;4;4;15;3;1;1,054912807
13727;2;1;1; ;1;1;1;1;4;7;1;9;4;15; ;5;1,054912807
13741;2; ;1; ;1;2;1;1;2;1;1; ;9; ; ;2;1,054912807
14893;2;1;1; ;2;1;1;1;1;1;3;4; ;15;4;4;1,054912807
14900;2;1;1; ;1;1;1;1;2;1;1;6;6;15;2;4;1,054912807
14907;2; ;1; ;1;1;1;1;1;5;3;8;8;12;4;4;1,054912807
14918;2;1;1; ;2;1;1;1;1;1;3; ; ;15;1;5;1,054912807
14919;2; ;1; ;1;1;1;1;1;1;1;6;6;14;5;1;1,054912807
14921;2;1;1; ;1;1;1;1;2;1;4;4;6;15;4;1;1,054912807
14951;2;1;2; ;2;1;1;1;1;1;1; ; ; ;2;1;1,054912807
14969;2;1;1; ;1;1;1;1;1;1;1;2;6;17;3;1;1,054912807
19090;2;1;1; ;2;1;1;1;1;1;1;6;6;16;2;2;1,054912807
19101;2;1;1; ;2;1;2;1;2;1;2;6;8;16;1;1;1,054912807
19102;2;1;1; ;1;1;1;1;1;1;1;4;4; ;5;1;1,054912807
19108;2;1;1; ;1;1;1;2;1;1;1;3;6;12;3;3;1,054912807
19122;2; ;1; ;1;1;1;4;1;1;1;2;6;17;3;3;1,054912807
31177;2;1;1; ;1;1;1;1;2;2;1;7;6; ;1;1;1,054912807
31185;2;1;1; ;2;1;1;1;2;1;2;2;8; ;3;4;1,054912807
31196;2;1;1; ;2;1;2;1;1;1;1; ; ; ; ; ;1,054912807
35134;2;1;1; ;2;1;1;1;1;1;2;2;8; ;1;1;1,054912807
35135;2; ;1; ;1;1;1;1;1;1;2; ; ;15;3;3;1,054912807
35139;2;1;1; ;1;1;1;1;1;1;1;4;5;15;3;2;1,054912807
35144;2; ;1; ;1;1;1;1;2;1;1;4;5;8;2;3;1,054912807
35148;2;1;1; ;1;1;1;1;2;1;1;2;6;17;4;1;1,054912807
35155;2;1;1; ;1;1;1;1;2;1;1;6;6;14;3;2;1,054912807
35165;2;1;1; ;1;1;1;1;2;5;1;7;7; ;4;4;1,054912807
36906;2;1;1; ;2;1;1;1;2;1;1;3;3; ;2;4;1,054912807
36912;2;1;1; ;1;1;1;1;4;1;2;4;2;15;2;3;1,054912807
36917;2;1;1; ;2;2;1;1;2;1;1;3;6;18;3;1;1,054912807
36932;2;1;1; ;1;1;1;1;1;1;4;7; ; ;1;1;1,054912807
39756;2;1;1; ;1;1;1;1;2;4;1;8;4;14;5;5;1,054912807
39766;2;1;1; ;1;1;1;1;1;1;2;6;8;16;1;1;1,054912807
39783;2;1;1; ;1;1;2;1;1;1;3;7;8;15;5;4;1,054912807
39785;2;1;1; ;1;1;1;1;1;1;1;5;4;14;4;4;1,054912807
5621;1;1;1; ;1;1;1;1;1;1;1;2;6;12;1;1;1,055268244
5633;1;1;1; ;2;2;3;1;2;1;3;7; ;12;4;1;1,055268244
8948;1;1;1; ;1;1;1;1;2;1;1;4;2;12;4;4;1,055268244
8955;1;1;1; ;1;1;1;1;1;5;1;8;6; ;1;3;1,055268244
8967;1;1;1; ;1;2;1;2;2;1;1;6;6;15;4;3;1,055268244
9869;1;1;1; ;1;2;1;1;2;1;2;6;8;15;1;3;1,055268244
9874;1;1;1; ;1;1;1;1;1;1;1;5;6; ;5;5;1,055268244
9886;1; ;1; ;1;1;1;1;1;1;3;7;8; ;1;1;1,055268244
9958;1;1;1; ;2;1;1;1;2;1;1; ; ; ;4;1;1,055268244
9965;1;1;1; ;1;1;1;1;1;1;1;4;5;12;2;2;1,055268244
16067;1;1;1; ;1;1;1;1;2;1;1;7;6;16;4;2;1,055268244
16086;1;1;1; ;1;1;1;1;1;1;1;7;5;13;2;2;1,055268244
16094;1;1;2; ;1;1;1;1;2;1;1;6;5;12;3;3;1,055268244
16437;1; ;1; ;2;1;1;3;5;7;7;9;6;16;4;4;1,055268244
16509;1;1;1; ;1;1;2;1;2;1;1;6;6;13;2;2;1,055268244
16512;1;1;1; ;1;1;1;1;1;1;1;4;5;12;2;2;1,055268244
16520;1;1;1; ;1;1;1;1;1;1;1;6;6;8; ; ;1,055268244
16527;1;1;1; ;1;1;1;1;1;1;1;2;5;15;1;2;1,055268244
16537;1;1;1; ;2;1;1;1;2; ;1; ;6; ;1;1;1,055268244
19518;1;1;1; ;1;1;1;1;1;1;1;7;5; ;3;2;1,055268244
19544;1;1;1; ;2;1;1;3;1;1;3;7;8;14;3;3;1,055268244
19893;1;1;1; ;1;1;1;1;1;1;1;7;6;13;3;3;1,055268244
19900;1;1;1; ;1;1;1;1;1;1;1;6;6;16;1;1;1,055268244
19917;1;1;1; ;2;1;1;2;1;1;1;3;2;10;4;4;1,055268244
19928;1;1;1; ;1;1;1;1;2;4;1;8;5;16;5;2;1,055268244
24126;1;1;1; ;1;1;2;1;1;1;1;7;5;15;1;1;1,055268244
24127;1;1;1; ;1;1;1;1;1;1;1;4;4;16;3;2;1,055268244
24135;1;1;1; ;1;1;1;1;1;1;1;7;6; ;1;1;1,055268244
24136;1;1;1; ;1;1;1;1;1;1;3;3;6;16;4;1;1,055268244
24246;1;1;1; ;1;1;1;1;1;1;1;6;6;12;2;2;1,055268244
24254;1;1;1; ;1;1;1;1;1;1;2;7;8; ;3;2;1,055268244
24256;1;1;1; ;1;1;1;1;1;1;1;6;6;12;5;1;1,055268244
24270;1;1;1; ;1;2;1;1;1;1;1;5;4; ;1;1;1,055268244
31041;1; ;1; ;2;1;1;1;1;1;1;2;5;14;2;2;1,055268244
31056;1;1;1; ;1;1;1;1;1;1;1;5;6; ;1;1;1,055268244
42999;1; ;1; ;1;1;1;1;2;5;4;6;8;14;5;2;1,055268244
43004;1;1;1; ;1;1;1;1;1;1;1;7;6;16;4;4;1,055268244
43013;1; ;1; ;2;2;2;1;1;1;1;6;7;15;3;3;1,055268244
5708;1;1;2; ;2;2;2;1;1;1;1;2;6;14;3;1;1,055345039
5719;1;1;1; ;2;1;2;1;1;1;1;7; ; ;1;1;1,055345039
5739;1;1;1; ;1;1;2;1;1;1;4;6;8;15; ;5;1,055345039
10636;1;1;1; ;1;1;1;1;1;1;1;6;6;12;4;4;1,055345039
10664;1;1;1; ;1;1;1;2;2;1;1;4;6;15;3;3;1,055345039
11836;1;1;1; ;1;1;1;1;1;1;1;4;4;14;3;3;1,055345039
14926;1;1;1; ;1;1;1;1;1;1;1;2;5;15;3;3;1,055345039
19096;1;1;2; ;1;1;1;1;2;1;1;7;4;13;1;3;1,055345039
31184;1;1;2; ;2;1;1;1;5;1;1;2;6;13;5;4;1,055345039
35162;1;1;1; ;2;1;1;1;1;1;1;6;7;15;5;5;1,055345039
35169;1; ;2; ;2;1;2;1;2;1;6; ; ;14;3; ;1,055345039
36897;1;1;1; ;2;1;1;5;1;5;3;7;8;14;4;1;1,055345039
36899;1;1;2; ;2;1;1;1;2;1;1;6;7;16;3;1;1,055345039
36911;1;1;1; ;2;1;1;1;1;1;1;6;6;16;3;1;1,055345039
36920;1;1;1; ;1;1;1;1;1;1;1;4;4;15;4;2;1,055345039
39779;1;1;1; ;2;1;1;4;1;1;1;7;4;8;1;3;1,055345039
14847;1;1;1; ;1;1;1;1;4;7;1;9;6;12; ;5;1,055578864
14854;1;2; ;2;2;1;1;1;2;1;3; ;8;14; ;1;1,055578864
14551;1;1;1; ;1;1;1;3;4;7;2;9;8;15; ;1;1,056159744
35830;1; ;1; ;1;1;1;1;1;1;1;6;6;14;5;1;1,056159744
24618;2;1;1; ;2;1;1;4;4;7;7; ; ;16; ; ;1,057252059
2549;2;1;1; ;1;1;1;1;2;1;1;5;6;15;4;2;1,058853949
2558;2;1;1; ;2;1;1;1;1;1;1;2;6;16;5;1;1,058853949
2575;2;1;1; ;2;1;1;1;2;6;1; ;6;12; ;2;1,058853949
2576;2;1;1; ;1;1;1;1;1;1;1;4;4;12;2;1;1,058853949
2587;2;1;1; ;1;1;2;2;1;1;1;6;6;13;2;2;1,058853949
2598;2;1;1; ;1;2;2;1;4;7;1;9;6; ;1;1;1,058853949
2602;2;1;1; ;1;1;1;1;1;1;1;3;4; ;5;5;1,058853949
2606;2;1;1; ;1;1;2;1;1;1;1;5;6;16;4;4;1,058853949
2615;2;1;1; ;1;1;1;1;2;1;2;6;8;13;4;5;1,058853949
2624;2;1;1; ;2;2;2;1;2; ;1; ;4; ; ;4;1,058853949
2626;2;1;1; ;1;1;1;1;2;1;3;7;8;16;5;3;1,058853949
10511;2;1;1; ;2;1;1;1;1;5;3;6;8;14;1;1;1,058853949
33767;2;1;1; ;1;1;1;1;1;1;1;3;5;15;4;3;1,058853949
33771;2;1;1; ;1;1;1;1;4;7;3;9;8;14;1;1;1,058853949
33773;2;1;1; ;1;1;1;1;2;1;1;5;6; ;4;2;1,058853949
33775;2;1;1; ;1;1;2;1;2;1;1;2;6;16;3;4;1,058853949
33790;2; ;1; ;1;1;1;1;1;1;4;5;8;12;5;2;1,058853949
33799;2;1;1; ;1;1;1;1;2;1;3;9;8; ; ;5;1,058853949
33848;2;1;1; ;2;1;1;1;2;1;3;7;8; ; ; ;1,058853949
33864;2;1;2; ;2;1;1;1;2;6;1;9;2;15; ; ;1,058853949
33865;2;1;1; ;2;1;1;1;1;1;3;7;8; ; ; ;1,058853949
35900;2; ;1; ;2;1;2;1;1;1;3;6;8;17; ; ;1,058853949
35902;2;1;1; ;1;1;1;1;2;2;2;6;6;16;5;1;1,058853949
35928;2;2; ;2;2;1;2;1;2;1;1;2;6;15;3;3;1,058853949
35942;2;1;1; ;1;1;2;1;2;1;1;6;2;16;5;1;1,058853949
42792;2;1;1; ;1;1;1;1;1;1;1;2;2;14;2;2;1,058853949
42808;2;1;1; ;1;2;1;1;4;7;1;9;5;15; ;5;1,058853949
42817;2;1;1; ;1;1;1;1;1;1;1;7;6;16;3;3;1,058853949
4210;2;1;1; ;1;1;1;1;1;1;1;6;6;14;2;2;1,059495001
4243;2;1;1; ;1;1;1;1;1;1;1;6;6;13;3;3;1,059495001
4772;2;1;1; ;1;1;1;1;1;1;1; ;6;15;2;2;1,059495001
4785;2;1;1; ;1;1;1;1;2;1;1;4;6;15;5;1;1,059495001
4788;2;1;1; ;1;1;1;1;1;2;1;8;6; ;1;1;1,059495001
5722;2;1;1; ;1;1;1;1;1;1;3;6;8;14;5;4;1,059495001
10657;2;1;1; ;2;1;2;1;1;1;1;7;6;15;5;1;1,059495001
11662;2;1;1; ;1;1;1;1;1;1;3;2;8;14;5;4;1,059495001
11829;2;1;1; ;1;1;1;1;2; ;1;6;6;15;4;4;1,059495001
13673;2;1;1; ;1;2;2;1;2;1;1;2;5;14;4;2;1,059495001
13692;2;1;2; ;2;1;1;1;2;1;1;7;6;13; ; ;1,059495001
13732;2; ;1; ;2;1;1;1;1;1;1;2; ;14;2;2;1,059495001
14902;2;1;1; ;1;1;1;1;2;1;1;7;5;15;2;2;1,059495001
14914;2;1;1; ;2;1;1;2;1;1;1;6;6;15;2;1;1,059495001
14957;2;1;1; ;1;1;1;1;2;1;1;7;6;15;5;4;1,059495001
31163;2;1;1; ;1;1;1;1;1;1;3;4;8;15;4;4;1,059495001
31178;2;1;1; ;1;1;1;1;2; ;1; ;6;14; ;3;1,059495001
31190;2;1;1; ;1;1;1;1;2;6;1;9;6;17;2;1;1,059495001
31191;2;1;1; ;1;1;1;1;2;1;1;4;3; ;4;4;1,059495001
31201;2;1;2; ;2;1;2; ;1;1;1;7;2;15;5;5;1,059495001
39747;2;1;1; ;2;1;1;1;1;1;1;7;6;15;5;5;1,059495001
39793;2;1;1; ;2;3;3;1;1;1; ;7;8;15;5;4;1,059495001
5630;2;1;1; ;1;1;1;1;1;1;1;1;5;16;3;3;1,059732647
5648;2;1;1; ;2;1;1;1;2;1;3;6;8;16;4;1;1,059732647
5652;2;1;1; ;2;1;2;1;1;4;1;8;6;14;1;1;1,059732647
8958;2;1;1; ;2;2;2;1;1;1;1; ; ;12;5;3;1,059732647
8970;2; ;1; ;1;1;1;1;1;1;1;4;5;15;5;1;1,059732647
8979;2;1;2; ;2;1;2;1;1;1;3;7;8; ;1;1;1,059732647
9877;2;1;1; ;1;1;1;2;1;1;2;5;8;12; ;3;1,059732647
9890;2;1;1; ;2;1;1;1;1;1;1;7;7;15;1;1;1,059732647
9893;2;1;1; ;1;3;3;1;1;1;1;1;6;15;2;2;1,059732647
9903;2;1;1; ;1;1;1;1;2;1;1;7;5;17;4;1;1,059732647
9959;2;1;1; ;1;1;1;1;1;1;1;2;2;14;2;1;1,059732647
9975;2;1;1; ;2;1;2;1;1;1;1;6;6;16;2;2;1,059732647
14259;2;2; ;2;2;1;1;4;2;1;2;6; ;13;3;1;1,059732647
16064;2;1;1; ;1;3;2;1;1;1;1;6;6;15;3;3;1,059732647
16073;2;1;1; ;1;1;1;1;1;1;1;1;6;15;3;1;1,059732647
16076;2;1;1; ;1;1;1;1;2;1;1;5;5;12;4;3;1,059732647
16442;2;1;2; ;2;3;3;1;1;1;1;2;6;15;4;4;1,059732647
16461;2;1;1; ;2;1;1;1;2;1;1;6;6;16;3;3;1,059732647
16465;2; ;2; ;1;1;2;1;1;1;1;7;7;15;5;1;1,059732647
16478;2;1;1; ;2;1;1;1;1;1;1;5;6;16;2;2;1,059732647
16486;2;1;1; ;1;2;1;1;1;1;1;7;6;16;1;3;1,059732647
16487;2; ;1; ;2;1;3;1;1;1;1;7;6;14;1;2;1,059732647
16504;2;1;1; ;1;1;2;1;1;1;1;7;5;14;5;2;1,059732647
16518;2; ;1; ;1;1;1;1;1;1;1;4;4;14;4;4;1,059732647
16543;2;1;1; ;1;1;1;1;2;1;1;6;6;15; ; ;1,059732647
19515;2;1;1; ;1;1;1;1;1;1;1;2;6; ;1;1;1,059732647
19519;2;1;1; ;1;1;1;1;1;1;5;7;9;13;4;3;1,059732647
19529;2;1;1; ;1;1;1;1;1;1;1; ; ; ;1;2;1,059732647
19535;2;1;1; ;2;3;3;1;2;1;1;7;4; ;2;1;1,059732647
19543;2;1;1; ;1;1;1;1;1;1;1;2;6;14;3;3;1,059732647
19899;2;1;1; ;1;1;1;1;2;1;1;7;6; ;1;1;1,059732647
19903;2; ;1; ;1;1;1;1;1;1;1;7;6;16;4;4;1,059732647
19912;2;1;1; ;2;1;1;1;1;5;1;7;6; ;1;1;1,059732647
19913;2;1;1; ;1;1;1;1;1;1;1;7;5;15;5;4;1,059732647
19927;2;1;1; ;2;2;1;1;4;7;1;9;4;15; ;2;1,059732647
24247;2;1;1; ;1;1;1;1;1;1;1;2;6;16;2;2;1,059732647
24250;2;1;1; ;2;2;2;1;2;6;1;8;5;14; ;2;1,059732647
24269;2;1;1; ;1;1;1;1;4;7;4;9;8;14;1;2;1,059732647
31037;2;1;1; ;1;1;1;1;1;1;1;4;4;15;3;3;1,059732647
31046;2;1;1; ;2;1;1;1;1;1;1;4;5; ;5;5;1,059732647
31068;2;1;1; ;2;1;2;1;2;1;1;7;6; ;1;1;1,059732647
42997;2;1;1; ;2;1;1;1;1;1;1;7;6;16;5;1;1,059732647
43002;2;1;1; ;1;1;1;1;2;1;1;5;5;15;2;4;1,059732647
5641;1;1;2; ;1;1;2;1;1;1;1;7;7; ;1;1;1,059851983
5645;1; ;1; ;1;1;1;1;1;1;2;4;8;15;5;5;1,059851983
5653;1; ;1; ;1;1;1;1;1;2;2;2;6;14;2;2;1,059851983
8953;1;1;1; ;1;2;1;1;1;1;1;7;7;16;3;1;1,059851983
8963;1;1;1; ;1;1;1;1;1;1;1;1;1;16;1;1;1,059851983
8982;1; ;3; ;1;1;1;1;1;5;3;7;8;18;1;1;1,059851983
16075;1;1;2; ;1;1;1;1;2;1;1; ;2;8;5;2;1,059851983
16080;1;1;1; ;2;1;1;1;1;1;1;7;6;14;4;1;1,059851983
24144;1; ;1; ;1;1;1;1;1;1;1;3;5;12;3;1;1,059851983
24147;1; ;1; ;1;1;1;2;1;1;1;5;6;15;4;4;1,059851983
24150;1;1;1; ;2;1;1;1;1;1;1;7;6;14;1;1;1,059851983
42993;1;1;1; ;2;3;3;2;1;1;1;4;6;15;4;4;1,059851983
42994;1;1;1; ;2;1;1;1;1;1;2;7;8;16;2;2;1,059851983
43001;1;1;1; ;1;1;1;1;1;1;1;6;6;14;5;3;1,059851983
43010;1;1;1; ;1;1;1;1;1;1;1;6;6;16;1;1;1,059851983
33852;1;1;1; ;2;1;3;1;1;1;2;4;4;15; ; ;1,061944401
39079;1;1;1; ;2;1;2;1;1;1;1;2;6;14;4;1;1,062370154
28417;1;1;1; ;1;1;1;1;1;1;1;4;6;15;2;2;1,062912741
28418;1;1;1; ;1;1;1;1;1;5;1;5;4;16;4;4;1,062912741
28423;1;1;1; ;1;1;1;1;1;1;1; ; ;16;4;4;1,062912741
28426;1;1;2; ;2;1;1;1;1;1;1;5;5;16;3;1;1,062912741
28432;1;1;1; ;1;1;1;1;1;1;1;4;4;14;4;3;1,062912741
28444;1;1;1; ;1;1;1;1;2;1;1;7;6;15;3;2;1,062912741
28454;1;1;1; ;1;1;1;1;1;1;3;6;8; ;1;1;1,062912741
28470;1;1;1; ;1;1;1;1;2;2;4;6;6; ;1;1;1,062912741
28472;1;1;1; ;1;1;2;1;1;5;3; ; ;15;1;1;1,062912741
28492;1;1;1; ;2;1;1;1;1;1;1; ;6; ;1;2;1,062912741
28503;1;1;1; ;1;1;1;1;1;1;1;5;5;12;3;2;1,062912741
28508;1;1;2; ;1;2;2;1;2;1;1;7;7;16;2;1;1,062912741
28511;1;1;1; ;1;1;1;1;1;1;1;6;6;16;2;2;1,062912741
28526;1;1;1; ;1;1;1;1;1;5;1;7;7;15;4;4;1,062912741
28531;1;1;1; ;1;1;1;2;1;1;1;7;6;16;2;2;1,062912741
28538;1;1;1; ;1;1;1;1;1;1;1;4;6;16;4;4;1,062912741
28547;1;1;1; ;2;1;1;1;1;1;1;6;6;13;3;3;1,062912741
29170;1;1;1; ;2;1;2;1;4;1;7;7;9;14;5;1;1,062912741
29177;1;1;1; ;1;1;1;1;1;1;1;4;4;13;3;3;1,062912741
29191;1;1;1; ;1;1;1;1;1;1;1; ; ;16;2;1;1,062912741
29201;1;1;1; ;1;1;1;2;1;1;1;7;5;16;1;1;1,062912741
29253;1;1;3; ;2;2;3;5;1;1;1;6;6;15;3;3;1,062912741
29266;1; ;1; ;1;1;1;1;2;1;1;7;7;15;5;4;1,062912741
29280;1;1;1; ;1;2;2;1;5;1;1;7;4;13;3;2;1,062912741
29298;1; ;1; ;1;1;1;1;1;1;1; ;6;15;1;2;1,062912741
29350;1;1;1; ;1;1;1;1;1;1;1;7;5;15;5;3;1,062912741
29352;1;1;2; ;2;1;1;1;2;1;1;4;6;16;4;3;1,062912741
29379;1;1;1; ;1;1;1;1;1;1;3;4;9;17;2;2;1,062912741
29441;1;1;1; ;1;1;1;1;1;1;4;4;8;15;3;2;1,062912741
29453;1;1;1; ;1;1;1;1;2;1;1;7;6;15;4;1;1,062912741
29457;1;1;1; ;1;2;1;1;2; ;1; ;6;15;3;3;1,062912741
29459;1;1;1; ;1;1;1;1;1;1;1;7;6;14;2;2;1,062912741
29472;1;1;1; ;1;1;2;1;2;1;1;6;6;16;5;1;1,062912741
29478;1;1;1; ;1;1;1;1;1;1;1;4;6;14;4;4;1,062912741
29938;1;1;1; ;2;2;2;1;1;2;1;7;6;15;4;1;1,062912741
29939;1;1;1; ;1;1;1;1;1;1;1;6;6;9;3;3;1,062912741
29963;1;1;1; ;1;1;1;1;1;1;1;1;4;14;3;3;1,062912741
29970;1;1;1; ;1;1;2;1;1;1;1;4;6;11;1;1;1,062912741
29972;1;1;1; ;1;1;1;1;1;1;1;3;6; ;1;1;1,062912741
29974;1;1;1; ;1;1;1;1;2;1;1;7;7; ;3;1;1,062912741
30042;1;1;1; ;1;1;1;1;1;1;1;4;4; ;4;4;1,062912741
30063;1;1;1; ;2;1;2;1;1;1;1;6;7;15;2;1;1,062912741
30282;1;1;1; ;2;2;2;1;1;1;1;6;6;10;4;4;1,062912741
30294;1;1;1; ;1;2;1;1;1;1;1; ; ;16;1;1;1,062912741
35634;1;1;1; ;2;2;2;1;2;1;2; ; ;16;5;2;1,062912741
35655;1;1;1; ;1;1;1;1;1;1;1;6;5;15;4;4;1,062912741
35666;1;1;1; ;1;1;1;1;2;1;1;4;5;15;4;3;1,062912741
35721;1;1;1; ;1;2;2;1;2;1;1; ; ; ;1;1;1,062912741
35724;1;1;1; ;1;1;1;1;1;1;3;6;9;11;4;4;1,062912741
35739;1;1;1; ;2;1;1;2;1;1;2;6;8;15;2;2;1,062912741
35750;1;1;1; ;1;1;1;1;2;2;1;8;4; ;2;2;1,062912741
38333;1;1;1; ;1;1;1;1;1;1;1;6;6;15;3;3;1,062912741
38338;1;1;1; ;1;1;1;1;1;1;1;7;6;13;3;3;1,062912741
38346;1;1;1; ;2;1;1;1;1;1;1;4;4;14;3;3;1,062912741
38350;1;1;1; ;1;1;1;1;1;1;1;4;5;10;2;2;1,062912741
38362;1;1;1; ;1;1;1;1;1;1;1;5;6;15;4;3;1,062912741
2609;2;1;1; ;1;1;1;1;2;1;1;2;4;14;3;1;1,063453262
10182;2;1;1; ;1;1;1;1;1;1;1;6;5;16;5;5;1,063453262
33783;2;1;2; ;1;1;1;1;1;1;1;4;4;16;3;3;1,063453262
33861;2;1;1; ;1;1;1;1;1;1;1;6;5; ; ; ;1,063453262
33868;2;1;1; ;1;1;1;1;1;1;1;2;6;16;3;2;1,063453262
35918;2;1;1; ;1;1;1;1;1;1;2;7;8;16;3;3;1,063453262
40655;2;1;1; ;1;2;2;2;2;4;1;7;4;14;5;4;1,063453262
5632;2;1;1; ;1;2;2;1;1;1;1;4;6;14;5;5;1,064335777
5639;2;1;1; ;1;1;2;1;1;1;1;6;6;16;2;2;1,064335777
8960;2; ;2; ;2;1;1;1;1;1;1;4;4;19;5;5;1,064335777
8973;2;1;1; ;2;1;2;1;1;1;1;2;6;14;3;4;1,064335777
9881;2;1;1; ;2;1;2;2;1;1;1;3;7;15;3;3;1,064335777
9972;2;1;1; ;1;2;1;1;1;1;1;4;4;16;5;5;1,064335777
16072;2; ;1; ;2;2;1;1;2;1;4; ; ;16;3;3;1,064335777
16087;2;1;1; ;1;1;1;1;1;1;1;2;6;15;5;5;1,064335777
16430;2;1;1; ;2;2;1;2;1;1;1;7;7;14;2;1;1,064335777
16431;2; ;1; ;2;1;1;1;1;1;1;7;4;15;3;3;1,064335777
16473;2;1;1; ;1;1;1;1;1;1;1;3;6;15;4;4;1,064335777
16492;2; ;1; ;1;2;2;1;2;1;1;3;6;14;4;4;1,064335777
16495;2; ;1; ;1;1;1;1;1;1;1;4;4;15;1;1;1,064335777
16503;2;1;1; ;1;1;1;1;2;1;1;7;6; ;2;2;1,064335777
16508;2;1;1; ;1;1;1;1;1;1;1;7;6;12;4;5;1,064335777
19521;2; ;1; ;1;1;2;1;2;1;1;6;6;15;3;4;1,064335777
19891;2;1;1; ;2;1;2;1;2;1;1;6;3;15;3;1;1,064335777
19907;2;1; ; ;2;2;1;1;1;1;1; ; ;16;2;2;1,064335777
19923;2; ;1; ;2;2;1;1;2;1;1;6;5;16;1;1;1,064335777
31036;2;1;1; ;2;1;2;1;2; ;3; ;8; ; ;4;1,064335777
31043;2; ;1; ;1;1;1;1;1;1;1;3;6;15;3;3;1,064335777
31053;2;1;1; ;1;1;1;1;2;1;1;3;6;16;5;3;1,064335777
31059;2;1;1; ;2;2;2;1;2;2;1;8;6;17;4;3;1,064335777
31063;2;1;1; ;2;2;2;1;2;5;5; ; ;14;2;2;1,064335777
43003;2;1;1; ;2;1;2;1;2;4;1;8;5;15;1;1;1,064335777
40944;2; ;1; ;1;1;1;1;2;1;1;4;4;12;4;4;1,064925374
40954;2;1;1; ;1;1;1;1;1;1;1; ; ;14;1;1;1,064925374
41044;2;1;1; ;1;1;2;2;1;1;1;6;6;13;4;4;1,064925374
41281;2;1;1; ;1;1;1;1;2;1;5;4;4;10;4;2;1,064925374
41962;2;1;2; ;1;1;1;1;2;1;1;9;8; ;5;2;1,065392176
4188;2; ;1; ;1;2;2;1;1;1;1;3;5;12;4; ;1,067386995
25873;2; ;1; ;1;1;1;1;1;1;1;3;3;15;4;2;1,067386995
26947;2; ;1; ;1;1;1;1;1;1;1;4;4;13;3;1;1,067386995
34243;2;1;1; ;1;1;1;1;1;1;1;3;4; ;2;2;1,067386995
38666;2;1;1; ;1;1;1;1;1;1;1;4;4;3;2;3;1,067386995
45368;2; ;1; ;1;1;1;1;1;1;1;3;3;16;3;2;1,067386995
28504;1;1;1; ;1;1;1;1;1;1;1;4;4; ;3;2;1,067529685
29289;1;1;1; ;1;1;1;1;2; ;1; ;6;14; ;1;1,067529685
29364;1;1;1; ;1;1;1;1;1;1;5;7;8;15;4;3;1,067529685
30259;1;1;2; ;2;1;1;1;2;1;1;6;5;16;3;1;1,067529685
35649;1;1;1; ;2;1;1;1;2;7;1; ;6;15; ;3;1,067529685
38321;1;2; ;1;2;1;2;1;4; ;1; ;5;13; ; ;1,067529685
38329;1;2; ;2;1;1;1;1;2;1; ; ; ;16;1; ;1,067529685
32506;1;1;1; ;1;1;1;1;1;1;1;4;6;14;4;4;1,067859289
15174;1;1;1; ;2;1;1;1;2;4;1; ; ; ;3;3;1,068175292
1134;2; ;1; ;1;1;1;1;1;1;1;1;4; ;4;4;1,06829327
23409;2;1;1; ;1;1;1;1;2;1;1;3;6;14; ;3;1,06829327
8855;2; ;1; ;2;1;2;1;1;1;1;2;6;15;3;3;1,068461682
8860;2;1;1; ;1;1;2;1;1;1;1;7;7;16;3;3;1,068461682
8864;2;1;1; ;2;2;1;1;1;1;1; ; ;14;2;2;1,068461682
8868;2; ;1; ;1;1;1;1;1;1;1;5;5;14;4;2;1,068461682
8883;2;1;1; ;1;1;1;1;1;1;1;4;5;10;3;2;1,068461682
24622;2;1;1; ;1;1;1;1;2;1;1;7;6;14;4;3;1,068461682
24623;2;1;1; ;1;1;1;1;1;1;1;4;4;12;3;3;1,068461682
24633;2;1;1; ;2;1;1;2;1;1;1;7;7;13;3;3;1,068461682
24642;2;1;1; ;1;1;1;1;1;2;1;7;7;14;5;5;1,068461682
24647;2;1;1; ;1;1;1;1;1;1;1; ;6;15;2;2;1,068461682
24657;2;1;1; ;1;1;1;1;1;1;1;7;6; ;1;1;1,068461682
24660;2;1;1; ;1;1;1;1;1;2;1;8;6; ;1;1;1,068461682
24662;2;1;1; ;2;1;2;1;1;1;1;6;6; ;2;2;1,068461682
39580;2;1;1; ;1;1;2;1;1;1;4; ; ;15;4;2;1,068461682
39596;2;1;1; ;1;1;1;2;1;1;1;7;5;14;2;2;1,068461682
39601;2;1;2; ;2;1;2;1;1; ;1;8;7;15;2;1;1,068461682
39605;2; ;1; ;1;1;1;1;2;1;1;6;2;16;2;2;1,068461682
43518;2;1;1; ;2;2;3;1;1;1;1;7;7;17;3;3;1,068461682
43529;2;1;1; ;1;1;1;1;2;1;1;1;5;15;5;2;1,068461682
43533;2; ;1; ;1;1;1;1;1;1;1;4;4;15;4;3;1,068461682
43537;2;1;1; ;1;2;2;1;2;1;6;7; ;15;3; ;1,068461682
43550;2;1;1; ;1;1;1;1;1;1;1;6;6; ;4;4;1,068461682
43554;2;1;1; ;1;1;1;1;2;1;1;6;6; ;4;1;1,068461682
43556;2;1;1; ;1;1;1;1;1;1;1;5;5;8;2;1;1,068461682
43558;2;1;1; ;1;1;1;3;2;1; ;6;8; ;1;1;1,068461682
11255;2;1;1; ;1;1;1;1;1;1;1; ; ;14;4;1;1,068637042
19770;1;1;3; ;1; ;2;1;2;2;1;5; ;16;4;4;1,068713376
15207;1;1;1; ;1;1;1;1;1;1;1;3;6;10;2;2;1,068850586
44770;1;1;1; ;1;1;1;1;2;1;1;2;4;14;4;4;1,068850586
12808;2;1;1; ;1;1;1;1;1;1;3;5;8;10;5;5;1,069459354
12809;2;1;1; ;1;1;1;1;1;1;1;6;6;15;1;1;1,069459354
12827;2; ;1; ;1;1;1;1;1;1;1;4;4;16;2;1;1,069459354
12834;2;1;1; ;2;1;1;1;2;1;1;7;5;10;5;2;1,069459354
12842;2;1;1; ;1;1;1;1;1;1;4;2;8;16;5;2;1,069459354
12845;2;1;1; ;1;1;1;1;1;1;1;6;6;12;2;3;1,069459354
12897;2;1;1; ;1;1;1;1;1;1;1;6;6; ;4;1;1,069459354
12898;2;1;1; ;2;2;2;1;2;1;1; ; ;16;5; ;1,069459354
12921;2;1;1; ;1;1;1;1;2;1;1;5;4;15;2;1;1,069459354
12925;2;1;1; ;1;1;1;1;2;1;1;3;4;15;4;4;1,069459354
12928;2;1;1; ;1;1;2;1;2;1;1;1;5;15;2;2;1,069459354
13459;2; ;1; ;2;1;2; ;2;1;1; ; ;16;4;3;1,069459354
13472;2;1;1; ;1;1;1;1;1;5;3;4;6;10;3;3;1,069459354
13488;2; ;1; ;1;1;1;1;1;1;1;7;7;16;1;1;1,069459354
13376;2;1;1; ;1;1;1;1;2;1;1;4;4;12;5;4;1,06955106
13393;2;1;1; ;2;1;1;1;1;1;3;7; ;16;2;1;1,06955106
41254;2;1;1; ;1;1;1;1;1;1;1;5;5;10;3;5;1,06955106
42411;2;1;1; ;1;1;1;1;2;1;1;3;5;14;1;1;1,06955106
3249;2;1;1; ;1;1;1;1;1;1;1;4;4;14;5;5;1,072023373
3607;2;1;3; ;1;1;1;1;2;1;1;4;4;15;4;1;1,072023373
38721;2;1;1; ;1;1;1;1;1;1;1;5;5;6;5;2;1,072023373
45391;2;1;1; ;1;1;1;1;1;5;1;8;4;11;5;5;1,072023373
1763;1;1;1; ;1;2;2;2;1;1;1; ; ;15;4;3;1,072497719
3231;1;1;1; ;2;2;2;1;1; ; ; ; ;16; ; ;1,072497719
26919;1;1;1; ;2;1;1;2;2;1;1; ; ;14;4;1;1,072497719
32528;1;1;1; ;2;1;1;2;1;1;1;4;5;13;5;5;1,072497719
34122;1;2; ;1;2;1;1;1;2;1;1;6;6;8;5;5;1,072497719
34781;1;1;1; ;1;1;1;1;2;6;1;9;6;10;3;3;1,072497719
36963;1;1;1; ;2;1;2;1;2;1;3; ; ;11;1;1;1,072497719
8800;1;1;1; ;2;1;2;1;1;1;1;5;6;14;1;1;1,072815094
1141;2; ;1; ;1;1;2;1; ;1;1;4;5;13;1;1;1,072933585
27284;2;1;1; ;1;1;1;1;1;1;1;4;4;14;4;3;1,072933585
45112;2;1;1; ;1;1;2;1;1;1;1;7;6;15;3;3;1,072933585
8857;2; ;1; ;1;1;1;1;1;1;1;1;5;14;4;2;1,073102728
39583;2; ;1; ;1;1;1;2;1;1;1;7;5;14;3;3;1,073102728
39590;2; ;1; ;1;1;1;2;1;1;1;7;5; ;2;2;1,073102728
43541;2; ;1; ;2;1;2;1;4;7;6;9;8;15;1;2;1,073102728
43564;2; ;1; ;1;1;3;1;1;1;1;7;7;16;4;3;1,073102728
22254;2;1;1; ;1;1;1;1;1;1;1;7;6;15;2;2;1,07321168
22265;2;1;1; ;1;1;1;1;2;1;1;2;2;15;1;1;1,07321168
5353;1;1;1; ;1;2;1;1;1;1;1;3;2;14;5;4;1,073493321
12321;1;1;1; ;1;1;1;1;1;1;1;6;6;8;5;5;1,073493321
12811;2;1;1; ;1;1;1;1;1;1;1;2;2;16;2;2;1,074104734
12900;2;1;2; ;2;1;1;1;1; ; ;4;5;15; ; ;1,074104734
12906;2; ; ;2;1;1;1;1;2;1;1;1;6;13;4;2;1,074104734
28579;1;1;1; ;1;1;1;1;1;1;1;4;4;10;4;4;1,075430166
28583;1;1;1; ;2;1;1;1;1;1;1;4;4;14;3;2;1,075430166
29672;1;1;1; ;1;1;1;1;2;1;1;5;5;11;4;4;1,075430166
29685;1;1;1; ;2;1;1;1;2;1;1;4;5;12;2;1;1,075430166
31479;1; ;1; ;1;1;1;1;1;1;1;6;7;15;3;3;1,075430166
33358;1;1;1; ;1;1;1;1;1;1;1;4;4;13;3;3;1,075430166
33486;1; ;1; ;1;1;1;1;1;1;1;7;6;10;5;5;1,075430166
39391;1;1;1; ;2;1;2;1;1;1;4;7;5;14;4;4;1,075430166
40759;1; ;1; ;1;1;1;1;1;1;3;4; ;12;4;1;1,075430166
40844;1;1;1; ;1;1;1;1;1;1;1;2;2;14;4;3;1,075430166
11564;2;1;1; ;2;1;1;1;1;1;4;7;7;16; ; ;1,076606773
28608;1;1;1; ;1;1;1;1;2;1;1;4;4;13;2;1;1,080101481
31886;1;1;1; ;2;1;2;1;2;1;3;7;2;15;2;2;1,080101481
33362;1;2; ;2;1;1;1;1;2;1;7; ;8;15;1;1;1,080101481
33448;1;1;1; ;2;1;1;1;1;1;1;6;6;14;3;1;1,080101481
38037;1;1;1; ;1;1;1;1;1;1;3;7; ;15;4;4;1,080101481
38246;1;1;2; ;1;2;2;1;1;1;2;7;8;14;5;5;1,080101481
38266;1;1;1; ;1;1;1;1;2;1;1;4;6;16;5;4;1,080101481
38593;1;1;1; ;1;1;1;1;1;1;1;4;5;14;2;4;1,080101481
38762;1;1;1; ;1;1;1;1;2;1;1;3;6;13;4;4;1,080101481
38996;1;1;1; ;2;2;1;1;1;1;4;7; ;15;4;4;1,080101481
39250;1; ;1; ;2;2;3;1;1;1;1;7;1;14; ; ;1,080101481
2678;2; ;1; ;1;1;1;2;2;1;1;2;5;15;2;2;1,08061064
23982;2;1;1; ;2;1;3;1;2;1;1;6;6;15;4;4;1,080849866
12945;2;1;1; ;1;1;1;1;2;1;1;4;6;14;2;3;1,080891084
13189;2;1;1; ;1;1;1;1;2;1;1;4;4;15;3;3;1,080891084
13194;2;1;1; ;1;1;1;1;2;1;2; ; ; ;2;2;1,080891084
13196;2;1;1; ;1;1;1;1;1;1;1;7;6;13;2;2;1,080891084
13207;2;1;1; ;1;1;1;1;1;1;1;2;5;13;2;2;1,080891084
13212;2;1;1; ;1;1;1;1;1;1;1;6;6;14;4;5;1,080891084
13245;2; ;1; ;1;2;3;1;3; ;1; ;6;16; ;4;1,080891084
13249;2;1;1; ;1;1;1;1;1;1;1;4;6;15;5;5;1,080891084
13254;2;1;1; ;1;1;1;1;1;1;1;4;6;16;3;3;1,080891084
13262;2;1;1; ;1;2;2;1;1;2;2;7; ; ;1;1;1,080891084
13265;2;1;1; ;1;1;1;1;2;1;1;7;6;15;3;4;1,080891084
13329;2;1;1; ;1;1; ;1;1;1;1;7;6;14;4;3;1,080891084
13347;2;1;1; ;1;1;1;1;2;1;1;4;6;14;5;2;1,080891084
13357;2;1;1; ;2;1;1;1;2; ;1; ;5;16; ;3;1,080891084
13360;2; ;1; ;1;1;1;1;1;1;1;5;6;10;2;2;1,080891084
13368;2;1;1; ;2;1;2;1;1;1;3;2;8;15;2;2;1,080891084
13381;2;1;1; ;1;1;1;1;1;1;1;4;6;16;4;4;1,080891084
13383;2;1;1; ;2;1;1;1;1;5;1;5;5; ;1;1;1,080891084
13391;2;1;1; ;1;1;2;1;1;1;1;7;6;14;4; ;1,080891084
13395;2;1;1; ;1;1;1;1;1;1;1;6;6;15;5;5;1,080891084
13397;2;1;1; ;1;1;1;1;1;5;1;2;6;15;1;3;1,080891084
13399;2;1;1; ;1;1;1;1;1;1;1;2;4;15;4;4;1,080891084
13410;2;1;1; ;1;1;1;1;1;1;1;2;4;12;3;1;1,080891084
15993;2;1;1; ;2;1;2;2;1;1;1;6;6;17;5;4;1,080891084
16001;2;1;1; ;1;1;1;1;1;1;1;7;6;15;4;3;1,080891084
16002;2;1;1; ;1;1;2;1;1;1;1;1;4;15;2;2;1,080891084
35921;2;1;1; ;1;1;1;1;2;1;1;6;6;13;4;4;1,080891084
40896;2;1;1; ;1;1;1;2;1;1;1;6;6;14;4;4;1,080891084
40900;2;1;1; ;1;1;1;1;1;1;1;6;4;15;4;4;1,080891084
40910;2;1;1; ;1;1;1;1;1;1;3;3;8;16;4;1;1,080891084
40927;2;1;1; ;1;1;1;1;1;1;1;7;6;16;2;1;1,080891084
40931;2;1;1; ;2;2;2;1;2;1;6;6;6;15;5;4;1,080891084
40934;2;1;1; ;1;1;1;1;1;1;1;4;5;19;4;4;1,080891084
40939;2; ;1; ;1;2;2;1;1;1;1;7;6;12;4;1;1,080891084
40947;2;1;1; ;1;1;1;1;2;1;1;2;4; ;1;2;1,080891084
40956;2;1;1; ;1;1;1;1;2;2;1;6;6; ;1;1;1,080891084
40957;2;1;1; ;1;1;1;1;1;1;1;3;4;15;1;1;1,080891084
40967;2;1;1; ;1;1;1;1;1;1;1;6;6;17;3;3;1,080891084
40979;2;1;1; ;1;1;2;1;1;1;1;6;6;15;3;3;1,080891084
40989;2;1;1; ;1;1;1;1;1;1;3;4;8;16;2;1;1,080891084
40993;2;1;1; ;1;1;1;1;1;5;1;7;7;15;1;1;1,080891084
41006;2; ;1; ;2;1;1;1;1;4;1; ; ;14;2;1;1,080891084
41016;2; ;1; ;1;1;2;1;1;2;1;8;6;14;1;3;1,080891084
41022;2;1;1; ;1;1;1;1;1;1;1;6;6;14;1;1;1,080891084
41045;2; ;1; ;1;1;1;1;1;1;1;2;6;13;2;2;1,080891084
41051;2;1;1; ;1;1;1;1;2;1;1;6;6;14;5;2;1,080891084
41054;2; ;1; ;1;1;1;1;1;1;1;4; ;14;3;2;1,080891084
41059;2; ;1; ;1;1;1;1;1;1;3;4;8;15;4;3;1,080891084
41062;2;1;1; ;1;1;1;1;1;1;4;6;8; ;2;1;1,080891084
41066;2;1;1; ;1;1;1;1;1;1;1; ;4;15;2;2;1,080891084
41079;2;2; ;1;1;1;1;1;1;2;2;8;8; ;1;1;1,080891084
41119;2;1;1; ;1;1;2;2;1;1;1;1;1;13;4;2;1,080891084
41120;2;1;1; ;1;2;3;1;1;1;1;4;4;12;2;2;1,080891084
41123;2;1;1; ;1;1;1;1;1;1;1;4;4; ;2;2;1,080891084
41209;2;1;1; ;1;2;1;1;1;1;1;3;6;10;3;3;1,080891084
41216;2;1;1; ;1;1;1;1;1;1;1;4;4;14;3;3;1,080891084
41218;2; ;1; ;2;1;1;1;2;1;1; ; ;14;4;3;1,080891084
41220;2;1;1; ;1;1;1;1;1;1;1;5;6;15;3;3;1,080891084
41223;2;1;1; ;1;1;1;1;1;1;3;3;8;16;1;1;1,080891084
41234;2;1;1; ;1;2;2;1;2;1;1;6;6;15;1;1;1,080891084
41264;2;1;1; ;2;1;1;1;2;2;1; ;5;15;1;1;1,080891084
41266;2;1;1; ;1;1;1;1;2;1;1;2;2;14;2;4;1,080891084
41271;2;1;1; ;2;1;1;1;2;5;1; ;6;15;5;2;1,080891084
42195;2;1;1; ;1;1;1;1;1;1;4;7;5;16;5;5;1,080891084
42209;2;1;1; ;1;1;1;1;1;1;4;3;3; ;1;1;1,080891084
42215;2;1;1; ;2;1;2;1;2;1;4;6;6;13;4;1;1,080891084
42226;2;1;1; ;1;1;1;1;1;1;1;4;4;13;3;3;1,080891084
42239;2; ;1; ;1;1;1;1;2;6;1; ;6; ; ;1;1,080891084
42244;2; ;1; ;2;1;2;1;2;1;1;6;5;15;2;2;1,080891084
42251;2;1;1; ;1;1;1;1;2;1;1;4;4;15;4;4;1,080891084
42255;2;1;1; ;1;1;1;1;1;1;1;5;6;15;5;5;1,080891084
42265;2; ;1; ;1;1;1;1;1;1;1;4;4;17;4;4;1,080891084
42269;2;1;1; ;1;1;1;1;1;1;1;4;4;16;4;3;1,080891084
42272;2;1;1; ;1;1;1;1;2;1;1;4;5;13;4;4;1,080891084
42274;2;1;1; ;1;1;1;1;2;1;6;5;9;14;2;4;1,080891084
42386;2;1;1; ;1;1;1;1;2;1;3;6;8; ;1;1;1,080891084
42392;2;1;1; ;1;1;1;2;1;1;1;6;6;14;2;2;1,080891084
42393;2;1;1; ;1;1;1;1;1;1;1;4;4;14;4;3;1,080891084
42408;2;1;1; ;2;1;1;1;1;1;1;4;4;17;2;2;1,080891084
42442;2;1;1; ;1;1;1;1;2;1;1;7;5;16;2;2;1,080891084
18042;1;1;2; ;2;1;1;1;2;1;1;7;7;13;5;3;1,081526319
33071;1;1;1; ;1;1;1;2;1;1;1;6;6;14;2;2;1,081526319
18280;2;1;1; ;1;1;1;2;1;1;1;6;7;14;4;4;1,082818528
18305;2; ;1; ;1;1;1;1;2;5;1; ;4;16;1;1;1,082818528
25144;2;1;1; ;1;1;1;1;2;1;1;3;5;13;5;2;1,082818528
18275;1; ;1; ;1;1;2;2;1;1;3;7;8;16;4;3;1,083243808
40718;1;1;1; ;2;1;3;1;2;1;1;6;6;14;4;1;1,083243808
15012;2;1;1; ;1;1;1;1;4;5; ;8;9;17; ;1;1,08325265
377;2;1;1; ;1;1;1;1;2;1;1;4;4;13;1;4;1,083389611
382;2;1;1; ;1;1;1;1;1;1;1;4;4;14;4;2;1,083389611
395;2;1;1; ;1;1;1;1;1;1;1;2;6;15;1;1;1,083389611
398;2; ;1; ;2;1;2;1;1;1;1;2;2;16;1;1;1,083389611
404;2;1;1; ;2;1;2;1;1;2;1;8;6; ;1;1;1,083389611
3118;2;1;1; ;1;1;1;1;1;1;2;6;8; ; ; ;1,083389611
3149;2; ;1; ;1;1;1;1;2;1;1;4;4;14;4;3;1,083389611
3172;2;1;1; ;2;1;2;1;2;5;1;4;6;14;4;3;1,083389611
3175;2;1;1; ;1;1;1;1;1;1;1;4;4;14;3;3;1,083389611
3179;2;1;1; ;1;1;1;1;1;1;1;2;4;13;3;3;1,083389611
3182;2;1;1; ;1;1;1;1;1;1;1;7;6; ;1;1;1,083389611
3196;2;1;1; ;1;1;1;1;1;1;1;4;4;14;3;3;1,083389611
3204;2;1;1; ;1;1;1;1;1;6;1; ; ; ;2;2;1,083389611
3224;2;1;1; ;1;1;1;1;2;7;1; ;6; ; ;4;1,083389611
3282;2;1;1; ;2;2;1;1;1;1;1;6;6;14;5;3;1,083389611
3284;2;1;1; ;2;1;1;1;1;1;1;4;4;16;5;5;1,083389611
3290;2; ;1; ;1;1;1;1;2;1;1;2;4;14;3;3;1,083389611
3350;2;1;1; ;1;1;1;1;1;1;1;3;3;0;3;3;1,083389611
3351;2;1;1; ;1;1;1;1;1;1;1;4;4;15;1;1;1,083389611
3371;2;1;1; ;1;1;1;1;1;1;1; ; ;15;3;1;1,083389611
3569;2;1;1; ;1;1;1;1;1;1;1;7;6;12;3;1;1,083389611
3590;2; ;1; ;1;1;1;1;2;5;1;6;6;14;5;2;1,083389611
3593;2;1;1; ;1;1;1;1;1;1;1;4; ;14;4;3;1,083389611
3603;2;1;1; ;1;1;1;1;1;1;1;6;5; ;2;2;1,083389611
4162;2;1;1; ;1;1;1;1;1;1;1;4;2;10;3;3;1,083389611
4166;2;1;1; ;1;1;2;1;1;1;1;6;6;15;3;3;1,083389611
4194;2;1;1; ;1;1;1;1;1;1;1;2;5;15;1;1;1,083389611
4200;2;1;1; ;1;1;2;1;1;1;1;6;6; ;2;2;1,083389611
25544;2;1;1; ;1;1;1;1;2;1;3;7;8; ;1;1;1,083389611
25557;2;1;1; ;1;1;1;1;1;1;1; ; ;14;3;2;1,083389611
25839;2;1;1; ;1;1;1;1;1;1;1;7;7; ;1;1;1,083389611
25892;2; ;2; ;2;1;2;1;2;1;1;3;5;17;2;1;1,083389611
25953;2;1;1; ;1;1;1;1;1;1;1;4;6;15;4;4;1,083389611
26539;2;1;1; ;1;1;1;1;1;1;1; ;6; ;2;2;1,083389611
26545;2;1;1; ;1;1;1;1;2;1;1; ;4;13;1;1;1,083389611
26561;2;1;1; ;1;1;1;1;1;1;1;3;6; ;2;1;1,083389611
26562;2;1;1; ;2;2;3;1;1;1;1; ;5;16;3;3;1,083389611
26566;2;1;1; ;1;1;1;1;1;2;4;8;8;17;4;1;1,083389611
26567;2;1;1; ;1;1;1;1;1;2;1;7;6;15;4;2;1,083389611
26570;2;1;1; ;1;1;1;1;1;5;3;8;8; ;1;1;1,083389611
26917;2;1;1; ;1;1;1;1;2;1;1;4;4;14;5;3;1,083389611
26924;2;1;1; ;1;1;1;1;2;1;1; ;6;15;5;5;1,083389611
26941;2;1;1; ;1;1;1;1;1;1;3;4;8;10;4;4;1,083389611
28698;2;1;1; ;2;1;1;2;1;3;1;9;4;12;4;2;1,083389611
28760;2;1;1; ;1;1;1;1;1;1;1;4;4;15;3;2;1,083389611
28770;2;1;1; ;1;1;1;1;1;1;1;4;4;15;5;5;1,083389611
32498;2;1;1; ;1;1;2;1;1;1;1;4;2; ;4;4;1,083389611
32502;2;1;1; ;1;1;1;1;4;7;1;9;3;14;1;4;1,083389611
32509;2;1;1; ;1;1;1;1;2; ;1; ;5;14; ;2;1,083389611
32511;2;1;1; ;1;1;1;1;1;1;1;6;6;16;2;3;1,083389611
32516;2;1;1; ;1;1;1;1;1;1;1;4;4; ;5;4;1,083389611
32535;2;1;1; ;1;1;1;1;1;1;1;2;6; ;1;1;1,083389611
33994;2;1;1; ;2;2;2;1;2; ;1; ;3;15;5;4;1,083389611
34020;2;1;1; ;1;1;1;1;1;1;1;4;5;14;5;5;1,083389611
34136;2;1;1; ;1;1;1;1;1;1;1;4;4;13;5;4;1,083389611
34141;2;1;1; ;2;1;1;1;2;1;1;3;6;15;4;4;1,083389611
34147;2;1;1; ;1;1;1;1;1;1;1;4;4;13;3;1;1,083389611
34151;2;1;1; ;1;1;1;1;1;1;1;4;4;10;4;4;1,083389611
34175;2;1;1; ;1;1;1;1;1;1;1;6;6; ;1;1;1,083389611
34189;2;1;1; ; ;1;1;1;1;1;1;6;6; ;1;1;1,083389611
34191;2;1;1; ;1;1;1;1;1;1;1;4;4;15;5;5;1,083389611
34195;2;1;1; ;1;1;1;1;1;1;1;5;5;15;2;2;1,083389611
34217;2;1;1; ;1;1;1;1;1;1;1;2;2;16;2;2;1,083389611
34220;2; ;1; ;1;3;1;1;2;1;1;6;4;14;2;2;1,083389611
34228;2;1;1; ;1;1;1;1;1;1;1;7;2;17;4;2;1,083389611
34236;2;1;1; ;1;1;1;1;2;1;1;5;6;14;4;3;1,083389611
34245;2;1;3; ;1;1;1;1;2;1;3;4;8;13;2;2;1,083389611
34807;2;1;1; ;2;1;2;1;2;5;1; ;6;18;4;1;1,083389611
34816;2;1;1; ;1;1;1;1;1;1;1;4;6;8;4;4;1,083389611
34822;2;1;1; ;1;1;1;1;1;1;1;7;6; ;1;1;1,083389611
34826;2;1;1; ;1;1;1;1;1;1;1;4;4;11;4;4;1,083389611
34827;2;1;1; ;2;1;2;1;1;1;3;2;8;16;4;4;1,083389611
34851;2;1;1; ;1;1;1;1;1;1;1;5;4;10;5;3;1,083389611
34858;2;1;1; ;1;1;1;1;1;1;1;4;2;15;4;4;1,083389611
34879;2;1;1; ;1;1;1;1;2;1;1;2;3;10;1;3;1,083389611
34893;2;1;1; ;1;1;2;1;1;1;3;4;8;16;4;4;1,083389611
34898;2;1;1; ;1;1;1;1;1;1;1;4;5;15;5;5;1,083389611
34949;2;1;1; ;1;1;1;1;2;1;1;4;4;13;3;1;1,083389611
36953;2; ;1; ;1;1;1;1;1;1;1;4;4;15;5;5;1,083389611
36966;2;1;1; ;1;1;1;1;1;1;1;4;4;15;2;2;1,083389611
36969;2;1;1; ;2;1;1;1;2;1;4;6;8; ;1;1;1,083389611
36970;2;1;1; ;1;1;1;1;2;1;1;5;4;14;3;5;1,083389611
36973;2;1;1; ;1;2;2;1;1;1;1;6;6;15; ; ;1,083389611
36974;2;1;1; ;1;1;1;1;4;7;1;9;7;14; ;4;1,083389611
38646;2; ;1; ;1;1;1;1;1;1;1;4;4;15;3;4;1,083389611
38649;2;1;1; ;1;1;1;2;1;1;1; ;4;15;4;4;1,083389611
38650;2;1;1; ;1;1;2;1;1;4;1;7;6; ;1;1;1,083389611
38652;2;1;1; ;1;1;1;1;2;2;1;5;6;12;3;1;1,083389611
38661;2;1;1; ;1;1;1;1;1;1;1;6;6; ;2;2;1,083389611
38678;2;1;1; ;1;1;1;1;1;1;1; ; ;16;2;2;1,083389611
38706;2;1;1; ;2;1;1;1;1;1;1;2;5; ;1;1;1,083389611
38707;2;1;1; ;1;1;1;1;1;1;1;2;4;10;1;1;1,083389611
38710;2;1;3; ;1;1;1;1;1;1;1;4;4;14;4;3;1,083389611
45362;2; ;1; ;1;1;1;1;1;1;1;2;6;16; ; ;1,083389611
45390;2;1;1; ;1;1;1;1;1;1;3;3;8;14;2;2;1,083389611
25526;1;1;1; ;1;1;1;1;2;7;1;9;6;16;1;1;1,083868985
25846;1;1;1; ;1;2;2;1;1;1;1; ; ; ;2;1;1,084303529
38729;1;1;1; ;1;1;1;1;1;1;1;4;4;13;5;5;1,084303529
1140;2;1;1; ;1;1;1;1;1;1;1;4;5;16;3;3;1,084309473
1155;2;1;1; ;1;1;1;1;1;1;1;2;4; ;5;4;1,084309473
1162;2;1;1; ;1;1;1;1;1;1;1;4;5;15;2;2;1,084309473
1169;2;1;1; ;1;1;1;1;1;1;1;7;6; ;4;4;1,084309473
8419;2;1;1; ;1;1;1;1;1;2;1;4;5;15;4;4;1,084309473
8425;2;1;1; ;1;1;1;1;1;1;3;3;8;10;5;5;1,084309473
8429;2;1;1; ;2;1;1;1;2;1;1; ; ;14;4;2;1,084309473
8434;2;1;1; ;1;1;1;1;1;1;1;4;5;15;5;5;1,084309473
8450;2;1;1; ;2;2;2;1;1;3;3;8;8;16;4;1;1,084309473
8453;2; ;1; ;1;1;1;1;1;1;1;1;6;16;2;2;1,084309473
8460;2;1;1; ;1;1;2;2;1;1;1;7;7; ;3;3;1,084309473
13807;2;1;1; ;2;2;2;1;4;7;3;9;8;15;2;2;1,084309473
13813;2;1;3; ;2;2;2;1;2;1;2;7;8; ;1;1;1,084309473
13825;2;1;1; ;1;1;1;1;1;1;1;7;7;15;3;3;1,084309473
13831;2; ;1; ;1;1;1;1;1;1;1;6;5;12;3;3;1,084309473
13833;2;1;1; ;1;1;1;1;1;1;1;7;4;15;4;5;1,084309473
13842;2;1;1; ;1;1;1;1;1;1;1;7;6;15;5;5;1,084309473
14063;2;1;1; ;1;1;1;1;1;1;3;7;8; ;1;1;1,084309473
14065;2;1;1; ;1;1;1;2;2;1;3;4;8;15;4;4;1,084309473
14069;2;1;1; ;2;1;1;1;2; ;1; ;6; ;5;1;1,084309473
14082;2;1;1; ;1;1;2;1;1;1;1;6;6;16;5;3;1,084309473
14090;2; ;1; ;1;1;1;1;1;1;1;4;4;13;3;3;1,084309473
14103;2;1;1; ;1;1;1;1;1;1;1;5;4;16;4;4;1,084309473
14671;2;1;1; ;1;1;1;1;1;1;3;2;8;8; ; ;1,084309473
14682;2; ;1; ;2;1;1; ;2;3;3; ; ; ;1;1;1,084309473
14685;2;1;1; ;2;2;2;1;1;1;1; ; ;18; ; ;1,084309473
14690;2;1;1; ;1;1;1;1;1;1;1;6;5;16;2;2;1,084309473
14700;2;1;1; ;2;3;3;1;1; ;1; ; ;15;5;5;1,084309473
14708;2;1;1; ;1;1;1;1;1;1;1;4;5;14;1;1;1,084309473
23049;2;1;1; ;1;1;1;1;2;1;1;5;4;16;4;4;1,084309473
23061;2; ;1; ;2;1;1;1;2;1;1;2;6;15;5;5;1,084309473
23072;2;1;1; ;2;1;1;1;1;1;1;6;6;15;4;4;1,084309473
23428;2;1;1; ;1;1;1;1;1;1;1;3;3;19; ; ;1,084309473
23434;2;1;1; ;2;1;2;1;1;2;3;2; ;16;4;1;1,084309473
23438;2;1;1; ;1;1;1;1;1;1;1;4;4;14;4;3;1,084309473
23445;2;1;1; ;1;1;1;1;1;1;1;4; ; ;1;1;1,084309473
23449;2;1;1; ;1;1;1;1;1;1;1;5;5;15;4;4;1,084309473
27287;2;1;1; ;2;1;1;1;2;2;4;7;7;16;1;1;1,084309473
27304;2; ;1; ;2;1;1;1;1;1;2;7;8;16;4;4;1,084309473
27306;2;1;1; ;1;1;1;1;2;1;1;5;4;16;2;2;1,084309473
27313;2;1;1; ;1;1;1;1;1;1;1;6;6;15;1;1;1,084309473
31077;2;1;1; ;1;1;1;1;1;2;1; ; ; ;3;3;1,084309473
31079;2;1;1; ;1;1;1;2;2;7;1;9;6;15; ;1;1,084309473
31085;2; ;1; ;2;1;2;1;1;1;3;7;8; ;5;2;1,084309473
31090;2;1;1; ;1;1;1;1;2;1;1;1;4;17;4;1;1,084309473
31097;2;1;1; ;2;2;2;1;1;2;1;1;8; ;1;1;1,084309473
31100;2;1;1; ;2;1;1;1;1;6;2; ; ; ;1;1;1,084309473
31102;2;1;1; ;1;1;1;1;1;1;1;7;6;17;4;4;1,084309473
31108;2;1;1; ;1;1;1;1;1;1;1; ; ;14;3;1;1,084309473
45087;2; ;1; ;1;1;2;1;1;1;1;6;5; ;3;2;1,084309473
45091;2;1;1; ;1;1;1;1;1;1;1;2;6; ;3;2;1,084309473
45106;2;1;1; ;1;1;1;1;1;1;1;4;6;14;4;4;1,084309473
45126;2;1;1; ;1;1;1;1;1;5;1;7;6; ; ; ;1,084309473
18238;2;1;1; ;2;1;1;2;2;1;1;2;2;16;3;3;1,084590516
18246;2; ;1; ;1;1;1;1;1;3;1; ;4;15;2;1;1,084590516
18253;2; ;1; ;1;1;1;1;1;1;1;6;6;14;1;1;1,084590516
18255;2;1;1; ;1;1;1;1;1;1;1;7;5;15;4;4;1,084590516
18260;2;1;1; ;2;1;1;1;2;1;1;7;6;15;3;2;1,084590516
22050;2;1;1; ;2;2;3;1;1;4;3;7;6;12;4;3;1,084590516
22053;2;1;1; ;1;2;1;1;1;1;1;2;6; ;2;2;1,084590516
22061;2;1;1; ;1;1;1;1;1;1;1;4;5;15;5;5;1,084590516
22069;2;1;1; ;2;1;2;1;2;1;1;4;6;16;2;2;1,084590516
22081;2;1;1; ;1;1;1;2;1;1;1;6;6;17;3;2;1,084590516
22233;2;1;1; ;1;1;1;1;1;1;1;5;6;15;2;2;1,084590516
22245;2;1;1; ;2;2;2;1;1;1;3;4; ;16;5;5;1,084590516
22257;2;1;1; ;2;1;1;1;2;7;1;9; ;15; ;3;1,084590516
22266;2; ;1; ;1;1;1;1;2;1;1;6;6;16;2;2;1,084590516
22269;2;1;1; ;1;1;1;1;1;1;1;4;4;15;3;3;1,084590516
22271;2;1;1; ;1;1;1;1;2;1;1;2;6;15;3;3;1,084590516
9816;1;1;1; ;1;1;1;1;2;1;1;6;6;15;4;3;1,084875144
17961;1;1;1; ;1;1;1;1;1;1;1;2;4;14;4;4;1,084875144
13214;2;1;1; ;1;1;2;1;1;1;1;6;6;14;4;4;1,08558612
13338;2;1;1; ;2;1;3; ;2;1;1;2;6;14;4;2;1,08558612
13363;2;1;1; ;1;1;2;1;2;3;3;8;8;13;2;2;1,08558612
16004;2;1;1; ;1;1;1;1;2;1;1;2;6;16;4;1;1,08558612
40955;2; ;1; ;2;1;1;1;1;2;1;6;6;17;2;1;1,08558612
41039;2;1;1; ;1;1;1;1;1;1;1;5;5;16;3;3;1,08558612
41043;2;1;1; ;1;1;1;1;1;1;1; ; ;16;1;2;1,08558612
41101;2;1;1; ;1;1;1;1;1;1;3;4;8;13;2;2;1,08558612
41109;2;1;1; ;1;1;1;1;4;1;7;4;9;14; ; ;1,08558612
41144;2; ; ;2;2;1;2;1;2; ;3; ; ;18;2;2;1,08558612
41239;2;1;1; ;1;1;1;1;1;5;1;3;4;14;3;3;1,08558612
42204;2;1;2; ;1;1;1;1;4;7;1;9;6;13; ;4;1,08558612
42221;2;1;1; ;1;1;1;1;2;1;1;4;6;15;3;3;1,08558612
42232;2;1;1; ;1;1;1;1;2;1;1;3;6;14;2;5;1,08558612
22113;1;1;1; ;1;1;1;1;1;1;1;6;6;12;5;5;1,086224114
35871;1;1;1; ;2;1;1;1;2;1;1;6;6;14;2;2;1,086224114
22910;2;1;1; ;2;2;2;2; ;5;4; ; ;15;3;3;1,08731387
41307;2; ;2; ;1;1;1;1;1;1;1; ; ;15;2;2;1,08731387
3013;1;1;1; ;1;1;1;1;2;1;1;7;6;15;4;4;1,087350699
13782;1;1;1; ;1;2;1;1;2;1;1;2;6;10;5;5;1,087350699
40688;1;1;2; ;2;1;3;1;2;1;1;7;6;14;3;1;1,087949063
391;2;1;1; ;1;1;2;1; ;1;1;7;6;14;5;5;1,088095499
3200;2;1;1; ;1;1;1;1;1;1;1;2;2; ;4;1;1,088095499
3215;2;1;1; ;1;1;1;1;1;1;1;4;4;14;5;4;1,088095499
3364;2; ;1; ;1;1;1;1;1;1;1;3;5;15;4;4;1,088095499
3598;2;1;1; ;1;2;2;1;2;1;1; ; ;15;5;2;1,088095499
7272;2;1;2; ;1;1;1;1;2;1;1; ; ;14; ; ;1,088095499
25867;2;1;1; ;1;1;1;1;2;1;1;2;2;15;2;4;1,088095499
25915;2;1;1; ;1;1;1;1;1;1;1;4;4;15;4;4;1,088095499
26530;2; ;1; ;1;1;1;1;1;1;1;7;7;16;4;1;1,088095499
26554;2;1;1; ;1;1;1;1;1;1;1;6;5;16;2;2;1,088095499
32514;2; ;1; ;2;1;2;1;1;1;3; ; ;15;1;1;1,088095499
32532;2;1;1; ;2;2;3;1;1;1;1;3;3; ; ; ;1,088095499
34003;2;1;1; ;1;1;1;1;1;1;1;4;4;14;1;1;1,088095499
34017;2;1;1; ;1;1;1;1;1;1;1;4;4;7;4;4;1,088095499
34997;2;1;1; ;1;1;1;1;2;1;1;2;5;15;1;4;1,088095499
45365;2;1;1; ;1;1;1;1;1;1;1;4;4;14;1;2;1,088095499
45392;2;1;1; ;1;1;1;4;2;1;1;3;6;14;4;5;1,088095499
375;1;2; ;2;1;1;1;1;2;6;1;9;5;15;1;1;1,088576956
26931;1;1;1; ;1;1;1;2;1;1;4; ;8; ;5;5;1,088576956
26937;1;1;1; ;1;1;1;1;1;1;1;3;4;13;4;4;1,088576956
36959;1;1;1; ;1;1;1;1;1;1;1;4;4;13;1;1;1,088576956
38679;1;1;1; ;1;1;1;1;1;1;1;4;4; ;2;2;1,088576956
38715;1;1;1; ;2;2;2;1;1;1;1;4;3;15;4;4;1,088576956
254;2;1;1; ;2;1;1;1;1;1;1;7;7;12;4;4;1,08893426
266;2;1;1; ;2;2;2;1;1;1;1; ; ;16;3;1;1,08893426
300;2;1;1; ;1;1;1;1;1;1;1;1;1;12;4;4;1,08893426
2961;2;1;1; ;1;1;1;1;1;1;1;2;6;16;4;3;1,08893426
16147;2;2; ;1;2;3;2;4;1;1;1;8;8;14; ; ;1,08893426
16178;2;1;1; ;1;1;1;1;2; ;1; ;6;15;1;2;1,08893426
27232;2;1;1; ;1;1;1;1;1;1;1;7;7;15;3;3;1,08893426
27253;2; ;1; ;1;2;2;1;2;1;1;3;6;15;1;2;1,08893426
32070;2;1;1; ;1;1;2;1;2;1;1;7;6;12;5;3;1,08893426
32456;2;1;1; ;1;1;1;1;2;1;1;4;6;15;3;2;1,08893426
32457;2;1;1; ;1;1;1;1;1;1;1;4;5;17;2;4;1,08893426
32472;2;1;1; ;2;2;2;4;1;1;3;7;8;16;3;3;1,08893426
8454;2;1;1; ;1;1;1;1;2;1;1;6;2;14;1;1;1,089019356
14072;2;1;1; ;2;1;1;1;1;1;2;7;8;15;2;1;1,089019356
14085;2;1;1; ;2;2;1;1;1;1;1;7; ;12;5;2;1,089019356
14666;2; ;1; ;1;1;1;1;1;4;1;8;5;15;2;2;1,089019356
14705;2; ;1; ;2;1;1;1;2;7;1;9;7;13;1;1;1,089019356
23054;2;1;1; ;1; ;1;1;2;2;2;7;6;14;2;2;1,089019356
23060;2; ;1; ;1;1;1;2;1;1;2;6;8;15;4;3;1,089019356
23440;2;1;1; ;2;1;1;1;2;1;1;7;7;16;1;2;1,089019356
23443;2;1;1; ;1;1;1;1;1;1;1;6;6;16;4;4;1,089019356
27270;2; ;1; ;2;2;1;1;1;7;1;7;3; ; ;2;1,089019356
31106;2; ;1; ;1;1;2;1;2;1;1;6;6;16;4;4;1,089019356
35980;2;1;1; ;2;2;1;4;2;1;3;6;8;14; ; ;1,089019356
45111;2;1;2; ;2;2;2;1;4;7;2;9;8;16; ;2;1,089019356
45122;2;1;1; ;1;1;1;2;1;1;1;2;4;16;5;5;1,089019356
9460;1;1;1; ;1;1;1;1;2;1;1;7;6;14; ; ;1,089176806
22232;2;1;1; ;1;1;1;1;1;1;1;6;6;13;2;1;1,089301621
22249;2;1;1; ;1;1;1;1;2;1;1;7;6;12;1;1;1,089301621
5012;1; ;3; ;1;1;1;4;1;1;1;6;6;14;2;1;1,089587485
5355;1; ;1; ;2;1;2;1;2;6;1;9;5;16;3;3;1,089587485
5558;1; ;1; ;1;1;1;1;1;1;1;5;6;15;4;4;1,089587485
15161;1; ;2; ;1;1;1;1;1;1;4;7; ;12;3;1;1,089587485
16320;1;1;1; ;1;1;1;1;1;1;1;7;4;5;5;4;1,089587485
16326;1;1;1; ;1;1;2;1;1;1;1;7;2;14;5;2;1,089587485
24059;1;1;1; ;2;1;1;1;2;5;1; ;5;8; ; ;1,089587485
28313;1;1;1; ;2;1;2;1;1;1;1;6;4;9;2;2;1,089587485
43039;1;1;1; ;2;1;1;1;2;1;1;6;6;13;3;3;1,089587485
28553;1;1;1; ;1;1;1;1;2;1;1;6;6; ;4;4;1,091553368
28556;1;1;1; ;1;1;1;1;2;1;3;4;8; ;1;1;1,091553368
28570;1;1;1; ;1;1;1;1;1;1;1;4;4;15;4;4;1,091553368
28581;1;1;1; ;2;1;2;1;2;1;5; ;7;15;1;1;1,091553368
28582;1;1;1; ;2;2;2;1;1;1;1;6;6;14;5;5;1,091553368
28589;1;1;1; ;1;1;1;1;1;1;1;4;6;14;3;1;1,091553368
28597;1;1;1; ;1;1;1;1;1;1;1;7;5;14;4;4;1,091553368
28606;1;1;1; ;1;1;1;1;1;1;1;6;6;16;1;5;1,091553368
28619;1; ;1; ;2;1;1;1;1; ; ;6; ; ; ;1;1,091553368
28622;1;1;1; ;1;1;1;1;2;1;3;6;8; ;2;2;1,091553368
28637;1;1;1; ;1;1;2;1;1;1;1;4; ;16;1;1;1,091553368
29684;1;1;1; ;1;1;1;1;1;1;1;4;6;16;4;4;1,091553368
29690;1;1;2; ;1;1;1;1;2;1;1;6;5;16;4;3;1,091553368
29692;1;1;1; ;2;1;1;1;1;1;1; ; ;16;5;5;1,091553368
29750;1;1;1; ;2;1;1;1;1;1;3;3;8; ;1;1;1,091553368
29772;1;1;1; ;1;1;1;1;1;1;1;7;6;16;2;2;1,091553368
29800;1;1;1; ;2;1;1;1;1;2;3;8;8;17;1;1;1,091553368
29822;1;1;1; ;2;2;1;1;1;1;1;7;7; ;1;1;1,091553368
29834;1; ;1; ;1;1;1;1;1;1;1;4;5;14;2;2;1,091553368
29835;1;1;1; ;2;1;1;1;1;1;3;3;8;15;3;1;1,091553368
29836;1;1;1; ;2;2;1;1;1;4;1; ;6; ;1;1;1,091553368
29843;1;1;1; ;2;1;2;1;1;1;2;6;8;15;3;3;1,091553368
29848;1;1;1; ;2;1;1;1;1;1;1;7;7;16;1;1;1,091553368
29849;1;1;1; ;1;2;2;1;1;1;3;7;8; ;1;1;1,091553368
29854;1;1;1; ;2; ;2;4;2;3;3;8;8; ;5;5;1,091553368
29856;1;1;1; ;1;1;1;1;1;1;1;2;5;15;4;4;1,091553368
29863;1;1;1; ;1;1;1;1;2;1;1;5;5;14;2;2;1,091553368
29864;1;1;1; ;2;2;2;1;1;1;3;7; ; ;4;4;1,091553368
29876;1;1;1; ;2;1;1;1;1;5;1;7;7;14;4;3;1,091553368
31499;1;1;1; ;2;2;1;1;2;1;1;4;6;16;5;3;1,091553368
31598;1;1;1; ;1;1;1;1;2;7;3;9;8; ;1;2;1,091553368
31611;1;1;1; ;1;1;1;1;2;1;1;2;6;12;2;4;1,091553368
31619;1;1;1; ;1;1;1;1;1;1;1;5;5;15;3;3;1,091553368
31624;1;1;1; ;1;1;2;1;1;1;3;2;8;14;1;1;1,091553368
31645;1;1;1; ;1;1;1;1;1;1;1; ; ;16;4;4;1,091553368
31670;1;1;1; ;1;1;1;1;5;6;1;9;7;16;4;4;1,091553368
31675;1;2; ;1;1;1;1;1;1;1; ;5; ; ;1;1;1,091553368
31678;1;1;1; ;2;1;1;1;2;1;2;7; ;17;1;1;1,091553368
31680;1;1;1; ;2;1;1;1;1;1;1;6;4;15;4;3;1,091553368
31682;1;1;1; ;2;1;1;1;2;1;4;6;6;14;2;3;1,091553368
31693;1;1;1; ;2;1;1;1;1;1;1;5;5; ;1;1;1,091553368
31880;1;1;1; ;1;1;1;1;1;1;1;2;4;14;3;2;1,091553368
31885;1; ;1; ;1;1;1;1;1;1;1;4;4;12;3;3;1,091553368
31893;1; ;1; ;2;1;1;1;1;1;1; ; ;14;3;3;1,091553368
31902;1;1;1; ;1;1;1;2;2;1;1;4;6;15;2; ;1,091553368
31941;1;1;1; ;1;1;1;1;1;1;1;4;6;16;1;1;1,091553368
31944;1;1;1; ;2;3;3;1;2;1;3;3;8; ;1;1;1,091553368
31950;1;2; ;1;2;1;2;1;2;3;2; ; ; ;1;1;1,091553368
31957;1;1;1; ;1;1;1;1;2;3;1; ;6;16;1;1;1,091553368
31970;1;1;1; ;1;1;1;1;1;1;1;7;6;16;3;3;1,091553368
31971;1;1;1; ;1;1;1;1;1;1;1;6;6;15;2;2;1,091553368
31973;1;1;1; ;1;1;2;1;1;1;1;7;6;16;1;2;1,091553368
31974;1;1;1; ;2;1;1;1;4;7;3;9;9; ; ;2;1,091553368
31985;1;1;1; ;1;2;2;1;1;1;1; ; ;13;5;5;1,091553368
31991;1;1;1; ;2;2;2;2;1;1;1;7;6;17;2;2;1,091553368
31993;1;1;1; ;1;1;1;1;1;1;3;7; ;15;4;4;1,091553368
32586;1;1;1; ;1;1;1;1;1;1;1;6;6; ;2;2;1,091553368
32603;1; ;1; ;1;1;1;1;1;1;2;5;8; ;4;4;1,091553368
32806;1;1;1; ;2;3;2;1;1;1;3;7;8;12; ; ;1,091553368
32817;1;1;1; ;1;1;1;1;1;1;1;7;6;13;5;4;1,091553368
32819;1; ;1; ;1;1;1;1;1;1;1;5;6;14;5;1;1,091553368
32845;1;1;1; ;1;1;2;1;2;1;1;5;4; ;5;4;1,091553368
32847;1;1;1; ;1;1;2;1;2;1;3;7;8;17;1;1;1,091553368
32857;1;1;1; ;1;1;1;1;2;1;1;4;4;15;3;2;1,091553368
32860;1; ;1; ;1;1;1;1;2; ;1;4;6;17;1;3;1,091553368
32879;1;1;1; ;1;1;1;1;1;1;1;4;6; ;1;1;1,091553368
32893;1;1;1; ;1;1;1;1;2;1;1;4;5;15;1;5;1,091553368
32896;1;1;1; ;1;1;1;1;1;1;1;7;6;12;2;2;1,091553368
32898;1; ;2; ;1;1;2;1; ;7;3;9;8;15;1;1;1,091553368
32900;1;1;1; ;1;1;1;1;1;1;3; ; ;16;5;5;1,091553368
32902;1;2; ;1;1;2;1;1;2;2;3;8;8;17;1;1;1,091553368
32910;1;1;1; ;1;1;2;1;2;1;1; ; ; ;1;1;1,091553368
32917;1;1;1; ;1;1;1;1;1;1;1;4;6; ;1;4;1,091553368
32929;1;1;2; ;2;2;2;1;1;1;3;4;8;16;3;3;1,091553368
32935;1;1;1; ;1;1;1;1;1;1;1;4;4;15;4;4;1,091553368
32940;1;1;1; ;2;1; ;1;2;1;1;7;6; ;1;1;1,091553368
32944;1;1;1; ;2;1;1;1;1;1;1;6;5;15;1;1;1,091553368
32947;1;1;1; ;1;1;2;1;1;1;1;4;4;15;4;3;1,091553368
33377;1;1;1; ;1;1;1;1;1;1;1;5;6;16;5;4;1,091553368
33379;1;1;1; ;1;1;1;1;1;1;1;6;6;16;4;4;1,091553368
33398;1; ;1; ;1;2;3;1;1;1;1;4;6;14; ; ;1,091553368
33418;1;1;1; ;1;1;1;1;2;1;1;7;5;12;1;1;1,091553368
33421;1;1;1; ;1;1;1;1;1;1;3; ; ;16;3;3;1,091553368
33422;1;1;1; ;2;1;1;1;2;2;1;7;6; ;1;1;1,091553368
33431;1;1;1; ;2;1;1;1;1;1;3;7;8; ;2;2;1,091553368
33436;1;1;1; ;1;3;3;1;1;1;1;7;2;16;2;1;1,091553368
33475;1;1;1; ;1;1;1;2;1;3;4;8;5;17;1;1;1,091553368
33488;1;1;1; ;2;1;1;1;2;1;3;7;8;12;1;2;1,091553368
33551;1;1;1; ;1;1;1;1;1;1;1;6;4;16;1;1;1,091553368
33557;1;1;1; ;2;1;1;1;1; ; ;4; ;16;5;5;1,091553368
33565;1;1;1; ;1;1;2;1;1;1;1;6;5;15;2;1;1,091553368
33581;1;1;1; ;1;1;1;1;1;2;3;4;4;13;2;2;1,091553368
33585;1; ;1; ;2;3;1;1;1;3;3;8;8; ;1;1;1,091553368
33590;1;1;1; ;1;2;1;1;1;5;1;8;6; ;4;4;1,091553368
37884;1;1;1; ;1;1;1;1;1;1;1;6;4;15;2;2;1,091553368
37895;1;1;1; ;1;1;1;1;1;1;4;6;6;17;2;2;1,091553368
38031;1;1;1; ;1;1;1;1;1;1;1;3;5; ;1;1;1,091553368
38034;1; ;1; ;2;1;1;1;1;1;1;6;6;15;4;2;1,091553368
38041;1;1;1; ;2;1;1;1;1;1;1;7;7;17;4;2;1,091553368
38042;1; ;1; ;1;2;2;1;2;1;1;7;6; ;5;1;1,091553368
38044;1;1;1; ;1;1;1;1;1;2;2;3;6;14;4;4;1,091553368
38048;1;1;1; ;2;1;2;1;1;1;1;7;6;14;3;3;1,091553368
38059;1; ;1; ;1;1;1;1;1;1;1;7;6;15;2;1;1,091553368
38074;1;1;1; ;1;1;2;1;1;1;1;7;6;16;2;1;1,091553368
38104;1;1;2; ;2;1;2;1;1;1;1;1;1;14;2;1;1,091553368
38110;1;1;1; ;2;1;1;1;2;1;1;7;7;14;4;4;1,091553368
38114;1;1;1; ;1;1;1;1;1;1;3;7;8; ;5;1;1,091553368
38118;1;1;1; ;1;1;2;1;1;1;3;4;6;13;4;4;1,091553368
38121;1;1;1; ;1;1;2;1;1;1;1;5;5;15;2;1;1,091553368
38125;1;1;1; ;2;1;2;1;4; ;3;9;8;15;1;1;1,091553368
38130;1;1;2; ;1;2;2;1;1;1;1;1; ; ;1;1;1,091553368
38148;1;1;1; ;1;1;1;1;1;1;1;2;2;15;2;2;1,091553368
38153;1;1;1; ;1;1;1;1;2;1;1;6;4;16; ; ;1,091553368
38227;1;1;1; ;2;1;2;1;1;2;1; ; ; ;5;1;1,091553368
38244;1;1;1; ;2;2;3;1;2;1;1;6;7;15; ; ;1,091553368
38247;1; ;1; ;1;3;3;1;1;1; ;7; ; ;4;1;1,091553368
38261;1;1;2; ;2;1;2;3;4;6; ;9;9; ; ; ;1,091553368
38272;1;1;1; ;1;1;1;1;1;1;1;4;4;14;5;5;1,091553368
38317;1;1;1; ;1;1;1;1;1;1;1;7;4;8;4;1;1,091553368
38514;1;1;1; ;1;1;1;1;1;1;1;4;4;16;3;3;1,091553368
38543;1;1;1; ;2;1;2;1;1;1;3; ;8;14; ; ;1,091553368
38556;1;1;1; ;1;1;1;1;1;1;1;7;5;16;4;3;1,091553368
38570;1;1;1; ;1;1;1;1;2;7;1;9;6;13; ;2;1,091553368
38576;1;1;1; ;1;1;1;1;1;5;3;8;8; ;1;1;1,091553368
38590;1;1;1; ;1;1;1;1;1;1;3;4;8; ;2;3;1,091553368
38598;1;1;1; ;1;1;1;1;1;1;1;6;5;10;3;4;1,091553368
38739;1; ;1; ;1;1;1;1;1;2;3; ; ; ; ; ;1,091553368
38747;1;1;1; ;2;1;2;1;1;1;1;6;6; ;2;2;1,091553368
38771;1;1;1; ;1;1;1;4;1;1;2;5;5;16;4;4;1,091553368
38780;1;1;1; ;2;1;1;1;2;1;1;6; ;15;3;1;1,091553368
38791;1;1;1; ;2;2;2;1;1; ; ;6;8; ;1;1;1,091553368
38806;1;1;1; ;1;1;1;1;1;1;1;2;6; ;1;1;1,091553368
38816;1;1;1; ;2;1;1;1;1;1;3;5;8; ;5;5;1,091553368
38846;1;1;1; ;2;2;2;1;1;1;1; ; ; ;2;2;1,091553368
38874;1;1;1; ;1;1;1;1;1;1;1;4;5; ;1;1;1,091553368
38890;1;1;1; ;1;1;1;1;1;1;1;6;2;17;4;4;1,091553368
38896;1;1;1; ;1;1;1;1;1;1;1;4;4;13;4;4;1,091553368
38903;1;2; ;2;2;1;1;1;1;4;1;7;4; ;1;1;1,091553368
38911;1;1;1; ;2;1;1;1;1;1;1;3;3;17;2;2;1,091553368
38973;1; ;1; ;2;1;1;1;1;5;3;7;8; ;1;1;1,091553368
38976;1;1;1; ;1;1;1;1;2;6;2; ;8; ;1;1;1,091553368
38984;1;1;1; ;2;1;1;1;4;7;2;9;2;15; ;3;1,091553368
38990;1;1;1; ;2;1;1;1;1;1;3;7;8; ;1;1;1,091553368
39232;1;1;1; ;2;1;1;1;1;1;3;7;8;16;1;1;1,091553368
39241;1;1;1; ;2;1;1;1;1;1;3;6;8;11;3;3;1,091553368
39253;1;1;1; ;1;1;1;1;1;1;1;2;2;14;2;4;1,091553368
39261;1;1;1; ;2;1;1;1;1;1;1;6;6;15;1;1;1,091553368
39308;1;1;1; ;1;1;1;1;1;1;1;4;4;15;4;3;1,091553368
39310;1;1;1; ;1;1;1;1;1;1;1;2;6; ;5;5;1,091553368
39325;1;1;1; ;1;1;1;1;1;2;3;8;8; ;1;1;1,091553368
39327;1;1;1; ;1;1;1;1;1;1;1;4;4;16;4;4;1,091553368
39338;1;1;1; ;1;1;1;1;2;1;1;7;6;16;3;1;1,091553368
39346;1;1;1; ;2;1;1;1;1;1;1;6;6;16;4;2;1,091553368
39367;1;1;1; ;2;1;1;1;2; ;6;9;9; ;1;2;1,091553368
39383;1;1;1; ;1;1;1;1;2; ;4; ; ;16; ;1;1,091553368
39395;1;1;1; ;1;1;1;1;2;1;1;3;6;16;3;3;1,091553368
39408;1; ;1; ;1;1;2;1;2;1;1;7;4;13;2;2;1,091553368
39409;1;1;1; ;2;1;1;1;1;1;1;6;6;16;4;4;1,091553368
39412;1;1;1; ;1;1;1;1;1;1;1;2;4;10;1;3;1,091553368
39413;1;1;1; ;1;1;1;1;2;1;1;6;6; ;5;2;1,091553368
39422;1;1;1; ;2;1;1;1;2;1;1;3;6;13;4;1;1,091553368
39435;1;1;1; ;1;1;2;1;1;1;5;4;4;11;4;4;1,091553368
39468;1;1;1; ;1;2;2;1;2; ;1; ;7;14; ; ;1,091553368
39483;1;1;1; ;1;1;1;1;1;1;1;3;5;16;4;4;1,091553368
39490;1;1;1; ;2;2;2;1;4;7;1;9; ;15; ;4;1,091553368
39513;1;1;1; ;1;1;1;1;1;1;1;6;3;14;1;1;1,091553368
39519;1;1;1; ;2;1;2;1;1;1;4;7;8;15;1;1;1,091553368
40763;1;1;1; ;1;1;1;1;2;1;2; ; ;16;5;1;1,091553368
40764;1;1;1; ;1;1;1;1;1;1;1;4;4;15;5;2;1,091553368
40777;1;1;1; ;1;1;2;1;1;2;1;7;6; ;2;2;1,091553368
40786;1;2; ;1;2;1;2;1;1;1;1;7;6; ;1;1;1,091553368
40788;1;1;3; ;1;1;1;2;2;1;1;4;6;16;4;3;1,091553368
40800;1;1;1; ;1;1;1;1;1;1;1;4;6;14;4;4;1,091553368
40809;1;1;1; ;1;1;1;2;2;1;1;7;6;14;1;4;1,091553368
40815;1;1;1; ;1;1;1;1;2;1;1;6;6;16;4;1;1,091553368
40816;1;1;1; ;2;3;3;1;2;1;1;7;6;8;3;2;1,091553368
40823;1;1;1; ;2;2;3;1;1;1;2;6;8; ;4;3;1,091553368
40832;1;1;1; ;1;1;2;1;1;1;1;4;5;15;2;2;1,091553368
40834;1;1;1; ;1;1;1;1;1;1;1;3;5;13;2;1;1,091553368
41820;1;1;1; ;1;2;1;1;1;2;2;8;8; ;1;1;1,091553368
43206;1;1;1; ;2;1;1;1;2;1;1;4;4; ;1;1;1,091553368
43208;1;1;1; ;2;2;2;1;1;2;2;2;6; ;5;5;1,091553368
43212;1;1;1; ;2;1;1;1;2;1;1; ;5;16;1;1;1,091553368
43247;1;1;1; ;2;1;2;1;1;4;1;7;7;15;5;1;1,091553368
44885;1; ;1; ;2;2;1;1;2;1; ;2; ;16;1;1;1,091553368
44888;1;2; ; ;1;1;1;1;2; ;3; ;8;14; ;1;1,091553368
44891;1;1;1; ;2;1;1;1;2;3; ; ; ;17;1;1;1,091553368
44901;1;1;1; ;2;1;1;1;1;1;2;7;8;17;1;1;1,091553368
44971;2;1;1; ;2;1;1;1;2; ;2; ;8;17;5;1;1,093357399
28906;1;1;1; ;1;1;1;1;1;1;1; ; ; ;2;1;1,09341903
30258;1; ; ; ; ;1;1;1;1;1;1; ; ;13;2;2;1,09341903
272;2;1;1; ;1;2;2;2;2;1;1; ; ;15;2;2;1,093664233
867;2; ;1; ;2;1;1;1;2;1;3;6;8;15;5; ;1,093664233
10415;2;1;1; ;2;1;1;1;2; ;1; ;4;16;1;2;1,093664233
32065;2;1;1; ;1;1;1;1;1;1;1;2;6;15;5;5;1,093664233
32098;2;1; ; ;1;1;1;1;2;1;1; ; ;14;2;2;1,093664233
33802;1;1;1; ;2;1;1;1;2;2;2;8;8;7;4;1;1,093907832
4255;1;1;1; ;1;1;1;1;1;1;1;3;6;16;1;1;1,095121316
2915;1;1;1; ;2;2;2;1;1;1;1;7;6;9;3;3;1,095614368
44844;1;1;2; ;2;2;2;1;1;1;1;2;1;3; ; ;1,095614368
2284;1;1;1; ;2;1;1;4;1;1;1;4;4;12;4;4;1,096294717
28558;1;2; ;1;1;2;1;1;1;1;1;4;6;14;3;3;1,096294717
28630;1;1;1; ;2;2;1;1;2;1;1;7;6;16;1;4;1,096294717
28643;1;1;1; ;1;1;1;1;5;6;3;8;8;14;1;1;1,096294717
31502;1;1;2; ;1;1;1;1;1;1;1;7;4;12;3;3;1,096294717
31612;1;1;1; ;2;1;1;1;2;1;3;7; ;15;2;5;1,096294717
31939;1; ;1; ;1;2;1;1;1;1;3;7;8;14;2;2;1,096294717
31962;1;1;1; ;2;1;2;1;2;1;1;7;6;13;5; ;1,096294717
32616;1;1;1; ;2;1;1;1;2;1;1;3;5;15;4;1;1,096294717
32805;1;1;1; ;2;1;2;1;2;1;1; ;4;14; ; ;1,096294717
32844;1;1;1; ;1;1;1;1;1;1;1;6;6;15;4;4;1,096294717
33369;1;1;1; ;1;2;2;1;1;1;1;4;6;15;1;1;1,096294717
33548;1;1;1; ;1;1;1;1;1;1;3;6;8;14;1;1;1,096294717
33610;1;1;1; ;2;1;2;1;1;1;2;6;8;15; ; ;1,096294717
33616;1;2; ;1;2;1;2;1;1;1;1;2; ;15;1;1;1,096294717
37901;1; ;1; ;1;1;2;1;2;1;1;4;6;16;4;4;1,096294717
37945;1;2; ; ;1;1;1;1;2; ;6; ;8;17; ;1;1,096294717
38157;1;1;1; ;2;1;1;1;2;1;3;7; ; ; ; ;1,096294717
38560;1;1;1; ;1;1;1;1;2;1;4;4;6;14;5;4;1,096294717
38565;1;1;2; ;1;1;1;1;2;1;1;7;6;16;4;1;1,096294717
38885;1;1;1; ;1;1;1;1;1;1;1;7;5;16;4; ;1,096294717
38900;1; ;2; ;2;1;1;1;1;1;1;9;9;17;1;1;1,096294717
38978;1;1;1; ;2;2;2;1;1;1;2;7;8;15;2;2;1,096294717
39215;1; ;1; ;2;2;2;1;1;1;1;7; ;16;1;5;1,096294717
39316;1;1;1; ;1;1;1;1;1;1;1;7;4;15; ; ;1,096294717
39329;1;1;1; ;2;2;3;1;1;1;1; ; ;13; ; ;1,096294717
39379;1;1;1; ;2;2;2;1;1;1;1; ; ;14; ; ;1,096294717
39407;1;2; ;2;2;1;1;1;2; ;1; ; ;16; ;1;1,096294717
39418;1; ;1; ;1;3;3;1;1;2;3; ; ;16; ; ;1,096294717
39870;1;1;1; ;1;1;1;1;2;1;1;7;6;15;2; ;1,096294717
40830;1; ;1; ;1;1;1;1;4;1; ;4; ;16;3; ;1,096294717
43216;1;1;2; ;1;1;1;1;1;1;1;2;2;17;4;4;1,096294717
44902;1;2; ;1;1;1;2;4;1;1;2;7;8;14;3;3;1,096294717
44912;1;1;2; ;1;1;1;1;1;1;1;7;6;14;2;1;1,096294717
3762;1;1;1; ;1;1;1;1;1;1;1;5;5;14;2;2;1,097740916
3778;1;1;1; ;1;1;1;1;2;1;1;4;6;15;5;5;1,097740916
18043;1;1;1; ;1;1;1;1;2;1;1;5;5;3;2;2;1,097740916
18045;1;1;1; ;2;1;1;1;2;1;1;2;6;16;2;2;1,097740916
18056;1; ;1; ;2;1;2;2;2;1;1;2;2;16;4;3;1,097740916
18063;1;1;1; ;2;1;1;1;2;1;1;3;6;15;4;3;1,097740916
18064;1;1;1; ;1;1;1;2;1;1;1;4;6;14;4;4;1,097740916
18069;1;1;1; ;1;1;1;1;1;1;1;7;5;14;1;2;1,097740916
18084;1;1;1; ;1;2;1;1;1;1;1;2;6;16;4;4;1,097740916
18152;1;1;1; ;1;1;1;1;1;1;1;5;5;16;4;3;1,097740916
18217;1;1;1; ;1;1;1;1;2;1;1;5;6;15;4;4;1,097740916
18224;1;1;1; ;2;1;3;2;1;1;1;6;5;13;4;4;1,097740916
22096;1;1;1; ;2;2;1;1;1;1;1;2;7;15;2;1;1,097740916
22097;1;1;1; ;1;1;1;1;1;1;1;6;5;14;3;2;1,097740916
22106;1;1;2; ;2;3;3;1;1; ; ;8;8;12;2;2;1,097740916
22185;1;1;1; ;1;1;1;1;1;5;1;6;6;14;4;4;1,097740916
22192;1;1;1; ;1;1;1;2;1;1;1;2;6;16;3;3;1,097740916
22211;1;1;2; ;2;1;1;1;2;1;1; ; ;15;5;1;1,097740916
22217;1; ;1; ;2;1;1;1;2;1;6;7;8; ;3;3;1,097740916
22221;1;1;1; ;1;1;2;1;1;1;1;2;5;17;1;1;1,097740916
22223;1;1;1; ;1;1;1;1;1;1;3;4;8;10;4;4;1,097740916
32994;1;1;1; ;1;1;1;2;1;1;1;7; ;14;5;5;1,097740916
33030;1;1;1; ;1;1;1;1;4;1; ;2; ;14;5; ;1,097740916
33048;1;1;1; ;1;3;1;1;1;1;1;7;6;15;4;1;1,097740916
33051;1; ;1; ;1;1;1;1;1;1;1;6;5;13;2;2;1,097740916
33062;1;1;1; ;2;2;1;1;5;7;1;9;2;15; ;5;1,097740916
33069;1;1;1; ;1;1;1;1;2;1;1;2;6;8;5;3;1,097740916
35898;1;1;1; ;1;1;1;1;1;1;1; ; ;14;1;2;1,097740916
29299;1;1;2; ;1;1;1;4;2;4;1;8;6;14;4;1;1,098486278
1494;1;1;1; ;2;1;2;1;1; ; ;2; ;16;1;2;1,098879446
1666;1;1;1; ;1;1;1;2;1;1;1;6;6;14;2;1;1,098879446
1675;1;1;1; ;2;1;2;1;2;5;2;8;8;17;5;3;1,098879446
13756;1;1;1; ;1;1;2;1;1;1;1;3;6;15;2;2;1,098879446
13759;1;1;1; ;2;1;1;2;1;1;1;4;6;15;3;2;1,098879446
13760;1;1;1; ;1;2;2;1;1;6;1; ;6;15;2;2;1,098879446
13769;1;1;1; ;1;1;1;1;1;1;3;7;8;14;2;2;1,098879446
13780;1;1;1; ;1;1;1;1;1;1;1;4;4;14;2;2;1,098879446
13792;1;1;1; ;1;1;1;1;1;1;1;7;6;15;1;1;1,098879446
13802;1;1;1; ;2;1;1;1;1;1;3;6; ;16;1;1;1,098879446
14860;1;1;1; ;1;1;1;1;1;1;1;4;5;15;4;4;1,098879446
14875;1;1;1; ;1;1;1;1;1;1;1;4;5;15;1;1;1,098879446
14883;1;1;1; ;1;1;1;1;1;1;3;5;8; ;1;1;1,098879446
19294;1;1;1; ;2;1;1;1;1;1;1; ; ;13;2;2;1,098879446
30390;1; ;1; ;1;2;2;2;1;1;1;5;7;13;2;2;1,098879446
36599;1;1;1; ;1;1;1;1;4;1;7;5;9;13;4; ;1,098879446
36624;1; ;1; ;2;2;3;1;4;3; ; ; ; ;2;1;1,098879446
39958;1;2; ;2;2;1;2;1;2;1;1; ; ; ; ;1;1,098879446
11434;1; ;1; ;1;1;1;1;1;1;1;5;6; ;3;3;1,099484154
11435;1;1;1; ;1;1;1;1;1;1;1;2;6;16;2;2;1,099484154
11442;1;1;1; ;1;1;1;1;1;1;1;2;2;16;4;3;1,099484154
11446;1;1;1; ;1;1;1;1;1;1;1;4;6;11;5;5;1,099484154
11452;1;1;1; ;2;2;2;1;1;1;1;7;5;17;2;2;1,099484154
11465;1;1;1; ;1;1;2;1;1;1;1;7;6;14;3;3;1,099484154
11470;1;1;1; ;1;1;1;1;1;1;1;6;4;16;5;5;1,099484154
14117;1;1;1; ;2;1;1;1;1;1; ;7; ;14;2;2;1,099484154
14130;1;1;1; ;2;1;2;1;2;2;2;7;7;16;1;3;1,099484154
14145;1;1;1; ;1;1;1;1;2;1;1;5;5;15;3;2;1,099484154
14149;1;1;1; ;1;1;1;1;1;1;1;7;4;13;3;1;1,099484154
14548;1; ;2; ;2;2;2;1;4; ;1; ;7;15; ; ;1,099484154
14559;1;1;1; ;1;1;1;1;4;7;1;9;4;14; ;2;1,099484154
14570;1;1;1; ;1;1;1;1;1;1;1;2;6; ;2;2;1,099484154
14972;1;1;1; ;2;2;3;1;1;1;1;7;7; ;5;1;1,099484154
14991;1;1;1; ;2;2;2;2;1;1;1;7;7;17;4;3;1,099484154
15010;1;1;1; ;1;1;1;1;1;1;1;4;2;12;4;4;1,099484154
18276;1; ;1; ;1;1;1;1;1;1;1;6;6;16;5;1;1,099484154
18278;1;1;1; ;1;1;1;1;1;1;1;4;4;12;4;4;1,099484154
18300;1;1;1; ;1;1;1;4;2;1;1;7; ;15;2;1;1,099484154
18302;1;1;1; ;2;1;2; ;1; ; ; ; ;6;4;4;1,099484154
18308;1;1;2; ;2;1;2;1;2; ;2; ;8;15; ;1;1,099484154
25132;1;1;1; ;1;1;1;1;1;1;3; ;4;16;4;4;1,099484154
25135;1;1;2; ;2;2;3;3;4;7;7;9;9; ;3;3;1,099484154
25155;1;1;1; ;2;2;2;1;2;1;1;7;6;15;3;3;1,099484154
25159;1;1;1; ;1;2;2;1;1;1;1; ;1; ;1;1;1,099484154
25163;1;1;1; ;1;1;1;2;2;1;1;2;6;13;4;2;1,099484154
25167;1;1;1; ;1;1;1;1;1;1;1;2;6;15;2;2;1,099484154
25168;1;1;1; ;2;2;2;1;1;1;1;4;4;11;5;5;1,099484154
25172;1;1;1; ;1;1;1;1;1;1;1;7;6;17;2;2;1,099484154
35822;1;1;1; ;2;1;2;1;2;7;1;9;7;15; ;4;1,099484154
35825;1;1;1; ;1;1;1;1;1;4;1;7;7; ;2;2;1,099484154
35842;1;1;1; ;2;1;1;1;2;1;1;4;6; ;4;3;1,099484154
35848;1; ;1; ;2;1;1;2;1;1;3; ; ;13;1;1;1,099484154
35850;1;1;1; ;2;1;1;1;1;4;3;8;8;17;2;1;1,099484154
40691;1;1;1; ;2;2;2;2;1;1;3;7;8;16;1;1;1,099484154
40692;1;1;1; ;1;1;2;1;1;1;1;7;6;10;2;2;1,099484154
40706;1;1;1; ;1;1;1;1;1;1;1;7;7;15;4;4;1,099484154
40708;1;1;1; ;1;1;1;1;1;1;1;4;4;15;4;4;1,099484154
40711;1;1;1; ;1;2;2;1;2;1;1;3;6;15;3;1;1,099484154
4260;1;1;1; ;2;1;2;1;2;1;1;7;7;15;4;2;1,099878163
30405;1;1;1; ;2;1;2;1;2;6;6;9;9;14; ;2;1,100319125
2803;1;1;1; ;1;1;2;1;2;1;1;8;8;14;5;5;1,100373356
2817;1;1;2; ;1;1;1;4;2;1;1;4;6;10; ; ;1,100373356
22518;1;2; ;2;1;2;2;1;1;5;4; ; ;12;5;1;1,100373356
37072;1;1;1; ;1;1;1;2;1;1;1;1;3;11;3;3;1,100373356
32999;1;1;1; ;1;1;1;1;5;1;3;4;8;15;4;4;1,102509142
28383;1;1;1; ;1;1;1;1;1;1;1;6;6;14; ; ;1,103257741
29305;1;1;1; ;2;1;1;1;1;1;1;7;5;13;3;4;1,103257741
3011;1;1;1; ;1;2;2;2;2; ; ; ; ;16; ; ;1,103652617
13775;1;2; ;2;2;2;1;4;2;2;4;8;4;13; ; ;1,103652617
13778;1;1;1; ;1;1;1;1;2;7;3;9;8;14; ;1;1,103652617
36987;1;1;1; ;2;2;2;1;2;1;3;2;8;14;5;5;1,103652617
11444;1;1;1; ;1;1;1;1;1;1;1;4;4;12;4;3;1,104259951
11449;1;1;1; ;1;2;2;1;1;1;1;7;6;16;4;4;1,104259951
11471;1;1;1; ;1;1;1;1;1;1;1;3;3;14;3;3;1,104259951
14978;1; ;1; ;2;1;1;1;4;6;3;9;8;17;1;1;1,104259951
25150;1; ;2; ;2;2;1;1;1;1;1;7;5;15;2;1;1,104259951
25166;1;1;2; ;2;2;2;1;1;1;1;6;6;15;2;1;1,104259951
35813;1;1;1; ;1;1;2;5;1;1;1;4;4;14;4; ;1,104259951
35817;1;2; ;2;1;2;1;3;2;2;3;7;7; ;1;5;1,104259951
40679;1;2; ; ;1;2;2;1;2;1;1;9;6;15;1;1;1,104259951
40698;1;1;1; ;1;1;2;1;1;1;1;7;7;16;3;3;1,104259951
2561;1;1;1; ; ;1;1;1;2;1;2; ;9;17;2;3;1,105506102
2568;1;1;2; ;2;2;2;4;2;6;3;9;8;15; ;1;1,105506102
2570;1;1;1; ;1;1;1;1;1;1;4;5;9;15;3;2;1,105506102
2581;1;1;1; ;2;2;2;2;2;1;1;2;2;19;3;3;1,105506102
2596;1;1;1; ;2;1;1;1; ; ;1; ;7;15; ;1;1,105506102
2599;1;1;1; ;1;1;1;1;2;1;1;7;6; ;1;1;1,105506102
2621;1;1;1; ;2;2;2;2;2;4;1;7;5;15;4; ;1,105506102
20499;1;1;1; ;1;1;2;1;1;1;2;4;8;14;4;4;1,105506102
33781;1;1;1; ;1;1;1;1;2;1;1;3;4;10; ; ;1,105506102
33792;1;1;1; ;1;2;1;1;1;1;1;7;5;16;5;1;1,105506102
33795;1;1;1; ;1;1;1;1;1;1;1;2;4;15;4;4;1,105506102
33853;1; ;1; ;1;1;2;1;2;7;1;9;6;16; ; ;1,105506102
33855;1;1;1; ;2;1;1;1;2;1;1;2;6;15; ; ;1,105506102
33857;1;1;1; ;1;1;1;1;2;1;1;2;5;15;1;2;1,105506102
33871;1;1;1; ;1;1;1;1;2;3;1;8;6;15;1;1;1,105506102
35914;1;1;1; ;2;2;3;1;2;1;1;6;6; ;1;1;1,105506102
35932;1;1;1; ;2;1;2;1;1;1;1;3;6;15;2;2;1,105506102
35933;1;1;1; ;1;1;1;1;4;5;7;8;9;16;4; ;1,105506102
35935;1;1;1; ;1;1;1;1;1;5;1; ;6; ;5;5;1,105506102
35936;1;1;1; ;1;1;1;1;1;1;3;4;8;13;4;4;1,105506102
42806;1;1;1; ;2;1;1;2;2;1;1;6;5;16;3;3;1,105506102
34320;1;1;1; ;2;1;2;1;1;1;1; ; ; ; ; ;1,106928778
2564;1;1;2; ;1;1;1;1;1;1;1;4;4;14;5;5;1,110308057
2565;1;1;2; ;2;1;1;1;1;1;1;1;6;14;3;3;1,110308057
2617;1; ;1; ;1;1;1;1;2;1;1;7;6;15;3;3;1,110308057
10523;1;1;2; ;2;1;1;1;1;1;2;1;8;15;3;2;1,110308057
14514;1;1;1; ;1;1;1;2;1;1;1;7;6;14;4;4;1,110308057
33788;1;1;1; ;2;1;1;1;2; ;1; ; ;16;1;1;1,110308057
39101;1;2; ;1;1;1;1;1;1;1;4;7;8;15;4;4;1,110308057
11463;2;1;1; ;1;1;1;1;2;1;1;3;2;12; ; ;1,110586227
22394;1; ;1; ;2;2;1;1;1;1;4;4;9;15;1;1;1,112040177
3783;1;1;2; ;2;2;2;1;1;1;1;5;5;12;2;2;1,112486015
9595;1;1;2; ;1;1;1;1;2;1;1;6;6;15;2;1;1,112486015
19079;1;1;3; ;1;1;2;1;1;6;6;1; ;16; ; ;1,112486015
37115;1;1;1; ;2;1;1;1;1;5;1;2;6;8;4;4;1,112486015
4252;2; ;1; ;2;1;2;1;2;1;1;7;7;16;1;1;1,112689807
29130;2;1;1; ;1;2;3;1;2;1;1;2;6;13;5;3;1,113310692
16935;2;1;1; ;1;1;2; ;2;1;1;3;6;13;5;3;1,1135889
29334;1; ;1; ;1;1;1;1;1;1;3; ; ; ;2;1;1,11540215
15002;2;1;1; ;2;1;1;1;2;1;1;2;6;15;4;4;1,115410249
679;2;1;1; ;1;1;1;1;1;1;1;4;2;14;4;4;1,116428213
3236;1;1;1; ;1;1;1;1;2;1;1;4;4;15;5;5;1,116492324
3246;1;1;1; ;1;1;1;1;1;1;1;4;4;14;4;4;1,116492324
34798;1;1;1; ;1;1;1;1;1;1;1;4;4;16;1; ;1,116492324
34815;1;1;1; ;2;1;3;1;1;2;1;4;6;6;4;3;1,116492324
34946;1;1;1; ;2;1;1;1;1;1;1;3;3;7; ; ;1,116492324
38674;1;1;1; ;1;1;1;1;1;1;1;4;3;14;5;5;1,116492324
33017;2;1;1; ;1;1;1;1;1;1;1;7;6;15;3;2;1,116612328
1757;1;1;1; ;1;1;2;1;1;1;1;6;2;14;4;3;1,116870514
2835;1;1;1; ;1;1;1;1;2;1;1;7;4; ;1;3;1,116870514
2948;1;1;1; ;1;1;3;1;1;1;5;7;6;12;1;5;1,116870514
37061;1;1;2; ;1;1;1;1;2;1;1;3;6;14;1;1;1,116870514
37073;1;2; ;2;1;1;1;1;2;2;3;8;8;10;1;2;1,116870514
44292;1;1;1; ;1;1;1;1;2;1;1;7;5;14; ; ;1,116870514
43451;1;1;2; ;2;3;3;1; ;7;1;9;5;15; ;2;1,11707003
9127;1;1;1; ;1;1;1;1;2;1;5;3;4;7;3;5;1,117528767
9152;1;1;1; ;2;1;1;1;1;1;1;3;6;7;4;4;1,117528767
9798;1;1;1; ;1;1;2;1;2;1;1;4;6;14;4;4;1,117528767
9828;1;1;1; ;2;1;1;1;1;1;1;2;6;13;3;3;1,117528767
13039;1;1;1; ;1;1;1;1;1;1;1;4;4;14;4;3;1,117528767
13066;1;1;1; ;1;1;1;1;1;1;3;4;9;13;5;5;1,117528767
31030;1;1;1; ;1;1;1;1;2;1;4;6;8;15;3;2;1,117528767
33269;1;1;1; ;1;1;1;1;1;1;1;4;4;13;2;2;1,117528767
37581;1;1;1; ;2;1;1;1;1;1;1;4; ;15;4;4;1,117528767
42983;1;1;1; ;1;1;1;1;2;1;1;4;6;14;3;3;1,117528767
43110;1;1;1; ;1;1;2;1;1;1;1;1;6;10;4; ;1,117528767
43115;1;1;1; ;1;1;1;1;1;1;1;6;6;13;4;4;1,117528767
43124;1;1;1; ;1;1;1;1;1;1;1;3;2;14;5;3;1,117528767
44775;1;1;1; ;1;1;1;1;1;1;1;4;4;13;5;2;1,117528767
575;1;1;1; ;2;2;2;1;1;1;1;4;4;14; ; ;1,117690811
11922;1;1;2; ;2;2;2;1;1;1;1;7;5;13;1;1;1,117690811
14740;1; ; ;1;1;1;1;1;1;1;1;2;6;13;4;1;1,117690811
20411;2;2; ;2;2;1;1;1;1;1;1; ;7; ;5;5;1,119745427
29132;1;1;1; ;1;1;1;1;1;1;1;7;4;15;3;1;1,119798142
37290;1; ; ;2;1;1;1;1;1;1;1;7;7;15;1;1;1,119798142
31591;1; ; ; ;1;1;3; ;2;3;2;8; ;17; ; ;1,120311273
3586;1;1;1; ;2;1;1;1;2;1;1;4;6;15;5;5;1,121342
25863;1;1;1; ;1;1;1;1;1;1;3;4;4;10;5;5;1,121342
28741;1;1;1; ;1;1;1;1;2;1;1;4;4;13;5;3;1,121342
34788;1;1;1; ;1;1;1;1;1;1;1;4;4;13;3;3;1,121342
22163;2;1;1; ;1;3;3;2;2;1;1;5;5;9; ; ;1,121462525
9078;1;1;1; ;2;1;1;1;1;1;1;3;6;14;4;4;1,122382944
13054;1;1;2; ;2;1;1;2;1;1;1;4;5;14; ; ;1,122382944
15156;1;1;1; ;1;1;1;1;2;4;1;8;4;10;1;4;1,122382944
19967;1;1;1; ;1;1;1;1;1;1;1;4;5;14;5;5;1,122382944
28291;1;1;1; ;1;2;1;1;2;1;1;9;9;14;1;1;1,122382944
28312;1;1;2; ;2;1;1;1;2;1;1;4;4;16;5;5;1,122382944
33270;1;1;1; ;1;2;2;1;1;1;1;4;6;15;3;3;1,122382944
31492;2;1;1; ;2;1;1;1;1;1;1;7;2;13;1;1;1,124953186
38887;2;1;1; ;1;1;1;1;1;1;1;2;2;14;2;2;1,124953186
39339;2;1;1; ;1;1;1;1;2;1;1;4;5;15;5;4;1,124953186
588;2;1;1; ;1;1;1;1;1;1;3;7;8;15;2;2;1,125187083
592;2;1;1; ;1;1;1;1;1;1;1;5;6;15;4;4;1,125187083
593;2;1;1; ;1;1;1;1;1;1;1;3;5; ;1;1;1,125187083
596;2;1;1; ;2;2;2;1;1;2;1;2;5;16; ; ;1,125187083
602;2;1;1; ;1;2;2;1;1;1;1;2; ; ;3;3;1,125187083
605;2;1;1; ;1;1;1;2;2;1;1;5;5;16;5;5;1,125187083
615;2;1;1; ;1;1;1;1;1;1;2;6;9;15;3;2;1,125187083
616;2;1;1; ;1;1;1;1;2; ;3; ;8; ; ;1;1,125187083
1399;2;1;3; ;1;1;1;1;1;1;2;7;5;14;1;2;1,125187083
9833;2;1;1; ;2;2;1;1;4; ;6; ;8; ;1;1;1,125187083
9848;2;1;1; ;1;1;1;1;1;1;1;5;5;15;4;4;1,125187083
9867;2;1;1; ;1;1;1;1;1;1;1;6;6;15;1;1;1,125187083
11569;2; ;1; ;1;3;2;1;1;1;1;6;6;15;3;3;1,125187083
11573;2;1;1; ;1;1;1;2;1;1;1;6;6;14;2;5;1,125187083
11575;2; ;1; ;2;2;2;1;1;1;2;7; ;14;1;1;1,125187083
11593;2;1;1; ;1;1;1;1;2;1;1;3;6; ;1;1;1,125187083
11599;2; ;2; ;2;1;1;1;1;1;1;1;8;17;3;1;1,125187083
11909;2; ;1; ;1;1;1;1;1;1;1;3;4;14;4;2;1,125187083
11917;2;1;1; ;1;1;2;1;1;1;3;4;8;16;3;2;1,125187083
11926;2;1;1; ;1;1;1;1;1;1;1;4;6;16;3;3;1,125187083
11930;2;1;1; ;2;2;3;1;2;1;1;5;6;15;3;3;1,125187083
11941;2; ;1; ;2;1;2;1;2;1;3;6; ; ;4;4;1,125187083
12197;2;1;1; ;1;1;1;1;1;1;1;5;2;16;1;1;1,125187083
12215;2;1;1; ;2;3;2;1;1;1;4; ; ; ;2;1;1,125187083
12217;2;1;1; ;1;2;3;1;2;6;1;9;5;16; ;2;1,125187083
12638;2;1;1; ;1;1;2;1;2;1;1;6;2;15;5;3;1,125187083
13879;2;1;1; ;1;1;1;1;2;7;1;9;6; ; ;1;1,125187083
13887;2;1;1; ;1;1;1;1;1;1;1;4;2; ;4;4;1,125187083
14645;2;1;1; ;1;1;1;2;1;3;1;8;4;14;3;2;1,125187083
14713;2;1;1; ;1;1;1;1;2;1;1;5;6;16;4;4;1,125187083
14724;2;1;3; ;1;1;1;1;1;2;1;9;6; ;1;1;1,125187083
14735;2;1;1; ;1;1;1;1;2;1;1;3;4;11;5;1;1,125187083
14749;2; ;1; ;1;1;1;1;2;1;1;5;5;15;3;3;1,125187083
14752;2; ;1; ;1;2;2;1; ;1;1;2;4;15;5;5;1,125187083
14754;2;1;1; ;2;1;1;1;2;1;1; ;6;17;5;2;1,125187083
24015;2;1;1; ;1;3;3;1;2;1;1;2;3;15;1;3;1,125187083
24021;2; ;1; ;2;1;1;1;4;7;1;9;6; ; ;2;1,125187083
24026;2;1;1; ;1;1;1;1;1;1;1;4;4;15;4;4;1,125187083
16677;2;1;1; ;1;1;1;1;1;1;1;2;6;14;4;5;1,12539584
11436;2; ;1; ;2;1;1;1;1;1;1;3;3;16;4;3;1,1272365
11454;2;1;1; ;1;1;1;1;1;1;1;6;6; ;3;3;1,1272365
11472;2;1;1; ;2;1;1;1;2;2;1;6;7;16;5;3;1,1272365
14108;2;1;1; ;1;1;1;1;1;1;1;6;6;16;3;2;1,1272365
14113;2;1;1; ;1;1;1;1;2;1;4;4;6;16;1;1;1,1272365
14123;2;1;1; ;2;1;1;1;2;1;1; ; ;15; ; ;1,1272365
14127;2;1;1; ;2;1;1;1;2;1;1;7;6;16;2;2;1,1272365
14133;2;1;1; ;1;1;2;1;1;1;1;6;2;14;4;4;1,1272365
14138;2;1;1; ;1;2;3;1;4; ;3; ;8; ;1;1;1,1272365
14142;2;1;1; ;1;1;1;1;1;1;3;6;8;16;4;4;1,1272365
14146;2;1;1; ;1;1;2;1;2;1;1;5;6;15;1;3;1,1272365
14536;2;1;1; ;1;1;1;1;1;1;1;7;7;12;3;3;1,1272365
14542;2;1;1; ;2;1;1;1;1;1;1;2;2;16;3;2;1,1272365
14547;2;1;1; ;2;1;1; ;4;1;7;7;9;16;4; ;1,1272365
14563;2; ;1; ;1;1; ;1;2;1;1;2;4;14;5;3;1,1272365
14573;2;1;1; ;1;1;1;1;1;1;1;7;6;14; ; ;1,1272365
14975;2;1;1; ;1;1;1;1;1;5;1;3;6;16;3;3;1,1272365
14982;2;1;2; ;1;1;1;1;1;1;1;6;6;14;3;3;1,1272365
14990;2;1;1; ;2;1;3;1;1;1;1;3;1;15;3;3;1,1272365
14995;2;1;1; ;1;1;1;1;3; ;1; ;5; ; ;5;1,1272365
14997;2;1;1; ;1;1;1;2;1;1;1;2;2;15;3;3;1,1272365
15003;2;1;1; ;1;1;2;1;1;1;1;2;7;15;5;5;1,1272365
18287;2;1;2; ;2;1;1;1;4;2;7;8;9;16;5;1;1,1272365
18290;2;1;1; ;1;1;1;1;1;1;1;7;6;16;3;1;1,1272365
25138;2;1;1; ;1;1;1;1;1;1;1;4;5; ;4;4;1,1272365
25148;2;1;1; ;2;2;2;1;1;1; ; ;7; ;3;1;1,1272365
25161;2;1;1; ;1;1;1;1;1;1;1;2;6;16;4;4;1,1272365
35811;2;2; ; ;2;1;2;1;2;1;3;6;8;16;5;1;1,1272365
35823;2;1;1; ;2;2;2;1;1;2;2;9;9;17;1;1;1,1272365
35832;2;1;2; ;2;1;1;1;1;1;1;2;7;14;1;2;1,1272365
35835;2;1;1; ;1;1;2;1;1;1;1;2; ;15;4;4;1,1272365
35838;2;1;1; ;1;1;1;1;4;1;7;6;9;13;4; ;1,1272365
35847;2;1;1; ;1;1;1;1;1;1;1;7;5;16;5;2;1,1272365
40680;2;1;1; ;2;1;2;2;1;1;1;7;7;16;1;1;1,1272365
40686;2;1;1; ;1;1;1;1;1;1;1;7;1;14;5;5;1,1272365
40703;2;1;1; ;1;2;2;1;1;1;1;5;5;17;1;1;1,1272365
40714;2;1;1; ;1;1;1;1;1;1;3; ;8;15;5;4;1,1272365
4269;1;1;2; ;1;1;2;4;1;1;1;7;4;13;4;4;1,128083339
27828;2;2; ; ;2;1;1;1;1;1;4;7;6; ; ; ;1,128244153
3050;1;1;1; ;2;1;1;1;1;1;1;2;2;16;2;1;1,129366482
7134;1;1;1; ;1;1;1;1;2;7;4;9;5;13;1;1;1,129366482
17224;1;1;1; ;1;1;1;1;1;3;3;8;8;14; ; ;1,129366482
21693;1;1;1; ;1;1;1;1;1;1;1;9;9; ;1;1;1,129366482
26711;1;1;1;1;1;1; ; ; ;1;1; ;6;19;1; ;1,129366482
36317;1;1;1; ;1;1;1;1;1;1;1;7;4;10;4;4;1,129366482
2683;2;1;1; ;1;1;1;1;1;1;3;6;8;15;5;4;1,129371618
2695;2;1;1; ;1;2;2;1;2;1;1;6;6;14;3;1;1,129371618
2704;2;1;1; ;1;1;1;1;2;1;1;4;4;13;2;3;1,129371618
2707;2;1;1; ;1;1;1;1;1;1;1;7;5;13;3;3;1,129371618
4258;2;1;1; ;1;3;3;1;1;1;1;3;5;17;3;3;1,129371618
4263;2; ;1; ;1;1;1;1;1;1;1;6;5;14;3;3;1,129371618
4275;2;1;1; ;2;1;1;1;1;1;1;1;6;13;4;4;1,129371618
4277;2;1;1; ;2;1;1;1; ; ;1; ; ;15;1;1;1,129371618
4281;2;1;1; ;1;1;1;1;2;1;1;6;6;15;5;2;1,129371618
27737;2;1;1; ;1;1;1;1;1;1;1;2;2; ;1;1;1,129371618
27742;2;1;1; ;1;1;1;1;1;3;2;8;7;15;2;2;1,129371618
27759;2;1;1; ;1;1;2;1;1;1;1;4;6;3;5;5;1,129371618
27760;2;1;1; ;1;1;1;1;1;1;1;1;6;14;1;1;1,129371618
27766;2;2; ;1;2;1;1;1;1;1;1;2;6;15;5;5;1,129371618
27771;2;1;1; ;1;1;2; ;2;6;4; ; ; ;4;1;1,129371618
27777;2;1;1; ;1;1;1;2;1;1;3;3;8;13;5;5;1,129371618
30397;2;1;1; ;1;1;1;1;1;1;1;4;4;14;2;2;1,129371618
30403;2; ;1; ;1;1;2;1;2;6;3;9;7;16;1;1;1,129371618
30410;2;1;1; ;1;1;1;1;1;5;1;9;6; ;1;1;1,129371618
30414;2;2; ;1;1;2;1;1;2;1;1;7;6;15;2;1;1,129371618
9864;1;1;3; ;1;1;1;4;2;1;1;4;4; ;2;2;1,129994096
11588;1;1;1; ;1;1;1;1;2;1;1;4;4;15;4;4;1,129994096
12200;1;1;1; ;2;1;2;1;1;1;1;6;2; ;4;3;1,129994096
9840;2;1;1; ;1;1;1;1;1;1;1;5;6;15;1;1;1,130074526
11562;2;1;1; ;2;1;1;1;1;1;1;7;6; ;1;1;1,130074526
12201;2;1;2; ;1;1;2;1;4;7;1;9;2;13; ; ;1,130074526
12205;2;2; ;4;2;1;1;1;4;7;1;9;6;16; ;3;1,130074526
12221;2;1;1; ;2;1;1;1;2;1;1;2;6;16; ; ;1,130074526
13850;2;1;1; ;1;2;2;1;1;1;1;2;6; ;4;4;1,130074526
24012;2;2; ;1;1;1;1;4;2;2;1;8;6;13;3;2;1,130074526
37492;2;1;1; ;1;1;1;1;1;1;2;6;8;14;1;1;1,130074526
16702;2; ;1; ;2;1;1;1;2;1;1;2;6;13;2;4;1,130284189
16971;2;1;1; ;1;1;1;1;2;1;1;4;5;15;4;3;1,130284189
22669;2;1;2; ;1;1;1;4;2;1;4;6;6;13;5; ;1,130284189
11456;2;1;1; ;1;1;1;1;1;1;1;2;6;15;2;1;1,132132844
14135;2;1;1; ;2;1;2;1;1;1;1;6;6;16;2;2;1,132132844
14565;2;1;1; ;2;1;2;1;1;1;1;7;7; ;4;4;1,132132844
15007;2;1;1; ;1;1;1;1;4;7;1;9;6;15; ;1;1,132132844
18309;2; ;1; ;1;1;1;1;1;1;1;4;6;15;5;5;1,132132844
18312;2;1;1; ;1;1;2;1;2;1;1;3;6;14;1;1;1,132132844
25141;2;1;1; ;1;1;1;1;1;1;3;5;8;15;2;2;1,132132844
35808;2;1;1; ;2;1;1;2;2;1;4;6; ;16;2;4;1,132132844
40702;2;1;1; ;1;1;1;1;1;1;1;4;5;16;3;3;1,132132844
22301;1;1;1; ;1;2;2;1;1;1;4;6;8;14;4;2;1,132914877
22620;1;1;2; ;2;1;1;3;4;7;7;9;9;14; ; ;1,132914877
22623;1; ;1; ;1;1;1;1;1;2;1;4;4;12;5;5;1,132914877
657;2;1;1; ;1;1;1;1;1;1;1;6;7;15;2;2;1,133166071
666;2;1;1; ;1;1;2;1;1;1;1;7;6;14;4;4;1,133166071
669;2;1;1; ;2;1;1;1;1;1;1;7;6;14;5;5;1,133166071
672;2;1;1; ;1;1;1;1;2;1;1;7;6; ;3;3;1,133166071
675;2;1;1; ;1;1;1;1;2;1;1;7;5;15;4;4;1,133166071
691;2;1;1; ;1;1;1;1;1;1;1;7;4;13;3;3;1,133166071
705;2; ;1; ;1;1;1;1;1;1;1;7;6;16;5;1;1,133166071
712;2; ;1; ;1;1;2;1;1;1;1;6;6;17;3;3;1,133166071
717;2;1;1; ;1;1;1;1;2;1;1;6;6;13;5;3;1,133166071
732;2; ;1; ;1;2;1;2;1;1;1;7;6;16;2;2;1,133166071
4388;2;1;1; ;1;1;2;1;2;1;1;2;6;14;4;5;1,133166071
4397;2;1;1; ;1;2;2;1;2;2;1; ; ;15;5;2;1,133166071
4399;2;1;1; ;2;1;1;1;2;1;1; ;5;14;5;1;1,133166071
4408;2;1;1; ;1;1;1;2;1;4;1;8;2;15;3;3;1,133166071
4713;2; ;1; ;1;1;1;1;1;1;1;4;4;16;4;4;1,133166071
4718;2; ;1; ;2;1;1;1;1;1;1;6;6;17;2;1;1,133166071
4735;2;1;1; ;1;1;1;1;1;1;1;5;5;16;4;3;1,133166071
4737;2;1;1; ;1;1;1;1;1;1;1; ;4;14;3;3;1,133166071
4839;2;1;1; ;1;1;1;1;2;1;2;6;8;13;4;1;1,133166071
4864;2;1;1; ;1;1;1;1;1;1;1;5;5;14;4;4;1,133166071
4868;2;1;1; ;1;1;1;1;1;1;1;6;6;16;2;2;1,133166071
6217;2;1;1; ;1;1;1;1;1;1;1;4;6;16;4;3;1,133166071
6221;2; ;2; ;2;1;1;1;1;1;1;7;2;14;4; ;1,133166071
6222;2;1;2; ;2;2;3;1;2;6;1; ;6; ; ;3;1,133166071
6226;2;1;1; ;1;1;1;1;1;1;1;6;9;15;3;3;1,133166071
6231;2; ;1; ;1;1;1;1;2;1;2;7;6;15;3;3;1,133166071
6232;2;1;1; ;1;1;2;1;1;1;1;3;3;16;3;3;1,133166071
6235;2;1;1; ;1;1;1;1;2;1;1;7;5;16; ;1;1,133166071
6239;2;2; ;2;2;1;1;1;1;2;1; ; ;16;5;5;1,133166071
11049;2;1;1; ;2;1;1;1;1;1;1;7;7;14;3;1;1,133166071
11081;2;1;1; ;1;1;1;2;2;1;1;4;4;15;3;3;1,133166071
11083;2;1;1; ;1;1;1;1;1;1;1;1;1; ;2;2;1,133166071
14165;2;1;1; ;2;1;1;1;1;1;1;7;6;15;2;2;1,133166071
14168;2; ;1; ;2;1;1;1;1;1;1;7;6;16;2;1;1,133166071
14171;2;1;1; ;1;1;1;2;1;1;1;7;6;15;3;3;1,133166071
14177;2;1;1; ;1;1;2;1;1;1;1;7;4;15;2;1;1,133166071
14186;2;1;1; ;1;1;2;1;2;1;7;7;9; ;5; ;1,133166071
14190;2; ;1; ;1;1;1;2;1;1;1;2;4;15;2;2;1,133166071
15439;2;1;1; ;2;1;1;2;1;1;1;7;6;12; ; ;1,133166071
15450;2;1;1; ;1;1;1;1;2;1;1;2;2;13;1;2;1,133166071
15461;2;1;1; ;2;1;1;1;2;7;1;9; ;15;1;1;1,133166071
15464;2;1;1; ;2;2;2;1;1;2;2; ; ;17;1;2;1,133166071
15467;2;1;1; ;1;1;1;1;1;4;1;8;6;8;1;2;1,133166071
15481;2;1;1; ;1;1;2;1;1;3;1;2;5;15;1;1;1,133166071
24277;2; ;1; ;1;1;1;1;1;1;1;7;6;16;4;4;1,133166071
24281;2;1;1; ;1;1;1;1;1;5;1;7;7;12;4;4;1,133166071
24289;2;1;1; ;1;3;3;1;1;1;1; ; ;16;4;3;1,133166071
370;1;1;1; ;1;1;1;1;2;1;1;4;4;13;4;4;1,133231143
381;1;1;1; ;1;1;1;1;1;1;1;4;4;14;2;5;1,133231143
402;1;1;1; ;1;2;1;1;1;5;3;8;8; ;1;1;1,133231143
3120;1;1;1; ;1;1;1;1;2;1;1;2; ;16;1;1;1,133231143
3122;1;1;1; ;1;2;2;1;1;5;1;7;6; ;1;1;1,133231143
3131;1;1;1; ;2;1;2;1;1;1;1;4;4;17;4;4;1,133231143
3136;1;1;1; ;1;1;1;1;1;1;1;7;6; ;1;1;1,133231143
3139;1;1;1; ;2;1;2;1;1;1;1;4;4;15;3;3;1,133231143
3143;1;1;1; ;1;1;1;1;1;3;1;8;4;15;4;4;1,133231143
3165;1;1;1; ;2;1;2;1;2;1;1;6;6;10;2;3;1,133231143
3189;1;1;1; ;1;1;2;1;1;1;1;6;6;11;4;3;1,133231143
3213;1;1;1; ;1;1;1;1;1;1;1; ; ;10;4;4;1,133231143
3229;1;1;1; ;2;1;2;1;1;3;1;8;6; ;5;4;1,133231143
3240;1;1;1; ;1;1;1;1;1;1;1;4;4;12;2;2;1,133231143
3242;1;1;1; ;2;1;1;1;1;2;1;8;6; ;1;1;1,133231143
3251;1;1;1; ;2;1;1;1;1;2;1;6;6;8;4;4;1,133231143
3260;1;1;1; ;1;2;2;1;1;1;3;4;4; ;1;1;1,133231143
3262;1;1;1; ;1;2;2;1;1;1;1; ; ;17;1;1;1,133231143
3264;1; ;1; ;1;1;1;1;1;1;1;5;5; ;1;2;1,133231143
3270;1;1;1; ;1;1;1;1;2;1;1;4;4;12;1;2;1,133231143
3275; ;1;1; ;2;1;2;1;1;1;1;5;4;15;3;3;1,133231143
3277;1;1;1; ;1;1;1;1;2;1;2;2;8;16;1;4;1,133231143
3287;1; ;1; ;2;1;1;1;1;1;1;4;5;14;1;1;1,133231143
3337;1;1;1; ;2;1;1;1;2;1;1;2;4;13;1;3;1,133231143
3570;1;1;1; ;1;1;1;1;1;1;1;4;5;15;3;3;1,133231143
3580;1;1;1; ;1;1;1;1;2;7;1;9;4;14; ;1;1,133231143
4170;1;1;1; ;1;1;1;1;1;1;1;4;4;14;5;5;1,133231143
4174;1;1;1; ;1;2;1;1;1;1;1;7;7; ;2;2;1,133231143
4179;1;1;1; ;1;1;1;1;1;1;4;7;8; ;1;1;1,133231143
4182;1;1;1; ;1;1;1;1;1;1;1;4;4;10;4;2;1,133231143
4197;1;1;1; ;1;1;2;1;2;1;1;6;6;15;5;1;1,133231143
9648;1;1;1; ;1;1;1; ;4;1; ;6;9;12;3; ;1,133231143
25479;1;1;1; ;1;1;2;1;1;1;1;4;4;15;3;1;1,133231143
25484;1;1;1; ;1;1;1;1;2;5;1;7;6; ;5;5;1,133231143
25505;1;1;1; ;2;1;1;1;2;1;1;2;4;12;5;2;1,133231143
25508; ;1;1; ;1;1;1;1;1;1;1;7;6; ;1;1;1,133231143
25530;1;1;1; ;1;1;1;1;1;1;1;7;5; ;1;1;1,133231143
25545;1;1;1; ;2;1;1;1;1;5;3;7;8; ;1;1;1,133231143
25546;1;1;1; ;1;1;1;1;1;1;1; ; ; ;1;3;1,133231143
25831;1;1;1; ;1;1;1;1;2;1;1;4;4;16;2;1;1,133231143
25885;1;1;1; ;1;1;1;1;1;1;1;4;6; ;4;4;1,133231143
25893;1;1;1; ;1;1;1;2;1;1;1;4;4;14;2;2;1,133231143
25933;1;1;1; ;1;1;1;1;1;1;1;3;3; ;3;3;1,133231143
25954;1;2; ;2;1;1;1;1;1;1;1;6;6; ;2;2;1,133231143
26536;1;1;1; ;1;1;2;1;1;1;1;4;4;16; ; ;1,133231143
26547;1;1;1; ;1;1;1;1;2;1;1;2;7; ;1;1;1,133231143
26551;1;1;2; ;2;1;2;1;1;1;1;2;6;10;5;4;1,133231143
26925;1;1;1; ;1;2;1;1;1;1;1;4;4;15;3;3;1,133231143
26927;1;1;1; ;1;1;1;1;1;1;1;6;6;12;4;3;1,133231143
26942;1;1;1; ;1;1;1;1;1;1;1;2; ;15;5;2;1,133231143
28693;1; ;1; ;1;1;1;1;1;1;1;6;6; ;1;1;1,133231143
28713;1;1;1; ;1;1;2;1;2;1;1;6;6; ;1;3;1,133231143
28728;1;1;1; ;1;1;1;1;2;1;3;6;8;10;5;1;1,133231143
28730;1;1;1; ;1;1;1;1;2;1;1;4;4;14;2;2;1,133231143
28750;1;1;1; ;2;1;2;1;1;1;1; ; ; ;1;2;1,133231143
28752;1;1;1; ;1;1;1;1;1;5;2;6;6; ;4;4;1,133231143
28766;1;1;1; ;1;1;1;1;2;1;1;4; ;13;1;1;1,133231143
28767;1;1;1; ;1;1;1;1;1;1;1;6;6;15; ; ;1,133231143
28814;1;1;1; ;1;1;1;1;2;1;1;2;5;16;2;2;1,133231143
28819;1;1;1; ;2;1;1;1;1;5;1;8;6;16;1;1;1,133231143
31913;1;1;3; ;1;1;1;4;1;1;1;4;4;13;5;5;1,133231143
32496;1;1;1; ;1;1;1;1;1; ; ; ; ; ;5;5;1,133231143
32508;1;1;1; ;1;1;1;1;2;1;1;4;5;16;3;3;1,133231143
32513;1;1;1; ;1;1;1;1;1;1;3;7;8; ;1;1;1,133231143
32533;1;1;1; ;1;1;1;1;1;1;3;4;8;15;2;2;1,133231143
33976;1;1;1; ;1;1;1;1;1;1;1;2;6;15;5; ;1,133231143
33978;1;1;1; ;1;1;1;1;1;1;1;4;4;14;2;1;1,133231143
34098;1;1;1; ;1;1;1;1;1;1;1;6;6; ;2;2;1,133231143
34102;1;1;1; ;1;1;1;1;1;1;1;6;6; ;2;2;1,133231143
34113;1;1;1; ;1;1;1;1;2;1;1;4;4;12;4;4;1,133231143
34119;1;1;1; ;1;1;1;1;2;1;1;4;4;8;5;3;1,133231143
34123;1;1;1; ;1;1;1;1;4;7;3;6;8;16;1;1;1,133231143
34163;1;2; ;2;2;1;2;1;2;1;1;7;6;16;3;1;1,133231143
34169;1;1;1; ;1;1;1;1;1;1;1;4;4;10;5;1;1,133231143
34184;1;1;1; ;1;1;1;1;1;1;1;3;4;10;1;3;1,133231143
34186;1;1;1; ;1;1;1;1;1;1;1;5;4;16;4;1;1,133231143
34187;1;1;1; ;1;1;1;1;1;4;1;8;6; ;1;1;1,133231143
34197;1;1;1; ;1;1;1;1;2;1;1;5;6;15;1;1;1,133231143
34201;1;1;1; ;1;1;1;1;2;1;4;4; ;14;4;4;1,133231143
34202;1;1;1; ;1;1;1;1;1;5;1;7;6; ;1;1;1,133231143
34204;1;1;1; ;1;1;1;1;2;1;1;7; ; ;5;2;1,133231143
34226;1;1;2; ;2;2;2;1;2;1;1;2;7; ;1;4;1,133231143
34249;1;1;1; ;1;1;1;1;4;7;1;9;5; ; ;5;1,133231143
34260;1;1;1; ;1;1;1;1;2;1;1;4;4;8;2;2;1,133231143
34266;1;1;1; ;1;1;1;1;1;1;3;6;8; ;1;1;1,133231143
34472;1;1;1; ;1;1;2;1;2;6;1; ; ;16;1;1;1,133231143
34520;1;1;3; ;1;1;1;2;1;1;1;4;5;14;3;3;1,133231143
34785;1;1;1; ;1;1;1;1;1;1;1;4; ; ;1;1;1,133231143
34789; ;2; ;1;1;1;1;1;1;1;1;6;4; ;1;1;1,133231143
34810;1;1;1; ;2;2;2;1;1;1;1;6;6; ;1;1;1,133231143
34820;1;1;1; ;1;1;1;1;2; ;1; ;6; ; ;1;1,133231143
34837;1;1;1; ;1;1;1;1;4;1;7;4;9;14;1; ;1,133231143
34838;1;1;3; ;1;1;1;1;2;1;1;4;6;12;1;1;1,133231143
34854;1;1;3; ;1;1;1;4;1;1;1;4;5;14;5;5;1,133231143
34870;1;1;1; ;2;2;1;1;1;1;1;7;7;15;1;1;1,133231143
34876;1;1;1; ;1;1;2;1;2; ;1;3;4;13;1;1;1,133231143
34882;1;1;2; ;2;1;1;1;1;1;1;7; ;16;2;2;1,133231143
34904;1;1;1; ;1;1;1;1;1;1;1;4;5;16;3;3;1,133231143
34916;1;1;1; ;1;1;1;1;2;1;1;6;6;10;1;1;1,133231143
34917;1;1;3; ;1;1;1;1;1;1;1;2;6; ;1;1;1,133231143
34962;1;1;1; ;1;1;1;1;1;1;1;3;5;13;4;3;1,133231143
36946;1;1;1; ;1;1;1;1;1;6;6;4;4;16;1;1;1,133231143
36960;1;1;1; ;1;1;1;1;1;1;6;4;4;16;4;1;1,133231143
38663;1;1;1; ;1;1;1;1;1;1;1;4;4; ;5;4;1,133231143
38667;1;1;1; ;1;1;1;1;1;1;1;6;6; ;1;1;1,133231143
38694;1;1;1; ;1;1;1;1;1;1;3;4;9;16;2;2;1,133231143
38699;1;1;1; ;1;1;1;1;1;1;1;4;4;14;2;2;1,133231143
38708;1;1;1; ;1;1;1;1;1;1;1;3;3;14;4;4;1,133231143
38733;1;1;1; ;1;2;1;1;1;2;2;8;8; ;1;1;1,133231143
45371;1;1;1; ;2;1;1;2;2; ;3;8;8; ;1;1;1,133231143
45407;1;1;1; ;1;1;1;1;2;1;1;4;4;13;3;2;1,133231143
45425;1;1;1; ;2;1;2;1;1;1;1;4;6;17;2;2;1,133231143
45434;1;1;1; ;2;1;2;1;2;5;1; ;6;17;4;4;1,133231143
45441;1;1;1; ;1;1;1;1;1;1;3;4;8;12;4;4;1,133231143
45443;1; ;1; ;2;1;2;1;2; ;1; ;5;17; ;1;1,133231143
18166;2; ;1; ;2;1;1;1;5;7;1;9;2;15; ;4;1,133352946
32963;2; ;1; ;2;1;1;1;2;1;1;5;3;16;1;1;1,133807329
32978;2;2; ;2;1;3;2;1;1; ; ; ; ; ; ; ;1,133807329
7562;1;1;1; ;2;1;1;1;2;1;1;7;6;17;1;1;1,13381751
30210;1;1;1; ;1;1;1;1;2;1;4; ; ;15;1; ;1,13381751
34576;1;2; ;2;1;2;1;1;2; ;2; ; ;17;1;1;1,13381751
39007;1;1;1; ;1;1;1;1;1;1;1;6;6;16; ; ;1,13381751
39008;1; ;1; ;1;1;1;1;1;1;1;5;5;16;2;2;1,13381751
13471;2;1;1; ;1;1;1;1;1;1;1;7;6;15;2;2;1,134155116
15757;1;2; ;2;1;1;2;3;1;2;1;6; ;15; ; ;1,134272078
4249;2;1;1; ;1;1;2;1;1;1;1; ; ;15;4;1;1,134277237
27732;2;1;1; ;2;1;1;1;4;7;1;9;6;13; ;4;1,134277237
27772;2; ;2; ;2;1;2;4;2;1;6;9;9;16;1; ;1,134277237
27780;2;1;1; ;1;1;1;1;1;1;1;7;6;15;4;1;1,134277237
1400;1;1;1; ;1;1;1;1;1;1;1; ; ; ;1;1;1,134283124
1419;1;1;1; ;1;1;1;1;1;1;2;6;8;14;4;3;1,134283124
5313;1;1;1; ;1;1;1;1;1;1;1;2;4;15;4;4;1,134283124
5319;1;1;1; ;1;1;1;1;1;1;1;6;6;10;4;4;1,134283124
5324;1;1;1; ;2;1;1;1;2;2;1;8;4;14;2;5;1,134283124
5343;1;1;1; ;1;1;1;1;1;1;1;6;5; ;1;1;1,134283124
5351;1;1;1; ;2;3;3;1;2;1;1;6;4;15;4;3;1,134283124
8770;1;1;1; ;1;1;1;1;1;1;1;5;5; ;2;1;1,134283124
8777;1;1;1; ;1;1;1;1;2;1;1;5;5;12;3;3;1,134283124
8804;1;1;1; ;1;1;1;1;1;1;1;4;4;10;2;2;1,134283124
9091;1;1;1; ;2;2;2;1;2;1;3;7;8; ;1;1;1,134283124
9136;1;1;1; ;1;1;1;2;2;1;1;4;6;12;4;4;1,134283124
9791;1;1;1; ;1;1;1;1;1;1;1; ;4; ;1;1;1,134283124
9794;1;1;1; ;1;1;2;1;1;1;1;8;4; ;4;4;1,134283124
9802;1;1;1; ;1;1;1;1;2;1;1; ;6;14;5;4;1,134283124
9821;1;1;1; ;1;1;1;1;2;1;1;4;5;12;5;2;1,134283124
9826;1; ;1; ;1;1;1;1;2;1;1;5;4;15;4;4;1,134283124
12286;1;1;1; ;1;1;1;1;1;2;1;8;6;16;3;2;1,134283124
12293;1;1;1; ;2;1;1;1;1;1;1;4;4;12;4;4;1,134283124
12308;1;1;1; ;1;1;1;1;1;1;1;4;6;15;4;4;1,134283124
12312;1;1;2; ;1;2;2;1;1;4;1;2;6;15;5;4;1,134283124
12315;1;1;1; ;1;1;1;1;1;1;1;7;6;15;4;4;1,134283124
13046;1;1;2; ;2;2;3;4;2;1;1;2;6; ; ; ;1,134283124
13060;1;1;1; ;1;2;2;1;1;1;4;6;2;16;3;3;1,134283124
14640;1; ;1; ;2;1;2;1;1;1;1;3;6;15;5;4;1,134283124
14641;1;1;1; ;1;1;1;1;1;5;1;2;3;12;4;4;1,134283124
14649;1; ;1; ;1;1;1;1;1;1;3;6;9; ;1;1;1,134283124
14660;1;1;1; ;1;1;2;1;1;1;1;3;3;11;2;2;1,134283124
15121;1;1;1; ;1;1;1;1;1;1;1;4;5;15;4;3;1,134283124
15142;1;1;1; ;1;1;1;1;1;1;1;4;6;10;5;5;1,134283124
15144;1;1;1; ;2;2;2;1;1;5;1;4;7;15;5;5;1,134283124
15153;1;1;1; ;2;1;1;1;2;5;1;8;6;12;5;4;1,134283124
15159;1;1;1; ;1;1;1;1;1;1;1;5;5;10;4;4;1,134283124
15195;1;1;1; ;1;3;3;1;1;1;1;7;6;16;4;3;1,134283124
15210;1;1;1; ;1;1;1;1;1;1;1;6;4;17;3;3;1,134283124
15223;1;1;1; ;1;1;1;1;1;1;1;4;4;15;3;2;1,134283124
15354;1;1;3; ;1;1;1;4;1;1;1;4;6;17;3;3;1,134283124
15364;1;1;1; ;1;1;1;1;2;1;1;5;4;12;3;1;1,134283124
15375;1;1;2; ;1;1;2;1;1;1;1; ; ;15;4;1;1,134283124
15379;1;1;1; ;1;1;1;1;1;1;2;2;8;9;5;5;1,134283124
15381;1;1;1; ;1;1;1;1;1;1;1;3;4;15;4;4;1,134283124
15387;1;1;1; ;1;1;1;1;1;1;1;4;4;14;4;4;1,134283124
16315;1;1;1; ;1;1;2;1; ;7;1;9;6;15; ;4;1,134283124
16323;1;1;1; ;1;1;1;1;2;1;1;6;6;14;4;3;1,134283124
16329;1;1;1; ;1;1;1;2;1;1;1;4;2;15;2;2;1,134283124
16443;1;1;1; ;1;1;1;1;4;7;1;9; ; ;1;1;1,134283124
16546;1;1;1; ;1;1;1;1;1;1;1;3;6;14;4;4;1,134283124
16571;1;1;1; ;1;1;1;4;2;1;1;1;5;16;1;1;1,134283124
16573;1;1;1; ;1;1;1;1;2;1;1;6;5;13;4;3;1,134283124
17968;1;1;1; ;1;1;1;1;2;1;2;6;8;15;2;2;1,134283124
17993;1; ;1; ;2;1;1;1;2;1;2;7;6;16;1;1;1,134283124
19594;1;1;1; ;1;1;1;1;1;1;1;4;4;15;3;2;1,134283124
19611;1;2; ; ;2;1;2;1;2;1;3;2;8; ;3;1;1,134283124
19614;1;1;1; ;1;2;1;1;1;1;1;4;4;14;5;5;1,134283124
19621;1;1;1; ;2;1;1;1;1;1;1;5;4;14;2;2;1,134283124
19631;1;1;2; ;1;2;2;1;1;1;1;7;6;14;1;1;1,134283124
19809;1;1;1; ;2;1;1;1;2;2;1;8;4;10;4;3;1,134283124
19820;1;1;1; ;1;2;2;1;1;1;1;7;6;14;4;4;1,134283124
19826;1; ;1; ;1;1;2;1;1;1;1;7;5;12;3;3;1,134283124
19937;1;1;2; ;1;1;1;1;2;1;1;6;6;16;5;3;1,134283124
19941;1;1;1; ;2;1;1;1;1;5;2;8;8; ;1;1;1,134283124
21388;1;1;1; ;2;1;1;1;1;1;1;4;6;14;3;1;1,134283124
21401;1;1;1; ;1;1;1;1;1;1;1;6;7;14;1;1;1,134283124
21402;1;1;1; ;1;2;1;2;1;1;1;2;6;15;3;2;1,134283124
21418;1;1;1; ;2;1;1;1;4;1;1;9;4;16; ;2;1,134283124
21425;1;1;1; ;1;1;1;1;1;1;1;7;6;13;3;3;1,134283124
24063;1;1;1; ;1;1;1;1;1;5;3; ; ; ;1;1;1,134283124
24068;1;1;1; ;1;1;1;1;1;1;1;5;4;14;2;2;1,134283124
24069;1;1;1; ;1;1;1;1;2;1;1;4;4;13;3;2;1,134283124
24070;1;1;1; ;1;1;1;1;1;1;1;3;5;16;4;3;1,134283124
27835;1;1;1; ;2;1;2;2;2;1;1;1;7;13;4;2;1,134283124
27862;1;1;3; ;1;1;1;2;1;1;3;4;8;12;5;4;1,134283124
27863;1;1;1; ;1;1;1;1;1;1;1;3;5;13;5;5;1,134283124
28322;1;1;1; ;1;1;1;1;2;1;1;6;6;10;5;3;1,134283124
30988;1;1;1; ;2;1;1;1;1;5;1; ;6; ;1;1;1,134283124
30996;1;1;1; ;1;1;1;1;1;1;1;2;6;14;3;2;1,134283124
31016;1;1;1; ;1;1;1;1;1;1;3;7;8; ;1;1;1,134283124
31019;1;1;1; ;1;1;1;1;1;1;1;7;4;16;3;1;1,134283124
31025;1;1;1; ;1;2;1;1;1;1;1;4;6;16;1;3;1,134283124
31031;1;1;1; ;2;2;2;1;1;1;1;3;6;12;4;4;1,134283124
33287;1;1;1; ;1;1;1;1;1;1;1;6;6; ;1;1;1,134283124
33297;1;1;1; ;2;2;2;1;1;1;1;3;8; ;1;1;1,134283124
37364;1;1;1; ;1;1;1;1;2;1;4;7; ; ;1;1;1,134283124
37372;1;1;1; ;1;1;2;1;1;1;1;7; ; ;1;1;1,134283124
37377;1; ;1; ;1;1;1;2;2;1;1;2;2;14;4;3;1,134283124
37379;1;1;1; ;1;1;1;1;1;1;1;4;4;15;2;2;1,134283124
37392;1;1;1; ;2;1;1;3;1;3;3;8;8; ;5;2;1,134283124
37447;1;1;1; ;1;1;1;1;1;1;1;4;6;15;4;4;1,134283124
37469;1;1;1; ;1;1;1;1;1;1;1;4;4;14;5;4;1,134283124
37474;1;1;1; ;1;1;1;1;1;1;1;2;4;8;3;3;1,134283124
37569;1;1;1; ;1;1;1;1;2;1;1;2;6;10;4;4;1,134283124
37575;1;1;1; ;2;3;2;1;2;1;1;6;6;14;1;1;1,134283124
39060;1;1;1; ;1;1;2;1;2;1;1;7;4;15;3;3;1,134283124
42956;1;1;1; ;2;1;2;1;1;1;1;7;6;17;5;5;1,134283124
42958;1;1;1; ;2;2;1;1;2;1;3; ;8; ;1;1;1,134283124
42960;1; ;2; ;2;1;2;1;2;2;1;8;2;14;3;3;1,134283124
42967;1;1;1; ;2;1;1;1;1;1;1;4;6; ;1;1;1,134283124
43041;1;1;1; ;2;1;2;1;2;1;1;5;5;16;4;1;1,134283124
43073;1;1;1; ;2;2;2;1;1;1;4;7;6; ;2;2;1,134283124
43089;1;1;1; ;1;1;1;1;1;1;1;3;3;16;4;2;1,134283124
43103;1;1;1; ;1;1;1;1;1;1;1;7;4;10;3;3;1,134283124
43108;1;1;1; ;2;1;1;1;2;5;2;2;7;6; ; ;1,134283124
43109;1;1;1; ;1;2;1;1;2;1;1;7;6;14;2;2;1,134283124
43145;1;1;1; ;1;1;1;1;4;7;1;9;4;10;1;1;1,134283124
44749;1; ;1; ;1;1;2;1;1;1;1;4;5;17;4;3;1,134283124
44776;1;1;1; ;1;1;1;1;2;1;1;4;4;14;4;4;1,134283124
44780;1;1;1; ;2;1;1;1;1;1;6; ; ; ;1;1;1,134283124
9839;1;1;1; ;2;1;1;1;2;1;1;2;6;14;3;3;1,134447598
24006;1;1;1; ;1;1;1;1;2;1;1;4;4;15;5;1;1,134447598
8774;1; ;2; ;2;1;1;1;1;1;1; ; ;14;4;4;1,134902419
9860;1;1;1; ;1;2;2;1;2;1;1;7;4; ; ; ;1,134902419
24029;1; ;2; ;2;2;2;1;2;1;1;6;6;15;2;2;1,134902419
32567;2;1;1; ;2;2;2; ;1;1;1; ; ;16;2;2;1,137751537
684;2;1;1; ;1;2;2;1;1;1;1;6;6;14;4;4;1,138088172
706;2;1;1; ;1;1;2;2;1;1;1;2;5;14;3;3;1,138088172
4705;2;1;1; ;2;2;1;1;2;1;3;1;8;10;4; ;1,138088172
4720;2;1;2; ;1;1;1;1;2;1;4;6;8; ;1;1;1,138088172
4722;2;1;1; ;1;1;1;2;1;1;1;7;7;14;1;3;1,138088172
11075;2;1;1; ;1;1;1;1;1;1;1;1;6;14;4;2;1,138088172
15449;2; ;1; ;2;1;1;1;2;1;1;2;6;14;3;2;1,138088172
15453;2; ;1; ;2;1;1;1;1;1;1;4;6;14;5;5;1,138088172
15474;2;1;1; ;2;2;2;1;2;1;1;7;7;16;4;4;1,138088172
3166;1;1;1; ;1;1;1;1;2;1;1;2;6;13;4;4;1,138153526
3167;1;1;1; ;1;1;1;1;2;1;1;2;4;15;4;4;1,138153526
3185;1;1;1; ;1;1;1;1;2;1;1;3;2;16;4;3;1,138153526
3369;1;1;1; ;2;1;1;1; ; ; ; ; ;15; ; ;1,138153526
25908;1;1;1; ;1;1;1;1;1;1;1;4;4;14;4;4;1,138153526
34223;1;1;1; ;2;1;1;1;1;1;1;6;4;13;2;1;1,138153526
34261;1;1;1; ;1;1;1;1;1;1;3;4;8;15;4;2;1,138153526
34710;1;1;1; ;1;1;1;1;2;1;1; ;6;13;2;4;1,138153526
34877;1;1;2; ;1;1;1;1;1;1;1;7;6;16;3;3;1,138153526
36938;1;2; ;3;2;1;1;1;1;1;1;2;6;16;2;2;1,138153526
22156;2;1;1; ;1;1;2;2;2; ;1;8;7;15;2;1;1,138275859
27117;2;1;1; ;2;1;1;1;2;1;1;4;4;15;4;4;1,138275859
12727;2;1;1; ;1;1;3;1;1;1;1;5;6;14;5;5;1,138625017
45529;2;1;1; ;1;1;1;1;4;7;1;9;4;14; ;4;1,138625017
1405;1;1;1; ;2;1;1;1;1;1;1;1;7;13;3;3;1,139210077
8781;1; ;1; ;2;1;1;1;1;1;3;5;8;8;1;1;1,139210077
8789;1;1;1; ;1;1;1;1;1;1;1;6;6;16;1;3;1,139210077
15184;1;1;1; ;1;1;1;1;2;7;1;9;6;15;1;2;1,139210077
15369;1;1;1; ; ;1;1;1;1;1;1;3; ;16;1;1;1,139210077
16322;1;1;1; ;1;1;1;1;2;1;1;6;6;12;1;1;1,139210077
16558;1;1;1; ;1;1;1;1;2;1;1;4;5;15;1;1;1,139210077
17964;1;1;1; ;2;1;1;1;2;1;1; ; ; ;1;1;1,139210077
19617;1;1;1; ;1;1;1;1;1;5;1;2;4;16;3;3;1,139210077
19960;1; ;1; ;1;1;2;1;2;1;1;7;5;13;5;1;1,139210077
21392;1;1;2; ;2;2;2;1;2;1;1; ;2;18;1;1;1,139210077
21405;1;1;1; ;1;1;1;1;2;1;1;2;5;13;4;5;1,139210077
28316;1;1;1; ;1;1;1;1;1;1;1;4;5;14;3;3;1,139210077
31003;1; ;1; ;2;1;2;1;1;1;1;7;6;16;3;2;1,139210077
31008;1;1;2; ;1;2;2;1;1;1;1;6;6;15;4;1;1,139210077
33274;1;1;1; ;1;1;1;1;1;1;1;6;6;15;3;3;1,139210077
33283;1;1;1; ;2;1;1;1;1;1;1;4;4;14;4;4;1,139210077
33286;1;1;1; ;1;1;1;1;1;1;1;3;5;15;4;4;1,139210077
37547;1;1;2; ;1;2;2;1;2;1;1;7;6;14;4;4;1,139210077
37568;1; ;1; ;2;1;1;1;1;1;2;7;8; ;1;1;1,139210077
43135;1;1;1; ;1;1;2;1;2;1;1;7;6;10;4;3;1,139210077
43153;1;1;1; ;2;1;2;1;1;1;1;7; ;17;1;1;1,139210077
44781;1;1;1; ;2;2;1;1;1;1;1;6;4;16;2;2;1,139210077
27129;1;1;1; ;1;1;1;1;1;1;1;4;4;10;5;5;1,139662522
34748;2;1;1; ;2;1;1;1;1;1;1;3;6;12;4;4;1,142693556
7436;1; ; ;4;2;1;1;1;2;1;1;2;6;17;5;1;1,144926723
2685;1;1;1; ;1;1;1;1;1;1;3;2; ;15;2;2;1,144995934
2692;1;1;1; ;1;1;1;1;1;1;1;7;6; ;1;1;1,144995934
2699;1; ;1; ;1;1;1;1;2;1;1;4;4;15;5;5;1,144995934
4283;1;1;1; ;2;2;1;2;1;1;1;7;7; ;1;1;1,144995934
27730;1; ;1; ;2;2;1;1;1;1;2;7;8; ;5;4;1,144995934
27734;1; ;1; ;1;1;1;1;2;1;1;2;5;13;4;4;1,144995934
27744;1;1;1; ;1;1;1;1;1;1;3;3;8;14;1;1;1,144995934
27774;1;1;2; ;2;2;2;1;1;1;1;7;6;17;2;2;1,144995934
30412; ;1;1; ;2;1;2;1;2; ;2;8;8;16; ;1;1,144995934
25228;1;1;1; ;1;1;1;1;4;7;3;9;8;16; ;2;1,145385745
1783;1;1;1; ;1;1;1;1;1;1;1;4;4;15;2;2;1,14551144
35887;1;1;1; ;1;1;1;1;1;1;5; ; ;10;1;1;1,14551144
39550;1;1;1; ;1;1;1;1;2;1;1;7;5;15;2;5;1,14551144
44277;1;1;1; ;1;1;1;1;2;1;1;5;5;10; ; ;1,14551144
44301;1;1;1; ;1;1;2;1;2;1;1;5;6;14;4;4;1,14551144
44858;1;1;1; ;2;1;1;2;1;1;1;7;6;13;5;5;1,14551144
30014;2;1;1; ;1;1;1;1; ;7;3;9;8;13; ;4;1,146820196
28386;1;1;1; ;2;2;2;1;4; ;1; ;4;13; ; ;1,148514144
37304;1;1;1; ;1;1;1;1;1;1;1; ; ;15;3;1;1,148514144
148;1;1;1; ;2;1;1;2;1;1;1;6;5;16;2;2;1,149899908
4820;1; ; ;1;2;1;1;4; ; ; ; ; ;15; ; ;1,149899908
14040;1;1;1; ;2;2;1;1;1;1;1;7;5;15;5;5;1,149899908
22310;1;1;1; ;1;1;1;2;1;1;1;6;6;15;4;4;1,149899908
22768;1;1;1; ;2;1;1;1;4;7;2;9;8;10;5;2;1,149899908
25227;1;2; ;1;1;1;1;1;1;1;1;4;4;10;2;2;1,149899908
25234;1;1;1; ;1;1;1;1;2;1;1;9;4;13;5;4;1,149899908
43754;1;2; ;4;2;2;2;1;1;1;2;7; ;16;1;1;1,149899908
2680;1;1;1; ;1;1;1;1;2;1;1;2;5;14;2; ;1,14996942
2701;1;2; ;4;2;1;1;1;2;1;1;7;7;16;1;1;1,14996942
4247;1;1;1; ;2;1;1;1;4;7;1;9;7;13; ; ;1,14996942
4248;1;1;1; ;1;1;1;1;1;1;3;7; ;16;1;1;1,14996942
27748;1;1;1; ;1;1;1;2;2;1;1;4;6;11;4;4;1,14996942
27765;1;1;1; ;1;1;1; ;2;1;1;4;4;10; ; ;1,14996942
30413;1;1;1; ;2;1;1;1;2;1;1;2;5;15;1;1;1,14996942
1750;1;1;2; ;1;1;1;1;1;1;1;1;1;7;5;5;1,150487165
2849;1;1;1; ;2;1;1;1;1;1;1;2;2;15;4;4;1,150487165
9588;1;1;2; ;1;1;1;1;1;1;2;6; ;11; ; ;1,150487165
37141;1;1;1; ;1;1;1;1;1;1;2;2;8;13;3;3;1,150487165
18142;1;1;1; ;1;1;1;1;1;1;1;5;6;14;2;2;1,152207667
27104;1;1;1; ;2;1;1;1;1;1;1;3;6; ;5;5;1,152207667
32977;1;1;1; ;1;1;1;2;1;1;1;7;7;14;1;1;1,152207667
28395;1;1;1; ;2;1;1;1;2;1;1;1;4;14;1;4;1,153502912
28405;1;1;1; ;2;1;1;1;2;1;1;6;6;14;3;3;1,153502912
29068;1;1;1; ;2;1;1;1;2;1;1;9;5;5;1;1;1,153502912
29891;1;1;1; ;1;1;1;1;2;1;1;4;6;14;1;1;1,153502912
29984;1;1;1; ;1;1;1;1;2;1;1;3;6;14;2;1;1,153502912
30006;1;1;1; ;1;1;1;1;4;1;7;2;9;16;1;1;1,153502912
21113;1;1;1; ;1;1;1;2;1;1;1; ; ; ;5;5;1,154850841
27323;1; ;1; ;1;1;1;1;2;1;1;6;6;16;5;4;1,156748716
34488;1;1;1; ;2;1;2;1;1;4;1; ; ; ;1;1;1,157341137
41655;1;1;1; ;1;1;3;1;2;1;1;2;6;15;1;2;1,157341137
4293;2;1;1; ;2;1;1;1;5; ;1;9;4;3; ;4;1,158241983
4297;2; ;1; ;1;1;1;1;2;2;1;8;6;16;4;4;1,158241983
4307;2;1;1; ;1;1;1;1;1;1;1;7;5;15;2;2;1,158241983
10727;2;1;1; ;1;1;1;1;1;1;1;4;5;13;4;4;1,158241983
10738;2;1;1; ;1;1;1;1;2;1;1; ; ;16;3;3;1,158241983
10744;2; ;1; ;2;1;1;1;2;6;1; ;4;15;5;2;1,158241983
10751;2;1;1; ;1;1;1;1;1;3;1;8;4;15;4;4;1,158241983
10752;2;1;1; ;1;1;1;1;1;1;1;4;4; ;1;1;1,158241983
10754;2;1;1; ;2;2;2;2;1;1;1;2;1;10;2;2;1,158241983
10758;2;1;1; ;1;1;1;1;1;1;1;6;2; ;3;3;1,158241983
23321;2;1;1; ;1;1;1;1;2;1;1;4;4; ;4;4;1,158241983
23323;2;1;1; ;1;1;1;1;2;1;1; ; ;10;5;2;1,158241983
23331;2;1;1; ;1;1;1;1;1;1;1;7;7;16;2;1;1,158241983
23334;2; ;1; ;1;1;1;1;1;1;1;4;5;16;5;5;1,158241983
23341;2;1;1; ;2;1;1;1;1;1;4;3; ;16;4;4;1,158241983
23348;2;1;1; ;1;1;1;1;2;1;1;1;4;13;3;3;1,158241983
23349;2;1;1; ;1;1;2;1;1;6;4;8;7; ;1;1;1,158241983
23353;2;1;1; ;1;1;1;1;1;1;1;7;4;16;3;2;1,158241983
23358;2;1;1; ;1;1;1;1;2;6;2;7;8;15;1;1;1,158241983
23360;2;1;1; ;1;1;1;3;4;1;1;2; ;8; ; ;1,158241983
23378;2;1;1; ;1;1;1;1;1;1;1; ; ;14;3;3;1,158241983
23379;2;1;1; ;1;1;1;1;1;1;1;7;6;16;2;2;1,158241983
23401;2;1;1; ;1;1;1;1;1;1;1;5;5;14;3;3;1,158241983
9314;2;1;1; ;1;1;2;1;1;1;1;4;4;16;2;2;1,158749252
28373;2;1;1; ;1;1;1;1;2;1;1;5;6;13;2;3;1,158979474
28377;2;1;1; ;1;1;1;1;2;6;4;9;6; ; ;2;1,158979474
28394;2;1;1; ;1;1;1;1;2;4;1;9;6;16;1;1;1,158979474
28399;2;1;1; ;2;1;1;1;1;1;1;7;5; ;1;1;1,158979474
28403;2; ;1; ;1;1;1;1;2;1;1;6;4;16;2;2;1,158979474
28412;2;1;1; ;1;1;1;1;1;1;2;4;8;17;4;2;1,158979474
29044;2; ;1; ;2;1;2;1;5;1;1;7;5;16;4;3;1,158979474
29046;2;1;1; ;1;1;1;1;4;7;1;9;5;15;1;2;1,158979474
29050;2;1;1; ;2;2;3;3;4;2; ;8; ; ;5; ;1,158979474
29074;2; ;1; ;1;1;1;1;2;5;1;8;5;15;2;1;1,158979474
29137;2;1;1; ;1;1;1;1;1;1;1;7;7; ;3;1;1,158979474
29145;2;1;1; ;1;1;2;2;2;1;1;4;6;12;3;3;1,158979474
29322;2; ;1; ;1;2;2;1;1;4;3;8;8;15;5;1;1,158979474
29327;2;1;1; ;1;1;1;1;1;1;1;6;6;16;1;1;1,158979474
29333;2;1;1; ;2;1;2;1;1;1;3;7;8;14;5;5;1,158979474
29887;2; ;1; ;1;2;2;1;1;1;1;6;4;14;3;1;1,158979474
29911;2;1;1; ;1;1;1;1;1;1;1;2;6;12;1;1;1,158979474
29928;2;1;1; ;1;1;2;1;2;1;1;7;2;16;2;1;1,158979474
29999;2;1;1; ;1;1;1;1;1;1;1;4;4;15;3;1;1,158979474
30008;2;1;1; ;1;1;2;1;2;1;1;7;5;16;2;3;1,158979474
37280;2;1;1; ;1;1;1;1;2;1;1;1;4;14;5;4;1,158979474
37283;2;1;1; ;1;1;1;1;1;1;1;7;6;14;3;2;1,158979474
37301;2;1;1; ;2;1;1;1;1;5;1; ;2;15;2;1;1,158979474
37317;2;1;2; ;1;1;1;1;1;1;1;2;2;14;4;3;1,158979474
37327;2;1;1; ;2;1;1;1;1;2;3;8;8;16;1;1;1,158979474
37329;2;1;1; ;1;2;1;1;4;7;1;9;6;15; ; ;1,158979474
37347;2;1;1; ;1;1;1;1;2;2;1;8;6;11;5;2;1,158979474
37349;2;1;1; ;1;1;1;1;1;1;1; ; ;15;5;3;1,158979474
37361;2;1;1; ;1;1;1;1;1;1;1;2;2;16;1;1;1,158979474
22664;2;1;1; ;1;1;1;1;1;1;1;4;4;12;5;5;1,159269094
8861;1;1;2; ;1;1;1;1;1;1;1;7;6;7;4;4;1,161060818
1759;1;1;1; ;1;1;1;1;1;1;1;6;6;16;3;3;1,162685322
1765;1;1;1; ;1;1;1;1;1;1;1;4;6;15;4;4;1,162685322
1785;1;1;1; ;1;1;1;1;1;1;1;7;4;14;5;4;1,162685322
2787;1;1;1; ;1;1;1;1;2;1;1;6;6;15;3;3;1,162685322
2799;1;1;1; ;2;2;2;1;2;1;5;6; ;10;5;2;1,162685322
2808;1;2; ;2;2;1;1;1;2;6;1;9;6;15; ;4;1,162685322
2834;1;1;1; ;1;1;1;1;1;1;1;7;7;14;1;1;1,162685322
2840;1;2; ;2;2;1;1;1;2;2;2;2;1; ;2;1;1,162685322
2843;1; ;1; ;1;1;1;2;1;1;1;4;2;17;4;4;1,162685322
2845;1;1;1; ;1;1;1;2;1;1;1;5;5;16;2;2;1,162685322
2846;1;1;2; ;2;1;2;1;1;1;1;7;6;15;2;1;1,162685322
2851;1; ;1; ;2;1;1;1;1;1;1;2;2;15;4;4;1,162685322
2856;1;1;1; ;1;1;1;1;1;2;1;8;5; ;4;2;1,162685322
2932;1;1;1; ;2;1;1;1;1;1;1;1;6;16;3;3;1,162685322
2938;1;1;1; ;1;1;1;1;1;1;1;4;6;15;3;3;1,162685322
2942;1; ;1; ;2;2;2;1;2;1;1;6;6;14;4;4;1,162685322
3780;1;1;1; ;1;1;1;1;1;1;1;4;5;14;2;2;1,162685322
3782;1;1; ; ;1;1;1;1;1;1;1;7;2; ;4;4;1,162685322
3879;1;1;2; ;1;1;1;1;1;1;1;2;6;15;3;2;1,162685322
5052;1;1;1; ;1;1;1;1;1;1;1;6;4; ;1;2;1,162685322
5064;1;1;1; ;1;1;1;1;1;1;1;6;5; ;5;5;1,162685322
5069;1;1;1; ;1;1;1;1;1;1;1;6;6;11;3;2;1,162685322
5077;1;1;1; ;1;1;1;1;2; ;1; ; ; ; ;1;1,162685322
5083;1;1;1; ;1;2;2;1;4;1;7;4;9;17;1;1;1,162685322
9301;1;1;1; ;1;1;2;1;1;1;1;2;6;14;4;4;1,162685322
9311;1;1;1; ;1;1;1;1;1;1;1;6;6;15;3; ;1,162685322
9313;1;1;1; ;1;1;1;1;1;1;1;7;7; ;4;4;1,162685322
9319;1;1;1; ;1;1;1;1;1;1;1;3;4;15;2;2;1,162685322
9321;1;1;1; ;1;1;1;1;1;1;3;5;8;9;2;2;1,162685322
9583;1;1;2; ;2;1;1;1; ;1; ;7;9;19;3; ;1,162685322
9585;1; ;1; ;1;2;2;2;2;7;1;9;6;16; ;3;1,162685322
9589;1;2; ;2;1;2;2;1;1;1;2; ; ;15;2;2;1,162685322
9599;1;1;1; ;1;1;1;1;1;1;1;2;5;16;3;2;1,162685322
9608;1;1;1; ;1;1;1;1;2;1;1;6;6;14;3;3;1,162685322
9616;1;1;1; ;1;1;1;1;1;1;1;4;4;16;5;2;1,162685322
19015;1;1;1; ;1;1;1;1;1;1;1;4;4;14;3;3;1,162685322
19021;1;1;1; ;1;1;1;1;1;1;3;3;8; ;2;2;1,162685322
19027;1;1;1; ;1;1;1;1;1;1;1;6;6;12;5;4;1,162685322
19045;1;1;1; ;1;1;1;1;2;5;5;5;5;12;5;3;1,162685322
19049;1;1;1; ;1;1;1;1;1;1;2;7;6;10;4;3;1,162685322
19053;1;1;1; ;2;1;1;1;1;1;1;2;6;15;1;4;1,162685322
19058;1;1;1; ;2;1;1;1;2;1;1;4;5;16;2;2;1,162685322
22367;1;1;1; ;1;1;1;1;1;6;6; ; ; ;3;1;1,162685322
22385;1;1;1; ;2;1;1;1;2;1;1; ; ;10; ;4;1,162685322
22400;1;1;1; ;1;1;1;1;1;1;1;5;5;14;4;3;1,162685322
22540;1;1;1; ;1;1;1;1;1;1;1;3;6; ;2;2;1,162685322
23004;1;1;1; ;2;1;1;1;1;1;1;4;5;10;2;1;1,162685322
23013;1;1;1; ;1;1;1;1;2;1;1;4;6;15;5;2;1,162685322
23017;1;1;2; ;2;1;2;1;2; ;1; ;7; ;3;2;1,162685322
23033;1;1;1; ;1;1;1;1;1;1;1; ;6;16;2;1;1,162685322
23038;1;1;1; ;2;1;1;4;1;1;1;7; ;16;1;1;1,162685322
28076;1;1;1; ;1;1;1;1;1;1;5;4;5;15; ; ;1,162685322
28083;1;1;2; ;1;1;1;1;2;1;3;4;9;14;2;2;1,162685322
28092;1;1;1; ;2;1;2;1;1;5;2;2;2;13;5;5;1,162685322
28096;1;1;1; ;1;1;1;1;2;1;1;4;4;16;1;1;1,162685322
28106;1;1;1; ;1;1;1;1;1;1;1;4;6;15; ; ;1,162685322
28115;1;1;1; ;2;1;2;1;4;7;1;9;6; ; ;2;1,162685322
28123;1; ;1; ;1;1;1;1;2;6;1; ;4;13; ; ;1,162685322
28132;1;1;1; ;1;1;1;1;2;1;1;4;4;14;4;2;1,162685322
28136;1;1;1; ;1;1;1;1;2;1;1;6;6;15;3;2;1,162685322
28148;1;1;1; ;1;1;2;1;1;1;3;7;8; ;2;1;1,162685322
33180;1;1;1; ;2;1;1;1;2;2;1;8;6; ;1;4;1,162685322
35856;1;1;1; ;2;1;1;1;1;1;1;4;4;15;3;2;1,162685322
35867;1; ;1; ;2;1;2;1;1;1;1;2;7;15;3;1;1,162685322
35868;1;1;3; ;1;1;1;4;2;1;2;3;8;16;4;4;1,162685322
35875;1;1;1; ;1;1;1;1;2;1;1;6;4;15;3;3;1,162685322
35891;1;1;1; ;1;1;2;1;2;1;1;2; ;14;4; ;1,162685322
37066;1;1;1; ;1;1;1;1;2;1;1;6;6;14;3;3;1,162685322
37074;1;1;1; ;1;1;1;1;1;1;1;1;6;14;4;4;1,162685322
37093;1;1;1; ;1;1;1;1;1;1;1;7;6;16;3;2;1,162685322
37107;1;1;3; ;1;1;1;4;2;1;1;6;4;14;5;1;1,162685322
37109;1; ;1; ;2;1;1;1;1;1;1;4; ; ;2;2;1,162685322
37111;1;1;2; ;2;2;1;1;2;1;1;7;3;15;3;1;1,162685322
37112;1;1;1; ;1;1;2;1;1;1;1;4;4;12;4;4;1,162685322
37136;1;1;1; ;1;1;1;1;2;1;2;5;8;11;5;4;1,162685322
39530;1;1;1; ;2;1;2;1;2;1;2;7;8;16;5;1;1,162685322
39555;1;1;1; ;1;1;1;1;1;1;1; ; ; ;4;4;1,162685322
39559;1;1;1; ;1;1;1;1;2;1;1;4;6;14;1;4;1,162685322
39561;1;1;1; ;1;1;1;2;1;1;1;4;4;14;4;4;1,162685322
39572;1;1;1; ;1;1;1;1;1;1;1;5;5;17;4;4;1,162685322
44268;1;1;1; ;1;1;1;1;2;1;1;6;6;6;4;5;1,162685322
44280;1;1;1; ;1;1;1;1;1;1;1;7;5;15;3;2;1,162685322
44322;1;1;1; ;1;1;2;1;5;7;1;9;7;12; ;4;1,162685322
44328;1;1;1; ;1;1;1;1;1;5;3;7;8; ;1;1;1,162685322
44347;1;1;1; ;2;1;1;1;2;1;1;6;4;15;4;1;1,162685322
44832;1;1;1; ;1;1;1;1;1;1;4;4;8;13;4;4;1,162685322
44837;1;1;3; ;1;1;1;4;2;2;1;7;7;5;3;2;1,162685322
44843;1; ;1; ;1;1;1;1;1;1;1;2;2;10;4;4;1,162685322
44845;1;1;2; ;1;1;1;1;1;1;1; ; ;15;1;1;1,162685322
44873;1;1;1; ;2;1;1;1;2;1;6;2;6;13;3;1;1,162685322
45544;1;1;1; ;2;2;2;1;2;1;1;4;6;15;1;1;1,162685322
45562;1;1;1; ;1;1;1;1;2;1;2;2;6;12;4;2;1,162685322
4290;2;1;1; ;2;2;2;5;2;1;1;7;6; ;1;1;1,163273006
10731;2;1;1; ;2;1;1;1;1;1;1;2;5;15;1;1;1,163273006
10747;2;1;1; ;1;1;1;1;2;1;1;9;4;14;5;2;1,163273006
10766;2;1;1; ;1;1;1;1;1;1;5;6;6;15; ; ;1,163273006
23329;2;1;1; ;1;1;1;4;2;1;1;2;6;15;3;1;1,163273006
23393;2;1;1; ;1;1;1;1;1;1;1;5;5;14;3;3;1,163273006
23395;2; ;1;2;1;1;1;2;1;1;1;1; ;16;4;4;1,163273006
13078;1;1;1; ;2;1;2;1;1;1;1;6;2;14;4;4;1,163539269
13876;1;1;1; ;1;1;2;1;1;1;1;4;4;14;5;4;1,163539269
24008;1;1;1; ;1;1;1;1;1;1;3;2;6;8;2;1;1,163539269
9574;2;1;1; ;1;3;1;1;1;1;1;6;5;15;3;2;1,1640137
28385;2; ;1; ;1;1;2;1;1;5;1;8;6;15; ; ;1,1640137
29141;2;1;1; ;2; ;3;1;2;1;1;7;5;16;2;1;1,1640137
29312;2;1;1; ;1;1;1;1;2;1;3;7;8;15;5;3;1,1640137
29993;2;1;1; ;1;1;1;1;2;1;1;5;5;14;2;2;1,1640137
30020;2;1;1; ;1;1;1;1;4;2;7;7; ; ;5; ;1,1640137
37338;2;1;1; ;1;1;2;1;1;1;4;6; ;16;1;2;1,1640137
37342;2;1;1; ;1;1;2;1;2;1;1;4;6;16;2;2;1,1640137
37358;2;1;1; ;1;1;1;1;1;1;1;7;7;16;1;3;1,1640137
37360;2; ;1; ;1;1;1;1;1;1;1;7;6;15;4;4;1,1640137
28369;1;1;1; ;1;1;1;1;2;1;1;2;2;14; ; ;1,165733044
28381;1; ;1; ;2;2;2;1;1;4;6;7;6;16;1;1;1,165733044
28397;1;1;1; ;1;2;2;1;1;1;1;1;1;8;2;2;1,165733044
29042;1;1;1; ;1;1;2;1;1;1;1;4;4;16;3;2;1,165733044
29052;1;1;1; ;2;1;1;1;1;1;3;6; ; ;2;2;1,165733044
29070;1; ;2; ;1;1;2;1;1;2;3;7;8; ;3;3;1,165733044
29121;1;1;1; ;1;1;1;1;2;1;1;4;6;15;3;2;1,165733044
29122;1;1;1; ;1;1;1;1;1;1;1;7;6;10;1;1;1,165733044
29126;1;1;1; ;1;1;1;1;1;1;1;7;4;14;4;4;1,165733044
29134;1;1;1; ;1;1;1;1;1;2;1;8;6; ;3;1;1,165733044
29143;1;1;1; ;1;1;1;1;2;1;1;2;5;15;2;2;1,165733044
29150; ; ;1; ;1;1;1;1;1;1;3;7; ; ;5;1;1,165733044
29314;1;1;1; ;1;1;1;1;1;1;2;5;6;14;2;2;1,165733044
29320;1;1;1; ;2;1;1;1;2;1;4;6; ; ;2;1;1,165733044
29331;1;1;2; ;2;1;2;1;1;1;1;2;2; ;4;4;1,165733044
29337;1;1;1; ;1;1;1;1;1;1;1; ;4;16;1;2;1,165733044
29901;1;1;1; ;1;1;1;1;2;1;1;7;5;15;4;3;1,165733044
29902;1;1;1; ;1;1;1;1;1;1;3;5;8;15;4;4;1,165733044
29908;1;1;1; ;2;3;2;1;1;1;4;6;8;15;5;5;1,165733044
29916;1;1;1; ;1;1;1;1;2;2;2;8;8;14;2;4;1,165733044
29925;1;1;1; ;1;1;2;1;1;1;1;7;5;16;2;2;1,165733044
29982;1; ;2; ;2;1;1;1;1;1;1;7;7;15;3;3;1,165733044
29988;1;1;1; ;1;1;1;1;1;1;3;6;8;16;2;2;1,165733044
29994;1;1;1; ;1;1;1;2;1;1;1;7;7;14;4;4;1,165733044
30003;1;1;1; ;2;1;2;1;2;1;6;6;9; ;1; ;1,165733044
30009;1;1;1; ;1;1;1;1;1;1;4;7;6;16;2;2;1,165733044
30019;1;1;1; ;1;1;1;1;2;1;1;7;6;14;4;3;1,165733044
37294;1;1;1; ;1;1;1;1;2;1;1;7;7;17;1;1;1,165733044
37296;1;1;1; ;1;1;2;1;1;1;2;7;9;8;4;1;1,165733044
37303;1;1;1; ;1;1;1;1;2;4;1;8;6;15;4;4;1,165733044
37307;1;1;1; ;1;1;1;1;1;1;3;7;8;15;3;3;1,165733044
37321;1;1;1; ;1;1;1;1;1;1;1;4;5;14;4;4;1,165733044
37328;1;1;1; ;1;1;2;1;2;2;2;8;8; ;5;1;1,165733044
37341;1;1;1; ;2;1;1;1;1;1;1;3;2;15;3;1;1,165733044
37354;1;1;1; ;1;1;1;1;1;1;4;2; ;14;2;1;1,165733044
37362;1;1;1; ;1;2;3;1;2;6;4;9;6;15; ;2;1,165733044
5185;1;1;1; ;1;1;1;2;2;1;4; ;4;8;2;2;1,166115356
5222;1; ;1; ;2;2;1;1;4;7;1;9;5; ; ; ;1,166115356
27686;1;2; ;1;2;3;3;1;1;1; ; ; ;12;3;1;1,167317429
27712;1;1;1; ;1;1;1;1;4;7;2;9;8;14; ;3;1,167317429
27726;1;1;1; ;1;2;2;2;1;1;1;4;6;12;3;3;1,167317429
18086;2;1;1; ;1;1;1;1;1;1;1;7;6; ;5;4;1,167465701
18149;2;1;1; ;1;1;1;1;1;1;1;2;2;14;5;5;1,167465701
27340;2;1;1; ;1;1;1;1;1;1;1;4;6;14;5;3;1,167465701
2823;1; ;1; ;1;1;1;1;1;1;1;3;3;12;5;4;1,167735645
3886;1;1;1; ;2;1;2;1;1;1;1;6;6;15;2;2;1,167735645
4321;1; ;2; ;2;2;2;1;2;1;2;3;6; ;4;3;1,167735645
9291;1;1;1; ;1;1;2;1;2;1;1;7;7;13;5;2;1,167735645
9295;1;1;1; ;2;1;1;1;1;2;1;8;6;15;2;2;1,167735645
19039;1;1;1; ;1;1;1;1;2;1;1;4;5;13;4;4;1,167735645
19040;1; ;1; ;2;1;2;1;2;1;1;6;2;16;1;1;1,167735645
23032;1;1;1; ;1;1;1;1;1;1;3;3;8;15;3;2;1,167735645
28105;1;1;2; ;1;1;2;1;2;2;1;8;6;15;1;1;1,167735645
28141;1;1;1; ;1;1;1;1;4;7;1;9;7;14; ; ;1,167735645
37116;1;1;1; ;2;2;2;1;2;1;1;7;6;5; ; ;1,167735645
39533;1;1;1; ;1;2;2;1;1;1;1;6;6;15;4;4;1,167735645
44273;1;1;1; ;1;1;1;1;2;1;1;4;4;12;3;3;1,167735645
44286;1; ; ; ;2;2;2;1;1;2; ; ; ;14; ; ;1,167735645
44308;1;2; ;4;2;2;1;1;2;1;1;7;6; ;2;2;1,167735645
9852;1; ;2; ;1;1;2;1;1;1;1;1;6;14;4;4;1,168593301
11908;1;1;2; ;1;1;2;1;4;7;1; ;6;15; ;4;1,168593301
44507;2;1;1; ;1;1;1;1;2;6;1; ;2;8; ; ;1,169549692
13688;1;1;1; ;2;2;2;1;5;1;1;3;4;16;4;4;1,170639607
28391;1;1;1; ;2;1;1;1;2; ;1; ;6;17; ;3;1,170796605
28402;1;1;2; ;2;1;2;1;2;1;1;1;2;13;4;4;1,170796605
28410;1; ;2; ;1;1;1;1;2;1;1;7;5;16;2;1;1,170796605
29057;1; ;2; ;2;1;1;1;2;1;2;2;8;14;1;3;1,170796605
29135;1;1;2; ;1;2;2;1; ;2;1; ; ;16;2;2;1,170796605
29300;1;1;1; ;2;2;2;1;2;1;1;6;6;13;1;1;1,170796605
29324;1;1;1; ;1;2;2;1;4; ;1; ;7;15; ;1;1,170796605
29890;1;1;1; ;1;1;1;1;4;7;2;9;8;16;1;3;1,170796605
29906;1;1;1; ;1;1;1;1;2;1;1;7;7;13;3;3;1,170796605
29986;1;1;2; ;1;1;1;1;2;1;1;7;2;15; ; ;1,170796605
37286;1; ;2; ;2;2;3;1;1;1;3;7;8;16;3;3;1,170796605
37310;1; ;1;3;1;1;1;1;3;1; ;9; ;15;1; ;1,170796605
37344;1;1;1; ;1;1;1;2;1;1;1;7;4;14;3;2;1,170796605
40904;1;1;1; ;1;1;1;2;1;1;1;4;4;14;4;4;1,171041511
40009;1;1;1; ;1;1;1;2;2;1;1;7;7;15;3;3;1,172387872
15655;2;1;2; ;2;1;2;1;2;2;3; ; ;15; ; ;1,175529312
29756;1; ;1; ;1;1;1;1;1;4;3; ; ;16;1;1;1,175949531
40924;1; ;2; ;2;1;1;1;2;1; ;6; ;15;5; ;1,17612813
41081;1;2; ;2;1;1;2;1;1;1;1;7;6;14;5;1;1,17612813
42223;1;1;2; ;2;2;2;1;1;5;1;8;7;12; ; ;1,17612813
42431;1; ;1; ;1;1;1;1;2;1;1;6;4;13;5;4;1,17612813
13379;1; ;2; ;2;3;3;1;1;6; ;1; ; ;2; ;1,176599662
15107;2;1;1; ;2;2;3;4;2;1;2;6;8;14;3;3;1,176649236
16679;2; ;1; ;2;1;1;1;4;7;4;9;6; ;1;1;1,176649236
16692;2;1;1; ;1;1;1;2;1;1;1;2;5;15;4;4;1,176649236
16704;2;1;1; ;1;1;1;1;2;1;1;6;6;6;4;5;1,176649236
16712;2;1;1; ;1;1;1;1;1;1;1;6;6;13;5;4;1,176649236
16939;2;1;1; ;1;2;2;1;1;1;1;6;6; ;1;1;1,176649236
18741;2;1;1; ;1;1;1;1;1;1;1;4;6;13;4;4;1,176649236
18745;2;1;1; ;2;1;1;2;1;1;1;7; ;17;1;1;1,176649236
18753;2;1;1; ;2;1;1;1;1;2;1;8;6;14;3;3;1,176649236
22636;2;1;1; ;1;1;1;1;2;1;1;6;1;15;4;3;1,176649236
22663;2; ;1; ;2;1;1;1;1;1;1;9;7;15;5;5;1,176649236
23112;2;1;1; ;1;1;1;1;1;1;1;3;4;16;4;4;1,176649236
23114;2; ;1; ;1;1;1;1;2;5;1;8;2;17;1;1;1,176649236
23117;2;1;1; ;1;2;1;1;1;1;1;6;6; ; ; ;1,176649236
23124;2;1;1; ;1;1;1;1;2;1;1;5;4;15;3;3;1,176649236
23128;2;1;1; ;1;1;2;1;1;1;3;2;8;13;5;5;1,176649236
23130;2;1;1; ;1;1;1;4;2;6;1;9;6;15;5;4;1,176649236
23133;2;1;1; ;1;1;2;1;1;2;3;8;8; ;5;3;1,176649236
30349;2;1;1; ;1;1;1;1;1;1;1;4;4;13;2;2;1,176649236
30353;2;1;1; ;1;1;1;1;1;1;1;2;6;15;4;3;1,176649236
30359;2;1;1; ;1;1;1;1;1;1;1;7;5;16;1;1;1,176649236
30361;2;1;1; ;1;1;1;1;2;1;4;5; ;14;3; ;1,176649236
30372;2;1;1; ;1;2;1;1;1;4;1;8;5;9;5;5;1,176649236
4809;1;1;1; ;1;1;1;1;1;1;1;6;6;10;5;4;1,179387836
8289;1;1;1; ;1;1;1;1;1;1;1;2;6;9;4;3;1,179387836
43782;1;1;1; ;1;1;1;4;4;1;1;9;5;10;1;5;1,179387836
618;1;1;1; ;2;1;1;1;1;1;1;3;6;16;1;1;1,180327496
623;1;1;1; ;1;1;3;4;1;5;4;8;8;17;2;1;1,180327496
629;1; ;1; ;2;1;1;1;1;1;1; ; ; ;1;1;1,180327496
635;1;1;1; ;1;1;2;1;1;1;1;2;6;15;5;4;1,180327496
636;1;1;1; ;2; ;1;1;2;7;1;9;5;15;1;1;1,180327496
653;1;1;1; ;1;1;1;1;1;1;1;7;7; ;1;1;1,180327496
655;1;1;1; ;1;1;1;1;1;1;1;5;5; ;1;1;1,180327496
1266;1;1;1; ;2;1;1;1;2;2;4;8;6; ;1;5;1,180327496
1268;1;1;3; ;1;1;1;1;1;1;1;5;4;16;4;4;1,180327496
1308;1;1;1; ;1;1;1;1;1;1;2;6;8; ;1;1;1,180327496
1557;1;1;1; ;1;1;1;1;1;1;1;7;7; ;1;1;1,180327496
1804;1;1;1; ;1;1;1;1;1;1;1;2;2;14;4;2;1,180327496
1827;1;1;1; ;1;1;2;1;1;1;3;3;8;12;2;2;1,180327496
1851;1;1;1; ;2;1;1;1;2;1;3;6; ; ;2;2;1,180327496
2753;1;1;1; ;1;2;2;1;1;1;1;6;6;16;4;3;1,180327496
2776;1;1;1; ;1;1;2;1;2;1; ;2; ; ;1;1;1,180327496
3031;1;1;1; ;2;2;2;1;1;2;1;8;7;17;3;2;1,180327496
3032;1;1;1; ;1;1;1;1;2;5;1;4;4;15;4;2;1,180327496
3042;1;1;1; ;1;1;1;1;2;1;1; ; ;15;1;1;1,180327496
3057;1;1;1; ;2;2;3;1;1;1;1;6;5; ;2;2;1,180327496
3523;1; ;1; ;2;2;2;1;1;1;1; ; ; ;1;1;1,180327496
3714;1;1;1; ;1;1;1;1;2;1;1;7;6;17;2;1;1,180327496
3723;1;1;1; ;2;1;1;1;1;1;1;7;6; ;1;1;1,180327496
3732;1;1;1; ;1;1;1;1;2;1;1; ;4;15;4;1;1,180327496
3734;1;1;1; ;2;1;1;1;2;1;1;4;6;16;1;1;1,180327496
3736;1;1;1; ;2;1;1;1;1;1;1; ; ; ;3;1;1,180327496
4597;1;1;1; ;1;1;1;1;2;1;1;6;4;15;2;2;1,180327496
5873;1;1;1; ;2; ; ;1;1;1;2;6; ; ;1;1;1,180327496
6748;1;1;1; ;1;1;1;1;2;1;1;6;5;13;3;2;1,180327496
6933;1;1;1; ;1;1;1;1;4; ;1; ;8; ;1;1;1,180327496
7128;1;1;2; ;1;1;1;1;1;1;1;2;4;14;5;1;1,180327496
7143;1;1;3; ;1;1;1;1;1;4;1; ;4;15;2;1;1,180327496
7146;1;1;1; ;1;1;2;1;4;1;7;7;9;14;1;1;1,180327496
7147;1;1;1; ;1;1;1;1;1;1;3;6;8; ;1;1;1,180327496
7310;1;1;1; ;2;1;1;1;1;1;1; ; ;15;3;3;1,180327496
7316;1;1;1; ;1;1;1;1;1;1;1;4;4;15;3;1;1,180327496
7323;1;1;1; ;1;1;1;1;2;1;1;3;6; ;1;1;1,180327496
7471;1;1;1; ;1;1;1;1;1;3;3;8;8;16;1;1;1,180327496
7480;1;1;1; ;1;1;1;1;1;1;3;7;8; ;1;1;1,180327496
7567;1;1;1; ;1;1;2;1;2;1;1;7;4;16;5;5;1,180327496
8466;1;1;1; ;1;1;2;1;1;2;1;2;6;10;2;2;1,180327496
8473;1;1;1; ;1;1;1;1;1;2;3; ; ;16;5;5;1,180327496
8491;1;1;1; ;1;1;1;1;1;1;1;6;6; ;4;2;1,180327496
8492;1; ;1; ;1;1;1;1;1;1;1;6;4;16;4;4;1,180327496
8612;1;1;1; ;1;1;1;1;1;1;3;4;8;12;4;1;1,180327496
10350;1;1;1; ;1;1;1;1;1;1;1; ;6;14;1;1;1,180327496
10358;1;1;1; ;2;1;1;1;1;1;1; ; ; ;1;1;1,180327496
12508;1;1;1; ;1;1;2;1;2;1;1;7;6; ;1;1;1,180327496
16245;1;1;1; ;1;1;1;1;1;1;1;4;6;16;2;2;1,180327496
16246;1;1;1; ;1;1;1;1;1;1;1;3;4; ;4;4;1,180327496
17168;1;1;1; ;2;1;1;1;1;1;3;2;8; ;1;1;1,180327496
17169;1;1;1; ;1;1;1;1;1;1;3;3;8; ;1;1;1,180327496
17175;1;1;1; ;2;1;1;1;1;1;1;6;6;13;2;2;1,180327496
17179;1;1;1; ;1;1;1;1;1;1;3;4;7;13;5;5;1,180327496
17185;1;1;1; ;2;1;1;1;1;1;2; ; ; ;1;1;1,180327496
17196;1;1;1; ;2;1;1;1;1; ;1;6;6; ;1;1;1,180327496
17197;1;1;1; ;1;1;1;1;2;1;1;6;4; ;2;2;1,180327496
17212;1;1;1; ;1;2;1;1;1;1;1;3;5; ;1;1;1,180327496
17226;1;1;1; ;2;1;2;1;1;1;1;3;6; ;1;1;1,180327496
17241;1; ;1; ;2;1;1;1;1;1;1;7;7;16;4;4;1,180327496
17242;1;1;1; ;2;1;1;1;1;1;1;3;6; ;1;1;1,180327496
19976;1;1;1; ;2;1;1;1;1;1;1;7; ; ;1;1;1,180327496
19986;1;1;1; ;1;1;1;1;1;1;1;5;7; ;3;2;1,180327496
21050;1; ;1; ;1;1;1;1;2;1;1; ;6;15;5; ;1,180327496
21193;1;1;2; ;2;1;1;1;1;1;6;6;8;14;1;1;1,180327496
21197;1;1;1; ;1;1;1;1;2;3;1; ;6; ;4;1;1,180327496
21203;1;1;1; ;2;2;1;1;2;1;1;7;7;16;1;1;1,180327496
21211;1;1;1; ;1;1;1;1;1;1;1;6;6;16;3;1;1,180327496
24338;1;1;1; ;1;1;1;1;1;1;1;5;5;15;2;2;1,180327496
26005;1;1;1; ;1;1;3;1;1;1;1;6;4;16;2;2;1,180327496
26354;1;1;1; ;1;1;1;1;1;1;1;2;2; ;1;1;1,180327496
26355;1;1;1; ;2;1;1;1;2;1;1;6;6;16;2;2;1,180327496
26362;1;1;1; ;1;1;1;1;1;1;1;4;5;13;1;2;1,180327496
26366;1; ;1; ;2;1;1;1;2;1;4;7; ; ;1;1;1,180327496
26368;1;1;1; ;1;1;1;1;1;1;1;7;5; ;1;1;1,180327496
26380;1;1;1; ;2;1;2;1;1;1;1;5;6; ;1;1;1,180327496
26649;1;2; ;2; ;2;2;3;2; ;1; ; ;14; ; ;1,180327496
26729;1; ;3; ;1;1;1;1;1;5;2;4;7;14;1;1;1,180327496
30141;1;1;1; ;1;1;2;1;1;1;1;3;5;15;3;3;1,180327496
30150;1;1;1; ;1;1;2;1;1;1;1;7;6; ;5;5;1,180327496
30234;1;2; ;2;2;1;1;1;2; ;1; ; ;9; ;4;1,180327496
30521;1; ;1; ;2;1;1;1;1;5;3;9;9; ;1;1;1,180327496
30828;1; ;1; ;1;1;1;1; ;1;1; ;4; ;4;2;1,180327496
30950;1;1;1; ;1;1;1;1;1;1;3;2;8;15;5;4;1,180327496
30951;1;1;1; ;1;1;1;1;2;1;1;3;3;14;1;1;1,180327496
30981;1;1;1; ;2;1;1;1;2;1;1;4;4;15;5;2;1,180327496
36307;1;1;1; ;2;1;1;1;1;1;1;6;2;14;2;3;1,180327496
36320;1;1;1; ;1;1;1;1;2;2;1;4;4;16;2;2;1,180327496
36323;1;1;1; ;1;1;1;1;1;1;2;7;8; ;1;1;1,180327496
36330;1;1;3; ;1;1;1;1;1; ; ; ; ; ;1;1;1,180327496
36521;1;2; ;4;1;2;2;1;2;1;1;7;6;16;4;1;1,180327496
36526;1;1;1; ;1;1;2;1;1;5;3;8;8; ;1;1;1,180327496
36530;1;1;1; ;1;1;1;1;2;1;1;6;6;1;3;2;1,180327496
36539;1;1;1; ;1;1;1;1;1;1;1;6;4;12;1;1;1,180327496
36541;1;1;1; ;1;1;1;1;1;1;3; ; ; ; ; ;1,180327496
36546;1;1;1; ;1;1;1;1;1;1;1;6;7; ;3;1;1,180327496
36552;1; ; ; ;2;1;2;1;1; ;1;5;6; ; ; ;1,180327496
38692;1;1;1; ;1;1;2;1;1;1;1;7;6;15;2;2;1,180327496
39010;1;1;1; ;2;1;1;1;4; ;2; ; ;9; ; ;1,180327496
39011;1;1;1; ;1;1;1;1;1;1;3;5;8; ;1;1;1,180327496
39013;1;1;1; ;1;1;1;1;1;1;1;2;7; ;1;1;1,180327496
39028;1;1;1; ;1;1;1;1;2;1;1; ; ;15;1;1;1,180327496
39030;1; ;1; ;1;1;1;1;2;5;1;7;6;10;3;1;1,180327496
39032;1;1;1; ;2;1;1;1;2;1;1;7;6; ;5;1;1,180327496
39667;1;1;1; ;1;1;1;1;1;1;1;4; ; ; ; ;1,180327496
39701;1;1;1; ;2;1;2;1;1;1;1;5;6;15; ; ;1,180327496
39720;1;1;1; ;1;1;1;1;1;1;1;7;6;14;4;4;1,180327496
39911;1;1;1; ;1;1;1;1;1;1;1;6;6;13;3;3;1,180327496
39916;1;1;1; ;1;1;1;1;2;5;1;7;6; ;1;3;1,180327496
39923;1;1;1; ;1;2;3;1;1;5;3;8;8; ;1;1;1,180327496
39932;1;1;1; ;1;1;1;1;1;2;1;7;6; ;3;2;1,180327496
39933;1;1;1; ;2;1;1;1;1;1;1; ; ; ;1;1;1,180327496
40852;1;1;1; ;2;1;1;1;1;2;1;8;6; ; ; ;1,180327496
43345;1; ;1; ;2;1;1;1;1;1;3; ; ; ;1;1;1,180327496
43366;1;1;1; ;2;1;1;1;1;5;1; ; ; ;1;1;1,180327496
43434;1;1;1; ;2;1;1;1;1;1;6;3; ;14; ; ;1,180327496
43436;1;2; ;1;1;1;2;1;2;1;3;2; ;16;1;1;1,180327496
43438;1;1;1; ;1;1;1;1;4;1; ; ; ;15;1;1;1,180327496
43449;1;1;1; ;2;1;1;1;1;1;1;7;6; ;3;2;1,180327496
43465;1;1;1; ;1;1;1;1;2;1;1; ; ;6;4;4;1,180327496
13614;2;1;2; ;2;1;1;1;1;1;1;2;6;13; ; ;1,180635425
585;1;1;1; ;1;1;1;1;4; ;4;9;9;8; ;3;1,18098343
611;1;1;1; ;1;2;3;2;1;1;1;1;4;15;4;4;1,18098343
9842;1;1;1; ;2;2;1;1;1;1;1;2;5;10;3;3;1,18098343
9861;1;1;1; ;1;1;1;1;1;1;1;4;4;14;5;1;1,18098343
11602;1;1;1; ;1;2;1;1;1;1;1;6;6;15;4;2;1,18098343
11931;1;1;1; ;1;1;2;2;1;1;2;3;8;15;4;3;1,18098343
12204;1;1;1; ;1;1;1;1;2;1;1;4;6;12; ;2;1,18098343
12208;1;1;1; ;1;1;1;1;1;1;1;5;5;16;4;4;1,18098343
12210;1;1;1; ;2;1;1;1;1;1;1;6;7;12;5;5;1,18098343
12218;1;1;1; ;1;1;1;1;1;1;1;7;6;14;2;2;1,18098343
12237;1;1;1; ;2;1;2;1;2; ;1; ;7; ;2;1;1,18098343
12239;1;1;1; ;1;1;1;1;1;1;1;2;6;14;4;4;1,18098343
12642;1;1;2; ;2;1;2;1;1;1;1;2;4;15;2;1;1,18098343
12659;1;1;1; ;1;2;3;1;1;1;4;6;6;14;1;1;1,18098343
12662;1;1;1; ;1;2;1;1;1;1;1;7;6;13;4;4;1,18098343
13866;1;1;1; ;1;1;1;1;1;1;3; ; ;15;2;2;1,18098343
18793;1;1;1; ;2;1;1;1;2;1;1;2;7;17;2;1;1,18098343
22562;1;1;1; ;2;1;1;2;2;1;1;4;6;15;5;2;1,18098343
23971;1;1;2; ;1;1;2;4;2;2;1;6;6;16;3;3;1,18098343
23976;1; ;1; ;2;1;1;1;2;1;1;6;6;15;4;4;1,18098343
23984;1;1;1; ;1;1;1;1;1;5;3;8;8;14;1;1;1,18098343
23987;1;1;1; ;2;1;1;1;1;1;3;6;8;12;3;1;1,18098343
24000;1;1;1; ;1;1;1;1;1;1;1;4;6;16;2;2;1,18098343
24016;1;1;1; ;1;2;1;1;2; ;1;3; ;14;5;5;1,18098343
24038;1;1;1; ;1;1;2;1;1;1;1;4; ;16;4;1;1,18098343
11960;2;2; ;4;2;2;2;4;1;1;1;2;5;15;4;3;1,181760214
16960;2;1;1; ;1;1;1;1;1;1;3;2;8; ;1;1;1,181760214
18720;2;2; ;4;1;1;1;1;2;1;1;7;6;16;3; ;1,181760214
18748;2;1;1; ;1;1;1;1;2;1;1;4;4;15;2;4;1,181760214
22640;2;1;1; ;1;1;1;1;1;1;1;4;6;15;2;1;1,181760214
22658;2;1;1; ;1;1;1;1;2;1;1;5;6; ; ; ;1,181760214
22672;2;1;1; ;2;1;1;1;2;1;1;2;6;16;3;1;1,181760214
23095;2;1;1; ;2;3;2;1;1;1;1;7; ;16;4;4;1,181760214
30357;2;1;1; ;1;1;1;1;2;1;1;4;4;14;1;4;1,181760214
30367;2; ;2; ;1;2;3;1;2;1;1;7;6;15;4;3;1,181760214
30379;2;1;1; ;1;1;1;2;1;1;1;4;4;14;2;1;1,181760214
30382;2;1;1; ;2;2;2;1;1;1;1;2;2;16;3;3;1,181760214
7839;2;2; ;4;1;1;1;4;2;1;1;6;1;6; ; ;1,181960712
5177;1; ;1; ;1;1;2;1;1;1;1;2;2;7;4;3;1,18359814
5182;1;1;1; ;1;1;1;1;1;1;1;2;7;13;3;3;1,18359814
5188;1;1;1; ;2;1;1;1;1;1;1;6;6; ;4;3;1,18359814
5194;1;1;1; ;2;2;2; ;2;5; ;7;9;13; ; ;1,18359814
5217;1;1;1; ;1;1;1;1;1;1;1;7;5;14;3;3;1,18359814
5219;1; ;1; ;1;1;1;1;1;1;1;5;5;11;3;3;1,18359814
5220;1;1;1; ;2;2;3;2;1;4;1;6;6;15;5;5;1,18359814
4796;1;2; ;1;2;1;1;1;2;1;3;7; ;16; ; ;1,18451071
6067;1;1;1; ;1;1;1;1;1;1;1;7;6;12;5;5;1,18451071
8288;1;1;1; ;1;1;1;1;2;1;1;2;5;14;5;4;1,18451071
8326;1;1;2; ;1;1;1;1;1;1;1;2;6;16;2;2;1,18451071
22588;1;1;1; ;1;1;1;1;1;1;1;5;5;10;5;1;1,18451071
31261;1; ; ;1;2;2;2;5;4;1;1;9;5;10;4;4;1,18451071
2235;1;1;1; ;1;2;1;1;1;5;1;8;6; ;1;1;1,184818234
2248;1;1;1; ;1;1;1;1;2;1;1;6;2;15;5;2;1,184818234
2251;1;1;1; ;1;2;2;1;2;2;2;9;9;14;4;3;1,184818234
2255;1;1;1; ;1;2;2;1;1;3;1;8;2;16;2;2;1,184818234
2260;1;1;1; ;1;1;1;1;1;1;1;7;6;15;2;1;1,184818234
2267;1;1;2; ;2;1;2;1;2;7;1;9;7;15;3; ;1,184818234
27697;1;1;1; ;1;1;1;1;2;1;1;5;5; ;5;4;1,184818234
27717;1;2; ;2;2;2;2;5;4;7;1; ;8;15; ;4;1,184818234
27718;1; ;1; ;2;1;2;3;2;2;2;8;8; ; ;5;1,184818234
27719;1;1;1; ;1;2;1;1;1; ;1; ;6; ;3;1;1,184818234
37022;1;1;1; ;1;1;1;1;4;1;7;1;9;9;2; ;1,184818234
40046;1;1;1; ;1;2;2;1;1;5;5; ; ;16;2;2;1,184818234
18078;2;1;1; ;1;1;1;1;1;1;1;7;5;14;3;2;1,184968729
18083;2;1;1; ;1;1;1;1;1;1;3;2;8;10;3;3;1,184968729
18097;2; ;1; ;1;1;1;1;1;1;1;6;6;14;4;4;1,184968729
18120;2;1;1; ;1;1;1;1;1;1;1;7;7; ;5;2;1,184968729
18126;2; ;1; ;1;1;1;1;1;1;1;5;5;14;1;1;1,184968729
18129;2;1;1; ;1;1;1;1;1;1;1;1;5;15;3;3;1,184968729
18145;2;1;1; ;2;1;1;1;1;1;1;7;6; ;2;2;1,184968729
18165;2;1;1; ;1;1;1;1;2;1;1;7;6;14;4;4;1,184968729
22139;2;1;1; ;1;1;1;1;1;1;1; ; ;12;3;3;1,184968729
22146;2;1;1; ;1;1;1;1;2;1;1;6;6;17;2;2;1,184968729
22154;2;1;1; ;1;1;1;1;1;1;1;7;6;14;5;2;1,184968729
27092;2;1;1; ;1;1;1;1;1;1;1;2;6;15;3;2;1,184968729
27096;2;1;1; ;2;1;3;1;2;1;1;7;3;15;4;3;1,184968729
27105;2;1;1; ;1;1;2;1;1;1;1;6;6;15;3;1;1,184968729
27107;2;1;1; ;1;2;2;1;2;1;1;4;6;14;5;4;1,184968729
27112;2;1;1; ;1;1;1;1;1;1;3;4;8;16;2;1;1,184968729
27118;2;1;1; ;2;1;1;1;2;1;1; ;4; ;1;1;1,184968729
27326;2;1;1; ;1;2;2;1;1;1;1; ; ; ;2;1;1,184968729
27331;2;1;1; ;1;1;1;1;1;1;1;4;5;16;5;4;1,184968729
27334;2; ;1; ;2;1;2;1;1;3;4;8; ;15;1;1;1,184968729
27338;2;1;1; ;1;2;2;1;2;1;1;6;6;14;5;1;1,184968729
27342;2;1;1; ;1;1;1;1;1;1;1;2;4;15;5;5;1,184968729
27347;2;1;1; ;1;1;1;1;2;1;1;4;5;15;2;2;1,184968729
27369;2;1;1; ;2;1;1;1;1;1;1;4;4;15;4;1;1,184968729
27377;2; ;1; ;1;1;2;1;1;1;1;7;6;16;4;4;1,184968729
27387;2;1;1; ;1;1;1;1;2;1;1;5;4;14;1;2;1,184968729
27390;2;1;1; ;1;1;1;1;1;1;4;4;8;15;2;1;1,184968729
32958;2;1;1; ;1;1;1;1;1;1;1; ; ;14;4;3;1,184968729
32969;2;1;1; ;1;1;1;1;2;1;1; ; ;16;3;2;1,184968729
32972;2;1;1; ;1;1;1;1;1;1;1;4;6;15;3;3;1,184968729
32974;2;1;1; ;1;1;1;1;1;1;1;2;6;15;2;1;1,184968729
32981;2;1;1; ;1;1;1;1;1;1;1;4;4;16;3;3;1,184968729
32990;2; ;1; ;1;1;1;1;1;1;1;6;6;14;3;1;1,184968729
33022;2; ;1; ;1;1;1;1;1;1;1;6;6; ;2;2;1,184968729
12733;2;1;1; ;1;1;1;2;1;1;1; ;5;15;2;2;1,18533221
12739;2;1;1; ;1;2;1;1;2;1;1;7;6;15;2;2;1,18533221
12753;2;1;1; ;1;1;1;1;1;1;1;6;5;14;4;4;1,18533221
12755;2;1;1; ;1;1;1;1;1;1;1;5;5;13;3;1;1,18533221
12927;2;1;1; ;2;1;2;2;1;1;1;2;6;16;2;2;1,18533221
13427;2; ;1; ;1;1;2;4;1;1;1;1;1;14;5;2;1,18533221
44927;2;1;1; ;1;1;1;1;2;1;1;6;6;15;2;2;1,18533221
44933;2;1;1; ;1;1;1;1;1;1;1;7;6;14;5;3;1,18533221
44940;2;1;1; ;1;1;1;1;1;1;1;4;4;16;4;4;1,18533221
44952;2; ;1; ;1;1;1;2;2;1;1;1;5;15;3;3;1,18533221
44956;2;1;1; ;1;1;1;1;1;4;1;8;6; ;1;1;1,18533221
45503;2;1;1; ;1;2;2;1;1;1;1;4;4;16;2;2;1,18533221
45525;2; ;1; ;1;1;1;1;1;1;1;1;1;14;2;2;1,18533221
45532;2;1;1; ;1;1;1;1;1;1;1;7;5;10;5;3;1,18533221
45540;2;1;1; ;1;2;1;1;1;1;1;5;6;13;5;5;1,18533221
1571;1;1;1; ;1;1;1;1;1;2;1;8;6;15;4;4;1,18545445
1575;1;1;1; ; ;1;1;1;2;1;1; ; ;15;4;4;1,18545445
3543;1;1;2; ;2;1;1;1;1;1;1;7; ;15;3;3;1,18545445
6771;1;2; ;1;1;1;1;1;1;1;1;6;6;16;1;1;1,18545445
7302;1;1;1; ;1;2;3;1;1;1;1;3;6; ;1;1;1,18545445
12503;1;1;3; ;2;1;1;1;1;1;1;2;3;17;1;2;1,18545445
17186;1;1;2; ;2;1;2;1;1;1;1;4;6;17;1;1;1,18545445
36520;1;1;1; ;1;2;1;1;2;1;3;9; ; ; ; ;1,18545445
581;1;1;1; ;2;2;2;1;1;1;1;6;6; ; ; ;1,186113234
9845;1;1;1; ;2;1;1;1;2;1;5;7; ;16;4;4;1,186113234
9846;1;1;1; ;2;1;1;1;1;1;1;4;6;13; ; ;1,186113234
12224;1;1;1; ;1;1;2;1;1;1;1;7;5;15;3;3;1,186113234
18109;1;1;1; ;2;2;1;1;2;5;1;8;6;15;2;5;1,186412275
18123;1;1;1; ;2;1;1;1;2;1;1;6;6;13;4;4;1,186412275
18132;1;1;1; ;1;1;1;1;1;1;1;2;7; ;4;4;1,186412275
27115;1;1;1; ;1;1;2;1;2;1;1;2;3;14;3;2;1,186412275
27348;1;1;1; ;1;1;1;2;2;1;1; ; ;10;4;4;1,186412275
33012;1;1;1; ;1;2;3;1;1;1;1;1;6; ;2;2;1,186412275
13242;1;1;1; ;1;2;2;1;1;1;3; ;6;16; ; ;1,18907468
2263;1;1;1; ;2;1;1;1;2;7;1;9;6;15; ;5;1,189964695
27693;1;1;1; ;1;2;2;1;1;1;1;7; ;16; ; ;1,189964695
22149;2;1;2; ;1;1;2;4;2;1;1;7;6;13;2;4;1,190115844
22169;2;1;1; ;1;1;1;1;1;1;3;6;8;16;5;5;1,190115844
27122;2;2; ;1;2;1;1;1;3; ;3; ;8;16; ;1;1,190115844
27315;2; ;2; ;2;2;2;3;2;1;2;7;8;16;2;1;1,190115844
27354;2;1;1; ;1;1;1;1;1;1;1;4;5;14;3;3;1,190115844
27375;2; ;1; ;2;1;1;1;2;1;1;2;5;16;2;2;1,190115844
33008;2;1;1; ;2;1;2;1;2;1;1;2;6;13;5;5;1,190115844
33010;2;1;1; ;1;2;2;1;1;1;1;5;5;14;4;4;1,190115844
33018;1;1;1; ;1;1;1;1;2;5;1;9; ;16;5;5;1,19156566
13583;2;1;1; ;1;1;1;1;2;1;4;4;9;16;2;1;1,193153233
13600;2;1;1; ;1;2;1;1;1;5;1;7;6;12;3;3;1,193153233
13609;2;1;1; ;2;1;1;1;1;2;3;8; ;14; ; ;1,193153233
13613;2; ;2; ;1;1;2;1;2;1;3;7; ;15;4; ;1,193153233
13889;2;1;1; ;1;1;1;1;1;1;3;7;8; ;1;1;1,193153233
13900;2;2; ;2;2;2;3;1;2;1;3;2;8;15;1;1;1,193153233
13913;2;1;1; ;1;1;1;1;1;5;1;7;5;15;4;4;1,193153233
13917;2;1;1; ;1;1;1;1;2;1;1;2;6;15;3;3;1,193153233
14376;2; ;1; ;1;1;1;1;1;1;3;7;8; ;2;1;1,193153233
15668;2;1;1; ;1;2;2;1;1;1;1;7;4; ;3;2;1,193153233
15680;2;1;1; ;1;2;2;1;2;1;3;7; ;15;5;5;1,193153233
32719;2;1;1; ;1;1;1;2;1;1;1;7;6;14;1;1;1,193676862
40987;1; ;1; ;2;1;1;1;1;1;1;7;6;13;1;1;1,193761028
41288;1;1;1; ;1;1;1;1;1;1;3;3;8;4;5;5;1,193761028
42196;1;1;1; ;1;1;1;1;2;1;4;5;8;10;1; ;1,193761028
42212;1;1;1; ;2;1;2;1;2;1;1;4;4;9;4;5;1,193761028
42426;1;1;2; ;2;2;2;1;2;1;3;6; ; ;1;1;1,193761028
4804;1;2; ;2;2;1;1;1;1;4;3;7;8;15;2;3;1,197069605
4819;1;1;1; ;1;1;1;1;2;1;1;4;5;14;5;2;1,197069605
4824; ;1;1; ;2;2;3;1;1;1;1; ; ; ;2;2;1,197069605
4835;1;1;1; ;1;1;2;1;1;1;3;7;8; ;1;1;1,197069605
4878;1;1;1; ;2;1;1;1;1; ; ; ; ;16;4;1;1,197069605
6035;1;1;1; ;1;1;1;1;2;1;1;4;4; ;5;4;1,197069605
6036;1;2; ;2;1;2;2;1;1;1;1; ; ; ; ; ;1,197069605
6048;1;1;1; ;1;1;2;1;1;1;1;4;6; ;4;3;1,197069605
6061;1;1;1; ;1;1;1;1;1;1;1;4;6;15;4;4;1,197069605
6064;1;1;1; ;1;1;1;1;1;1;1; ; ;13;4;4;1,197069605
6071;1;1;1; ;1;1;1;1;1;1;1;2;6;15;5;4;1,197069605
7431;1;1;1; ;2;1;1;1;2;4;1;7;6;15;2;5;1,197069605
7440;1;1;2; ;1;2;2;1;1;1;1; ; ; ;3;2;1,197069605
7457;1;1;1; ;2;1;1;1;1;1;1;7;6;10;4;3;1,197069605
8147;1; ;1; ;1;1;2;1;1;1;1;3;6;7;4;4;1,197069605
8163;1;1;1; ;1;1;1;1;2;1;1;4;5;16;4;1;1,197069605
8170;1;1;1; ;1;1;2;1;1;3;3;8;8;6;1;1;1,197069605
8174;1;1;1; ;1;1;2;1;1;4;1;7; ;16;2;2;1,197069605
8182;1;1;1; ;1;1;1;1;1;1;1;7;6;16;1;1;1,197069605
8192;1;1;1; ;2;2;2;1;2;1;1;6;6;15;1;4;1,197069605
8294;1;1;1; ;1;1;1;1;1;1;3;5;8;14;3;1;1,197069605
8301;1;1;1; ;1;1;1;2;2;1;1;5;5;7;3;3;1,197069605
8305;1;1;1; ;2;1;1;1;2;1;1;5;5;14;5;5;1,197069605
8320;1;1;1; ;2;1;1;1;2;1;1;4;4;16;3;3;1,197069605
8324;1;1;2; ;1;1;1;1;1;1;1;4;4;14;3;1;1,197069605
14024;1;1;1; ;1;1;1;1;1;1;1;2;6;16;1;2;1,197069605
14028;1;1;2; ;1;1;1;1;1;1;1;2;2;16;2;2;1,197069605
14041;1;1;1; ;1;1;1;1;2;7;1;9;6;16; ;4;1,197069605
14046;1;1;1; ;1;1;1;1;2;1;1;5;6;13;4;4;1,197069605
14056;1;1;1; ;1;1;1;1;1;1;1;6;6;17;4;4;1,197069605
20750;1;1;1; ;1;1;1;1;1;1;1;5;5;15;5;5;1,197069605
20753;1;1;1; ;1;1;1;1;1;1;1;7;6;15;4;4;1,197069605
20759;1;1;1; ;1;1;2;1;1;1;1;7;5;15;4;2;1,197069605
20760;1;1;1; ;1;1;1;1;1;1;1;5;6;8;4;4;1,197069605
20762;1;1;1; ;1;1;1;1;1;1;1;5;6; ;2;2;1,197069605
20764;1;1;1; ;1;2;1;1;1;1;2;4;8; ;3;1;1,197069605
20768;1;1;1; ;1;1;2;1;1;1;1;4;6;15;5;5;1,197069605
20774;1;1;1; ;1;1;1;1;1;1;1;7;6;9;4;4;1,197069605
20788;1;1;1; ;1;1;1;1;1;1;1;7;7; ;1;1;1,197069605
22274;1;1;1; ;1;1;1;1;1;1;1;4;6;10;3;3;1,197069605
22286;1;1;1; ;1;1;1;1;1;1;1;7;6; ;1;2;1,197069605
22304;1; ;1; ;2;2;1;1;1;1;2;6;8;15;2;2;1,197069605
22314;1;1;2; ;2;2;2;1;1;1;1;1; ;14;3;3;1,197069605
22589;1;1;1; ;2;2;2;1;1;1;1;9;2;13;5;5;1,197069605
22592;1;1;1; ;1;1;1;1;1;1;1;7;6;14;4;2;1,197069605
22596;1;1;2; ;2;2;2;1;2;1; ; ; ;11;5; ;1,197069605
22610;1; ;1; ;2;2;2;1;1;1;1; ; ; ;1;1;1,197069605
22612;1;1;1; ;2;2;2;1;4;1;7;3;9;14;5; ;1,197069605
22615;1;1;1; ;1;1;1;1;1;1;2;4;8;10;3;3;1,197069605
22731;1; ;1; ;1;1;1;1;1;1;1;4;4;15;4;4;1,197069605
22739;1;1;1; ;1;1;1;1;1;1;1;2;6;14;4;4;1,197069605
22742;1;1;2; ;2;1;1;1;1;1;1;6;6;16;1;1;1,197069605
22744;1;1;1; ;1;1;1;1;2;1;1;4;4;12;4;4;1,197069605
22757;1;1;1; ;1;1;1;1;1;1;1;3;6;14;4;3;1,197069605
25211;1;1;1; ;1;1;2;1;1;2;1;8;6;16;2;2;1,197069605
25220;1;1;1; ;1;1;1;1;1;1;1;4;4;10;4;4;1,197069605
25241;1;1;1; ;2;1;2;1;2;2;2;8;8; ;2;1;1,197069605
31251;1; ;1; ;1;1;1;1;1;1;1;7;6;15;2;1;1,197069605
31266;1;2; ;2;1;1;1;1;2;7;1;9;7;15; ;1;1,197069605
31267;1;1;1; ;1;1;1;1;1;1;1;5;6;13;4;4;1,197069605
31274;1;1;2; ;1;1;1;1;1;1;1;6;6; ;2;4;1,197069605
31288;1;1;1; ;1;1;1;2;1;1;1;7;6;15;4;4;1,197069605
31291;1;1;1; ;1;1;1;1;1;1;1;4;4;13;1;1;1,197069605
43773;1;1;1; ;1;1;1;1;2;1;1;5;5;10;1;1;1,197069605
43785;1;1;1; ;1;1;1;1;1;1;1;4;6;10; ; ;1,197069605
43786;1;1;1; ;1;1;1;1;1;1;4;6;6;12;3;2;1,197069605
43787;1; ;1; ;1;1;1;1;1;1;1;6;6; ;1;1;1,197069605
13588;2;1;1; ;1;1;2;1;1;1;1;7;4;15;2; ;1,198335898
13916;2;1;1; ;2;1;2;1;1;1;1;2;6;16;3;3;1,198335898
13919;2;1;1; ;1;1;1;1;1;1;1;7;6;14;5;4;1,198335898
13929;2;1;1; ;1;1;1;1;1;1;1;6;6;14;3;3;1,198335898
14377;2;1;1; ;2;1;1;1;2;2;1;8;6;13;5;3;1,198335898
14397;2;1;2; ;1;1;2;1;1;1;1;7; ;16;3; ;1,198335898
15652;2;1;1; ;1;1;1;1;2;1;1;4;4;14;3;1;1,198335898
15672;2;1;1; ;2;1;1;1;1;1;4;7;6;15;2;2;1,198335898
15674;2;1;1; ;1;1;1;1;1;2;2;7;7;13;2;1;1,198335898
15687;2;1;2; ;1;1;1;1;4;1; ;7; ;16;5; ;1,198335898
179;2;2; ;1;1;1;1;1;4;7;1;9;6;10; ;5;1,198349619
23839;2;1;1; ;2;2;1;1;2;1;1;7;7;15;3;3;1,20148058
4802;1;1;1; ;1;1;2;1;1;1;1;7; ;15;4;4;1,202269282
4813;1;2; ; ;2;1;1;1;1;1; ; ; ;14;1;1;1,202269282
7420;1; ; ;4;1;2;2;1;2; ; ;8;8;14;1;1;1,202269282
8314;1;2; ;4;2;2;2;1;2;1;1;2;2;14;2;2;1,202269282
14039;1;1;1; ;2;2;1;1;1;1;1;6;4;16;4;2;1,202269282
22298;1;1;2; ;2;1;1;1;4;7;1;9;6;13; ;3;1,202269282
25248;1;1;2; ;1;2;2;1;1;1;1;6;6;12; ; ;1,202269282
31269;1;1;1; ;1;2;2;1;1;1;1;7;6;15;3;3;1,202269282
31289;1;1;3; ;2;1;2;1;4;7;4;9;6;14; ;1;1,202269282
43783;1;1;1; ;2;1;1;1;2;1;1;4;6;16;1;2;1,202269282
15943;2;2; ;2;1;2;2;1;2;4;1;8;6;14;5;2;1,202416776
3902;1;1;1; ;1;1;1;4;1;1;1;1;2;16;4;4;1,204199356
18089;1;1;1; ;1;1;1;1;1;1;1;4;4;13;5;5;1,204199356
18092;1;1;3; ;1;1;1;1;1;1;1;4;6;14;2;2;1,204199356
18101;1;1;1; ;1;1;1;1;1;1;1;6;6;15;5;2;1,204199356
18118;1; ;2; ;1;2;2;1;1;5;3; ; ;10;2;1;1,204199356
18143;1;1;1; ;1;1;1;1;1;1;3;6; ;15;2;2;1,204199356
18148;1;1;1; ;1;1;1;1;2;7;1;9;5;10; ;1;1,204199356
18155; ;1;1; ;1;1;1;1;1;1;1;6;6;15;4;2;1,204199356
18158;1;1;1; ;1;1;1;1;1;1;1;4;6;5;2;2;1,204199356
18159;1; ;1; ;1;1;1;1;2;1;1;7;6;15;5;2;1,204199356
18169;1;1;1; ;1;1;1;1;2;1;1;4;4;15;4;4;1,204199356
18171;1;1;1; ;1;1;2;1;1;1;1;4;6; ;3;3;1,204199356
18174;1;1;1; ;1;1;2;1;2;2;3; ;8;15;5;1;1,204199356
18177;1;1;1; ;1;1;1;1;1;1;1;7;6;14;1;1;1,204199356
18181;1; ;1; ;2;2;3;1;1;1;1;2;6; ;2;2;1,204199356
18184;1;1;1; ;2;1;2;1;1;1; ;6;8; ;3;1;1,204199356
22137;1;1;2; ;2;2;2;2;2;1;1;6;6;15;2; ;1,204199356
22144;1; ;1; ;1;1;3;1;2;1;1; ; ;7;3;4;1,204199356
22151;1;1;1; ;1;1;1;1;2;1;3;3;8;15;4;1;1,204199356
22162;1;1;1; ;1;2;1;1;1;1;1;4;4;13;4;4;1,204199356
22172;1;1;3; ;1;1;2;1;2;5;6; ; ; ;4;2;1,204199356
22174;1;1;1; ;1;1;2;1;1;1;3;7;5;13;1;2;1,204199356
22178;1;1;1; ;1;1;1;1;1;1;1;4;6;15;2;2;1,204199356
27101;1;1;1; ;1;1;1;1;1;1;1; ;6;15;5;5;1,204199356
27123;1;1;2; ;2;1;1;1;2;1;6;7;9;13;1;1;1,204199356
27128;1;1;1; ;1;1;1;1;2;1;1;4;4;16;4;3;1,204199356
27130;1;1;1; ;2;1;1;1;4; ;4; ;8; ;1;1;1,204199356
27321;1; ;1; ;1;1;1;2;2;1;1;2;4;15;5;4;1,204199356
27328;1;1;1; ;1;1;1;1;2;1;1;1; ;12;4;3;1,204199356
27358;1;1;2; ;2;2;2;1;1;1;1;2;6;15;3;3;1,204199356
27359;1;1;1; ;2;1;2;1;2;1;3;2; ;15;4;4;1,204199356
27361;1;1;1; ;1;1;1;1;2;1;1;2;6;15;5;3;1,204199356
27392;1;1;1; ;1;1;1;1;1;1;1;7;6;12;5;2;1,204199356
32954;1;1;1; ;1;1;1;1;2;1;1;7;5;13;5;1;1,204199356
32959;1;1;1; ;1;1;1;1;1;1;1;4;4;12;3;3;1,204199356
32973;1;1;1; ;1;1;1;1;1;4;1;7;7;13;4;4;1,204199356
32988;1;1;1; ;1;1;1;1;1;2;1;8;6;15;5;2;1,204199356
33004;1;1;1; ;1;2;1;1;2;1;1;7;6;14;4;3;1,204199356
33014;1;1;2; ;1;1;1;1;1;4;1; ;6;15;1;2;1,204199356
33026;1;1;1; ;1;1;2;1;2;1;1;5;5;15;4;4;1,204199356
33028;1;1;1; ;1;1;1;1;1;1;1;1;6;10;4;4;1,204199356
6908;2;1;1; ;1;1;1;1;1;1;1;3;6; ;4;3;1,205860189
3323;2;1;1; ;1;1;1;1;2;2;1; ;5;15;5;4;1,206332943
3308;2;1;1; ;1;1;1;1;1;1;1;4;4; ;2;1;1,206816584
25739;2;1;1; ;2;1;1;1;1;1;1; ; ;16;2;2;1,206816584
39187;2;1;1; ;1;1;1;1;1;1;1;2;6;14;2;2;1,207275393
6096;1;1;1; ;2;1;1;1;1;1;1;5;7;13;5;3;1,207445693
21107;1;1;1; ;2;2;2;1;1;1;1;6;6;7;4; ;1,207445693
15928;2;2; ;1;2;1;1;1;2;1;3;7;6;14;5;5;1,207639679
41033;2;1;1; ;2;2;3;1;2;1;3;8;8;15;3;1;1,208930371
18079;1; ; ;1;2;2;2;1;1;1; ;2; ;16;2;1;1,209430003
18137;1;2; ;4;2;2;3;4;3;6;6;9;9;12; ; ;1,209430003
18188;1;1;1; ;1;1;1;1;2;1;2;6;8;16;4;2;1,209430003
27357;1;2; ; ;1;1;1;1;2;1;1;7;5;13;4;4;1,209430003
27362;1;1;2; ;1;1;1;1;2;7;1;9;6;13; ;3;1,209430003
27391;1;1;2; ;1;2;3;1;1;1;1; ; ;12;3;1;1,209430003
32955;1;1;1; ;2;1;1;1;2;1;1;6;6;10;1;1;1,209430003
21866;2;2; ;2;2;1;1;4;2;1;2;7; ;15;1;1;1,211055243
21887;2;1;1; ;2;1;1;1;1;1;1;6;6;10;3;2;1,211055243
3320;2;1;1; ;2;1;2;1;2;1;1;4;5;13;5;1;1,211572856
28892;2;1;1; ;2;1;2;1;2;1;4;3;6;13; ; ;1,211572856
34978;2; ;1; ;2;1;1;1;2;1;1; ; ;14;3;2;1,211572856
36753;2;1;1; ;2;1;1;1;2;1;1; ;6;12;5;3;1,211572856
36758;2;2; ;2;1;1;1;1;2;1;1;7;5;18;5;4;1,211572856
32245;1;1;1; ;1;1;1;1;1;1;1;2;4;13;5;5;1,213075522
31927;1;1;1; ;2;1;1;1;1;1;1;7;7;17; ; ;1,216062964
33155;2;1;1; ;1;1;1;1;1;1;1;3;6;15;4;4;1,216315669
32147;1;2; ;1;2;2;2;1;2;1;3;6;8;14;2;4;1,218344723
32150;1;1;1; ;1;1;2;1;4;1;7;3;9;11;5;5;1,21883318
11108;1;1;2; ;2;1;1;5;4;3;7;8;9;15;5; ;1,218861704
23828;2; ;1; ;1;1;1;1;2;1;1;4;4;14;2;3;1,21949357
12296;2;1;1; ;1;1;1;1;2;1;1;6;2;14;2;4;1,219915859
527;1; ; ;2;1;1;1;1;2;6;4;8;4;14;5;1;1,221094415
2010;1;1;1; ;1;1;2;1;1;1;1;2;5;9;5;4;1,221094415
5526;1;1;1; ;2;1;1;1;4;3; ;8; ;14;1; ;1,221094415
36792;1;1;1; ;2;1;1;1;2;1;1;2;2;11;3; ;1,221094415
38752;1; ;2; ;2;1;2;1;2;1; ; ; ;10;5; ;1,221345142
42518;1;2; ;2;1;1;1;1;4;1; ;2;9;17;1;1;1,221583975
13894;1;1;1; ;2;1;1;1;2;5; ;5;6;10;2;1;1,221796945
966;1;2; ;4;1;1;2;1;1;1;1;7;5;14;4;2;1,222570554
27203;1;1;1; ;1;1;1;1;2;1;1;2;6;6;5;4;1,222570554
32379;1;2; ;2;1;1;1;1;1;1;1;2;2;12;5;5;1,222570554
32404;1;1;1; ;1;1;1;1;2;1;1;4;6;15;4;3;1,222570554
32454;1;1;1; ;2;2;2;1;1;1;1;5;5;12;4;4;1,222570554
11678;1;1;1; ;2;1;1;1;2;1;1;3;5;16; ;1;1,223463011
12637;1; ;2; ;2;1;3;1;4;7;1; ; ; ; ; ;1,224156039
33178;1;1;3; ;1;1;1;4;1;1;1;5;4;15;4;4;1,224373727
35905;1;1;1; ;2;1;1;1;2;4;1;8;6;14;4;2;1,224373727
41099;1;1;1; ;1;1; ;1;4;7;1;9;6;12; ;4;1,224373727
41208;1;1;1; ;1;1;1;1;1;1;1;3;4;12;4;3;1,224373727
42278;1;1;1; ;1;1;1;1;2;1;1;4;4;13;4;4;1,224373727
42435;1;1;1; ;1;1;1;1;2;1;1;4;4;9;3;4;1,224373727
15385;2;1;1; ;2;1;2;1;2;1;1; ; ;13;4;3;1,225214772
42988;2; ;1; ;1;1;1;1;2;1;1;3; ;13;4;3;1,225214772
18223;1;2; ;1;2;1;2;1;2; ; ;3;8; ;1;1;1,228268425
13747;2;1; ; ;1;1;1;1;1;1;1;3;6;16;4;4;1,228274068
9947;1;1;1; ;2;1;2;1; ;1;7;7;6;15;4;3;1,228687917
42389;1;1;1; ;2;3;3;1;2; ;1; ;4;14; ;3;1,229692004
23245;1;1;1; ;2;1;2;1;2;1;1;2;2;15; ; ;1,231262347
23265;1;1;1; ;1;1;1;1;2;6;1;9;6;14; ; ;1,231262347
39760;2;1;1; ;1;1;1;1;1;1;1;2;2;15;4;4;1,233609287
5401;1;1;1; ;1;1;1;1;4;1;7;2;9;15; ; ;1,234041194
501;1;1;1; ;2;1;1;1;1;6;3; ;8; ;1;1;1,234535944
1998;1;1;1; ;1;1;1;1;1;2;1;8;6;16;2;2;1,234535944
975;1;1;1; ;1;1;1;1;1;1;1;1;6;13;3;3;1,235532983
959;1;1;1; ;1;1;1;1;2;2;1;8;6;15;2;4;1,236028331
10812;1;1;1; ;1;1;1;1;1;1;1;4;6;11;4;1;1,236327642
1096;1;1;1; ;1;1;1;1;1;1;1;6;6;12;2;2;1,236610546
32348;1;1;1; ;1;3;3;1;5;7;1;9;6;15;1;1;1,236610546
28462;1;1;1; ;1;1;1;1;1;3;3;4;6;17;1;2;1,237588688
38323;1; ;2; ;2;1;2;1;1;1;1;3;3; ;2;2;1,237588688
15989;2;1;1; ;1;1;2;1;1;1;1;2;3;12;5;5;1,238608281
43835;2;1;1; ;2;1;1;1;2;2;1;8;2;13;5;4;1,238608281
9807;2;1;1; ;1;1;1;1;1;4;3; ; ; ;1;1;1,238701657
16574;2; ;1; ;1;1;1;1;1;1;1;2;6;16;3;3;1,238701657
43104;2; ;1; ;1;1;1;1;1;1;1;6;6;12;1;1;1,238701657
513;1;1;1; ;1;1;1;1;1;1;1;7;6;12;3;2;1,239401463
5514;1;1;1; ;2;2;2;1;2;1;1;6;6;14;4;3;1,239401463
1733;1;1;1; ;1;1;1;2;1;1;1;7;7;15;4;1;1,239898362
2007;1;1;2; ;2;2;2;1;1;1;4;7;8;17;4;1;1,239898362
2020;1;1;1; ;2;1;1;1;4;1;7;2;9;14;2; ;1,239898362
27204;1;1;1; ;1;1;1;1;2;1;1;7;7;12;1;1;1,240899732
27267;1;1;1; ;2;2;2;2;2; ; ; ; ;14;1;1;1,241397232
12008;1;1;1; ;1;1;1;4;1;1;1;5;6;15;3;2;1,242729939
13188;1; ;1; ;1;1;1;1;1;1;1; ; ;15;4;4;1,242729939
13208;1;1;1; ;1;1;1;1;1;1;1;6;6;17;4;3;1,242729939
13225;1;1;1; ;2;2;1;1;2; ;3;9;8;14;2;2;1,242729939
13236;1;1;1; ;1;1;1;1;1;1;1;4;4;13;2;2;1,242729939
13238;1;1;1; ;2;1;2;2;2;1;1;5;6;13;5;4;1,242729939
13239;1;1;1; ;1;1;1;1;1;1;1;5;5;15;1;1;1,242729939
13241;1;1;1; ;2;2;1;1;1;1;1;6;6;15;5; ;1,242729939
13246;1;1;1; ;1;1;1;1;1;1;3;4;6;10;4;4;1,242729939
13259;1; ;1; ;1;1;2;1;2;1;1;6;6;16;5;4;1,242729939
13267;1;1;3; ;1;1;1;4;1;5;1;4;4;12;5;5;1,242729939
13328;1;1;1; ;1;1;1;1;1;1;1;4;4;17;3;3;1,242729939
13342;1;1;1; ;1;1;1;1;1;1;1;4;2;12;1;1;1,242729939
13343;1;1;1; ;1;1;1;1;1;1;1;6;6;15;4;4;1,242729939
13352;1;1;1; ;1;1;1;1;1;1;1;4;4;14;2;2;1,242729939
13354;1;1;2; ;2;1;2;4;2;7;7;9;9;10;1;4;1,242729939
13361;1;1;2; ;2;1;2;1;5;1;1;7;6;14;3;3;1,242729939
13366;1;1;1; ;1;1;1;1;2;1;1;4;4;14;4;4;1,242729939
13385;1;1;1; ;1;1;1;1;1;1;1;2; ;12;4;4;1,242729939
13396;1;1;1; ;1;1;2;2;1;1;1;1;4;14;2;2;1,242729939
13405;1;1;1; ;1;2;2;1;1;1;1;4;4;13;3;2;1,242729939
15982;1;1;1; ;1;1;1;2;2; ;1;8;6;16;1;4;1,242729939
15994;1;1;1; ;1;1;1;1;2;1;1; ; ;14;4;1;1,242729939
16015;1;1;3; ;1;1;1;1;1;1;1;2;2;14;4;4;1,242729939
16019;1;1;1; ;1;1;1;1;1;1;1;4;5;10;5;5;1,242729939
40915;1;1;1; ;1;1;1;1;2;1;2;7;8;14;5;5;1,242729939
40916;1;1;1; ;1;1;1;1;1;1;3;4; ;13;4;4;1,242729939
40925;1;1;1; ;1;1;1;1;1;1;1;4;6; ;1;1;1,242729939
40935;1;1;1; ;1;1;1;1;1;1;1;6;4;13;4;4;1,242729939
40942;1;1;1; ;2;2;2;1;1;1;1;7;6;16;3;1;1,242729939
40952;1;1;1; ;1;1;1;1;2;1;1;4;6;15;2;2;1,242729939
40953;1; ;1; ;1;1;1;1;1;1;1;4;4;15;3;3;1,242729939
40962;1;1;1; ;1;1;2;1;1;1;1;6;6; ;2;1;1,242729939
40968;1; ;1; ;1;1;1;1;2;1;1;5;6;15;3;3;1,242729939
40982;1;1;1; ;1;1;1;1;1;1;1;4;6;16;3;3;1,242729939
40997;1;1;1; ;1;1;1;1;1;1;1;4;4;13;5;5;1,242729939
40998;1;1;1; ;1;1;1;1;1;1;1;4;4; ;4;4;1,242729939
41003;1;1;2; ;2;1;1;1;2;1;4; ; ;17;3;3;1,242729939
41025;1;1;1; ;2;1;1;1;2;6;1;9;6;17;2;3;1,242729939
41028;1;1;1; ;1;1;1;1;1;1;1;2;2;15;4;4;1,242729939
41030;1;1;1; ;1;1;1;1;1;1;1;2;5; ;2;2;1,242729939
41036;1;1;1; ;1;2;1;1;1;1;1;3;4;14;1;1;1,242729939
41104;1;1;1; ;1;1;1;1;1;1;1;4;4;10;2;2;1,242729939
41106;1;1;1; ;1;1;1;1;1;1;1;6;6;13;5;4;1,242729939
41114;1;1;1; ;1;1;1;1;1;1;3;4;8;12;2;2;1,242729939
41128;1;1;1; ;1;1;1;1;2;1;1;5;6;15;4;4;1,242729939
41148;1;1;1; ;1;2;2;1;1;1;1;6;6; ;2;2;1,242729939
41152;1;1;1; ;2;2;2;1;1;1;1;7;5;16;1;1;1,242729939
41153;1; ;1; ;2;1;2;1;1;1;1;2;7;15;1;3;1,242729939
41156;1;1;1; ;1;1;1;1;1;5;1;8;6;10;1;1;1,242729939
41204;1;1;1; ;1;1;1;1;2;7;1;3;4;14; ;2;1,242729939
41206;1;1;1; ;1;1;1;1;1;1;1;2;2;15;4;1;1,242729939
41213;1;1;1; ;1;1;1;1;1;1;1;2;4;14;3;2;1,242729939
41231;1;1;1; ;1;1;1;1;2;1;1;7;4;15;3;2;1,242729939
41237;1;1;1; ;1;1;1;1;2;1;1;2;4;15;4;4;1,242729939
41249;1;1;1; ;1;1;1;1;1;1;1; ;5;15;1;1;1,242729939
41251;1;1;1; ;1;1;1;1;1;1;1;4;6;15;2;2;1,242729939
41252;1;1;1; ;1;1;1;1;2;1;1;4;5;14;1;1;1,242729939
41256;1;1;1; ;1;2;2;1;2;5;1;6; ; ;3;1;1,242729939
41285;1;1;1; ;1;1;1;1;1;1;1;5;4;15;5;4;1,242729939
42192;1;1;1; ;1;1;1;1;1;1;1;4;4;13;4;3;1,242729939
42202;1;1;1; ;1;1;1;1;1;1;1;4;5;16;4;4;1,242729939
42205;1;1;1; ;1;1;1;1;1;1;1;4;4;13;5;4;1,242729939
42218;1;1;1; ;1;1;1;1;1;1;1;5;4;14;3;2;1,242729939
42235;1;2; ;2;2;1;1;1;1;1;4; ; ;25;5;1;1,242729939
42241;1;1;1; ;1;1;1;1;1;1;1;4;4;14;2;2;1,242729939
42253;1;1;1; ;2;1;1;1;2;1;3;3;8;16;3;2;1,242729939
42260;1;1;1; ;1;1;1;1;1;1;1;4;4;13;3;3;1,242729939
42377;1;1;2; ;1;2;2;1;1;1;1;6;6;14;4;4;1,242729939
42380;1;1;1; ;1;1;1;1;1;1;1;3;3;14;3;2;1,242729939
42382;1;1;1; ;1;1;1;1;1;1;3;4;8;13;4;2;1,242729939
42399;1;1;1; ;1;1;1;1;1;1;1;4;4;14;4;4;1,242729939
42414;1;1;1; ;1;1;1;1;1;1;1; ; ;15;1;3;1,242729939
42417;1;1;1; ;1;1;1;1;1;1;2;4;8;6;5;5;1,242729939
42424;1;1;1; ;1;1;1;1;1;2;3;8;8;14;3;3;1,242729939
42430;1;1;2; ;1;1;2;1;1;1;3;6; ;17;2;2;1,242729939
42436;1;1;1; ;1;1;1;1;1;1;1;7;6;16;1;1;1,242729939
42449;1;1;1; ;1;1;1;1;1;1;1;4;4;13;2;3;1,242729939
42451;1;1;1; ;1;1;1;1;2;1;1;4;6;12;4;4;1,242729939
42455;1;1;1; ;1;1;1;1;1;2;1;8;6;16;5;3;1,242729939
1391;2;1;1; ;2;2;1;1;1;1;1;7;5;14;5;4;1,243583593
8783;2;1;1; ;1;2;1;1;2;1;2;4;4;13;2;2;1,243583593
9128;2;1;1; ;1;1;1;3;4;7;1;9; ;14; ;5;1,243583593
15200;2;1;1; ;1;1;1;1;1;1;1;2;5;15;4;1;1,243583593
16318;2;1;1; ;2;1;1;1;1;1;3;4;8;15;4;3;1,243583593
17992;2;2; ;4;1;1;1;1;2;2;1; ; ;14;1;1;1,243583593
15914;2;1;1; ;1;1;1;1;1;1;1;2;6;15;4;4;1,243988388
15983;2;1;1; ;1;2;3;1;2;1;1; ; ;15;3;2;1,243988388
13199;1;1;1; ;2;2;2;1;2;1;1;2; ;14;4;4;1,248127949
13229;1;1;1; ;2;1;1;2;1;1;1; ; ;15;4; ;1,248127949
13324;1;1;1; ;1;1;1;1;2;1;1;7;5;13;2;2;1,248127949
13334;1;1;1; ;2;1;1;1;1;1;1;7;6;12;4;2;1,248127949
13350;1;2; ;1;2;3;3;1;1; ; ;8;8;16;4;1;1,248127949
41009;1;1;1; ;2;1;1;1;2;2;1;8;6;15;5;1;1,248127949
41072;1;1;1; ;1;1;1;1;1;1;1;6;6;14;3;1;1,248127949
41092;1;1;1; ;1;2;2;1;1;1;1;6;6;14;4;3;1,248127949
41140;1; ;2; ;2;3;3;1;1;1;1; ; ;15;3;3;1,248127949
41225;1;1;1; ;2;2;2;1;1;1;1;2; ; ;4;2;1,248127949
41269;1;1;1; ;2;1;1;1;1;1; ; ; ;16;1;1;1,248127949
42395;1; ;2; ;2;1;2;1;2;1;1;7;6;14;1;1;1,248127949
42404;1;1;1; ;1;1;1;2;1;5;1;5;2;15;3;1;1,248127949
42412;1;1;1; ;2;2;1;1;1;1;1;3;6;14;2;2;1,248127949
25242;2;1;1; ;1;1;1;1;1;1;3;7;8;12;2;2;1,24921479
23841;2;1;1; ;1;1;1;1;1;1;3;4;4;15;5;4;1,250766152
25872;1;1;1; ;2;2;1;1;2;1;1;3;4;15;5;4;1,2526224
10801;1;1;1; ;1;1;1;1;1;1;4;2;2;16;2;1;1,254863071
5407;2;1;1; ;2;1;1;1;2;1;1;6;7;15;3;3;1,256388274
5441;2;1;1; ;1;1;1;1;1;1;1;7;6; ;1;1;1,256891984
27660;2;1;1; ;1;1;1;1;2; ;2; ; ; ;1;1;1,256891984
36786;2;1;1; ;2;2;2;1;1;1;1;7;6; ;4;1;1,256891984
36795;2;1;1; ;2;1;3;1;1; ; ;8; ; ;1;1;1,256891984
42521;2;1;1; ;1;1;1;1;1;1;3;7;8; ;1;1;1,256891984
15911;2;1;1; ;2;1;1;1;1;1;1;7;7;14;5;1;1,257177902
15917;2;1;1; ;2;1;1;1;1;3;3;8;8; ;1;1;1,257177902
15923;2; ;1; ;1;1;1;1;1;1;1;4;7; ;4;4;1,257177902
15926;2;1;1; ;2;1;1;1;2;1;1;5;5;15;5;2;1,257177902
15934;2;1;1; ;1;1;1;1;1;1;1;6;6;13;4;3;1,257177902
15936;2; ;1; ;1;1;1;1;1;1;1;7;6;14;5;5;1,257177902
15945;2;1;1; ;1;1;1;1;2;1;1;5;6;15;3;3;1,257177902
15952;2;1;1; ;1;1;1;1;1;1;1;6;2;15;5;1;1,257177902
15970;2; ;1; ;1;1;1;1;1;1;1;4;5;15;1;1;1,257177902
15971;2;1;1; ;1;1;1;1;1;1;1;4;4;15;1;1;1,257177902
15979;2;1;1; ;2;1;1;1;2;1;1;9;6;12;5;3;1,257177902
16003;2;1;1; ;1;1;1;1;2;1;1;4;6;13;4;4;1,257177902
22229;2; ;1; ;1;3;3;2;1;1;1;4;6;16;4;4;1,257177902
43793;2;1;1; ;1;1;1;1;1;1;1;7;6;16;3;3;1,257177902
43803;2;1;1; ;1;1;1;1;2;1;1;7;6;10;3;2;1,257177902
43804;2;1;1; ;1;1;1;1;1;1;1;7;5;15;2;1;1,257177902
43819;2; ;1; ;1;2;1;1;5;6;1;2;6;8; ;2;1,257177902
43827;2;1;1; ;1;1;1;1;2;1;1;6;2;15;5;1;1,257177902
43831;2;1;1; ;1;1;2;1;2;4;2;3;8;15;5;2;1,257177902
43833;2;1;1; ;1;1;1;1;2;1;1;6;6;15;3;2;1,257177902
43850;2;1;1; ;1;1;1;1;2;1;1;7;7;15;4;2;1,257177902
43855;2;1;1; ;1;1;1;1;1;1;1;2;4;15;2;1;1,257177902
43863;2;1;1; ;1;1;2;1;1;1;1;7;6;16;4;2;1,257177902
43866;2; ;1; ;2;1;1;1;2;1;1;6;6;15;2;1;1,257177902
43873;2;1;1; ;1;1;1;3;1;1;1;7;6;17;5;2;1,257177902
474;2;1;1; ;1;1;1;1;1;1;1; ; ;15;3;3;1,260414918
3292;2;1;1; ;1;1;1;1;1;1;1;4;6;14;1;1;1,261272421
3294;2;1;1; ;2;1;1;1;1;5;1; ; ; ;1;1;1,261272421
3300;2;1;1; ;1;1;1;1;4;7;1;9;6;15; ;3;1,261272421
3321;2;1;1; ;1;1;1;1;1;1;1;4;6;16;1;1;1,261272421
3334;2;1;1; ;1;1;1;1;5;1;1; ; ;10;3;5;1,261272421
25742;2;1;1; ;1;1;1;1;1;1;1;2;4;13;2;2;1,261272421
25751;2;1;1; ;1;1;1;1;2;1;2;2;8;15;1;3;1,261272421
25768;2;1;1; ;1;1;2;1;1;1;3;2; ; ;1;1;1,261272421
25769;2;1;1; ;2;2;2;1;2; ;1; ;7;15; ;2;1,261272421
25782;2;1;1; ;1;1;1;1;1;1;1;7;5;16;4;4;1,261272421
25790;2;1;1; ;1;1;1;1;1;1;1;6;6;13;5;3;1,261272421
25897;2;1;1; ;1;1;1;1;2;1;1;4;4;11;3;2;1,261272421
25899;2;1;1; ;1;1;1;1;2;7;1;9;6;16; ;1;1,261272421
25920;2;1;1; ;1;1;2;1;2;1;1;6;6; ;1;1;1,261272421
25921;2;1;1; ;2;1;2;1;2; ;1; ;6;17; ;2;1,261272421
26481;2;1;1; ;1;1;2;1;2; ;6; ;8; ; ;2;1,261272421
26488;2; ;1; ;1;1;1;1;1;1;2;3;8;15;4;4;1,261272421
26489;2;1;1; ;1;1;1;1;1;1;3;4;8;15;5;5;1,261272421
26491;2;1;1; ;2;2;3;1;2;1;2;6; ;15;1;1;1,261272421
26503;2;1;1; ;1;1;2;1;1;1;1;4;6;14;2;1;1,261272421
26508;2;1;1; ;1;1;2;1;1;1;1;7;7;16;5;4;1,261272421
26509;2;1;1; ;1;2;2;1;2;1;1;6;6;15;2;2;1,261272421
26515;2;1;1; ;1;1;1;1;1;1;1; ; ;14;3;3;1,261272421
26518;2;1;1; ;1;1;1;1;1;1;1;6;5; ;1;1;1,261272421
26520;2;1;1; ;1;1;1;1;1;1;1;5;7; ;4;2;1,261272421
26524;2;1;1; ;1;1;1;1;1;1;1;3;4;15;4;4;1,261272421
28647;2;1;1; ;1;1;1;1;1;1;1;6;3;14;3;2;1,261272421
28649;2;1;1; ;1;2;2;1;2;1;1;6;6;15;2;2;1,261272421
28653;2;1;1; ;1;1;1;1;1;1;1;4;6;15;2;2;1,261272421
28661;2;1;1; ;1;1;2;1;1;5;1;8;4;16;5;2;1,261272421
28678;2;1;1; ;1;1;1;1;1;1;1;6;6;13;2;2;1,261272421
28681;2;1;1; ;2;1;1;1;1;1;1;5;6;17;1;3;1,261272421
28682;2; ;1; ;1;1;1;1;4;7;1;9;6;16;1;2;1,261272421
28685;2;1;1; ;1;1;1;1;1;1;1;6;5;16;2;2;1,261272421
28689;2; ;1; ;1;1;1;1;1;2;4;4;6; ;1;1;1,261272421
28828;2; ;1; ;1;1;1;1;1;5;1;7;6; ;1;1;1,261272421
28839;2; ;1; ;2;1;1;1;2;1;1; ;6; ;5;3;1,261272421
28849;2;1;1; ;2;2;2;1;1;1;1;7;4; ;5;5;1,261272421
28861;2; ;2; ;1;1;1;1;2;1;1;4;6;16;5;5;1,261272421
28868;2;1;1; ;1;1;1;1;1;5;1;6;6; ;1;1;1,261272421
28889;2;1;1; ;1;2;1;1;2;1;1;4;4;16;5;5;1,261272421
28897;2;1;1; ;1;1;1;1;1;1;1;5;5; ;1;1;1,261272421
28898;2;1;1; ;1;1;1;1;1;1;1;4;5;15;3;3;1,261272421
28900;2;1;1; ;1;1;1;1;2; ;1; ;6;17; ;1;1,261272421
28903;2;1;1; ;1;1;1;1;1;1;1;4;4;14;3;3;1,261272421
30304;2; ;2; ;2;2;3;1;2;1;6;6;8;16; ; ;1,261272421
30930;2; ;1; ;2;1;1;1;2;1;1;4;6;12;3;3;1,261272421
32717;2;1;1; ;2;2;1;1;1;1;3;7;8; ;1;1;1,261272421
32723;2; ;1; ;2;2;1;1;1; ;1; ; ;9;2;1;1,261272421
32735;2;1;1; ;1;1;2;1;1;1;1;2;6; ;3;1;1,261272421
32738;2;1;1; ;1;1;1;1;1;1;1;7;6;15;5;5;1,261272421
32740;2;1;1; ;1;1;1;2;1;1;1;4;4;11;4;4;1,261272421
32744;2; ;1; ;1;1;1;2;1;1;1;6;2; ;3;3;1,261272421
34025;2;1;1; ;1;1;1;1;2;2;1;4;4;16;5;4;1,261272421
34028;2; ;1; ;1;1;1;1;1;1;1;6;6; ; ; ;1,261272421
34035;2;1;1; ;1;1;1;1;2;1;1;4;4;15;4;2;1,261272421
34048;2;1;1; ;2;2;3;1;4;7;1;9;5; ;1;1;1,261272421
34983;2;1;1; ;2;1;2;1;1;1;1;6;6; ; ; ;1,261272421
34992;2;1;1; ;2;1;2;1;4;1; ;6; ; ;1;1;1,261272421
34993;2;1;1; ;1;1;2;1;2;4;1;5;5;13;5;5;1,261272421
35020;2; ;1; ;1;1;1;1;2;1;1;6;6; ;1;1;1,261272421
35316;2;1;1; ;1;1;1;1;1;1;1;6;5;13;5;3;1,261272421
35332;2; ;1; ;1;1;1;1;1;1;1;5;5;16;5;2;1,261272421
35334;2;1;1; ;1;1;1;1;1;1;1;6;6;14;3;3;1,261272421
35335;2;1;1; ;1;1;1;1;1;1;5;4; ;16;5;5;1,261272421
35346;2;2; ;2;2;1;1;1;2;1;1; ; ;17;1;2;1,261272421
35350;2;1;1; ;1;1;1;1;1;1;3;2;8; ;1;1;1,261272421
36723;2;1;1; ;1;1;1;1;1;1;3;3;8;14;5;2;1,261272421
36725;2;1;1; ;1;1;1;1;1;1;1;5;5;16;4;4;1,261272421
36736;2; ;1; ;1;1;1;1;2;1;1;4;2;16;5;1;1,261272421
36739;2;1;1; ;1;1;1;1;1;1;1;4;6;14;4;4;1,261272421
36744;2;2; ;1;2;1;1;1;2;1;1; ; ; ;1;1;1,261272421
36747;2;1;1; ;1;1;1;1;2;1;1;6;4;16;5;3;1,261272421
36765;2;1;1; ;1;1;1;1;1;1;1;2;2;15;1;2;1,261272421
38604;2;1;1; ;1;1;1;1;1;1; ;6;8; ;4;4;1,261272421
38607;2;1;1; ;1;2;2;1;2;1;1; ; ;16;4;4;1,261272421
38608;2;1;1; ;1;1;2;1;1;1;1;7;5;15;5;2;1,261272421
38615;2;1;1; ;1;1;1;1;1;1;1;3;4; ;2;2;1,261272421
38625;2;1;1; ;1;1;1;1;1;1;1;2;2;15;2;2;1,261272421
38628;2;1;1; ;1;2;2;1;1;1;1;3; ;14;4;4;1,261272421
38634;2;1;1; ;1;1;1;1;1;1;3;3;8; ;1;1;1,261272421
38637;2;1;1; ;2;1;2;1;2;1;4;7; ;16;5;5;1,261272421
41730;2; ;1; ;2;1;1;1;1;1;1;3;6;15;4;4;1,261272421
41742;2;1;1; ;1;1;1;1;2;1;1;2;2;16;1;5;1,261272421
41752;2;1;1; ;1;1;1;1;2;5;1;4;4;14;4;3;1,261272421
41757;2;1;1; ;2;1;1;1; ; ;2; ; ;15; ;1;1,261272421
41762;2;1;1; ;2;1;1;1;2;1;7;7;9; ;5; ;1,261272421
41768;2;1;2; ;1;1;1;1;2;1;1;6;6; ;5;3;1,261272421
41775;2;1;1; ;1;1;1;1;2;7;1;9;6;17;1;1;1,261272421
41783;2; ;1; ;2;1;2;1;2;1;2;7;8; ;1;1;1,261272421
41786;2;1;1; ;2;1;1;1;1;1;1; ; ; ;1;1;1,261272421
41794;2;1;1; ;1;1;1;1;1;1;1;4;4;11;4;4;1,261272421
41805;2;1;1; ;2;1;1;1;1;1;1;5;6; ;1;1;1,261272421
41806;2;1;1; ;1;1;1;1;1;1;3;4;8; ;1;1;1,261272421
44794;2;1;1; ;1;1;1;1;1;1;1;2;4;15;1;2;1,261272421
44815;2;1;1; ;1;1;1;1;1;1;2; ; ;16;4;4;1,261272421
44820;2;1;1; ;1;1;1;1;1;1;1;5;5; ;1;1;1,261272421
44827;2; ;1; ;1;1;1;1; ; ; ; ; ; ;1;1;1,261272421
44830;2;1;1; ;2;1;1;1;1;1;3; ; ;17; ; ;1,261272421
45401;2; ;1; ;1;1;1;1;1;1;1;7;6;17;2;1;1,261272421
1736;2;1;1; ;2;1;1;1;2;1;1;6;6;13;5;2;1,261845612
14764;2;1;1; ;1;1;1;1;1;1;1;7;4;15;4;1;1,261845612
20602;2;1;1; ;2;1;1;1;2;1;1;4;5;8; ; ;1,261845612
15908;2; ;1; ;2;1;1;1;1;1;1;2;6;15;5;5;1,262638669
15967;2;1;1; ;1;1;1;1;1;1;1;7;6;12;5;1;1,262638669
43823;2;1;1; ;2;1;2;1;1;1;2;7;8;15;2;1;1,262638669
25936;1; ;1; ;1;1;1;1;1;1;1;3;3;16;5;1;1,265903457
41784;1;1;1; ;1;1;1;1;1;1;1;4;2;15;3;3;1,265903457
145;2;1;1; ;1;1;1;1;1;1;3;4;5;12;4;4;1,266209787
155;2;1;1; ;1;1;1;1;1;5;1; ;6; ;1;1;1,266209787
160;2;1;1; ;2;2;3;2;1;1;1;4;6; ;3;3;1,266209787
164;2; ;1; ;1;1;1;1;1;1;1;6;6;14;1;1;1,266209787
172;2;1;1; ;1;1;1;1;2;1;1;3;6;10;3;3;1,266209787
182;2;1;1; ;2;1;2;1;2;6;1; ;4;16; ;2;1,266209787
9703;2;1;1; ;1;1;1;2;2;1;1;2;6;15;4;3;1,266209787
9709;2;1;1; ;1;1;1;1;1;1;5;2;8;15;4;4;1,266209787
9722;2;1;1; ;2;1;1;1;2;1;1; ; ; ;3;2;1,266209787
9729;2;1;1; ;1;1;1;1;1;1;1;5;6;14;3;3;1,266209787
9732;2;1;1; ;2;1;1;1;2;1;1; ;4;16;4;1;1,266209787
21848;2;1;1; ;1;1;1;1;1;1;1;7;7;14;1;1;1,266209787
21857;2;1;1; ;1;1;1;1;2;1;1;6;6;14;4;4;1,266209787
21861;2;1;1; ;2;1;1;1;2;1;1;3;6; ;1;1;1,266209787
21870;2;1;1; ;1;1;1;1;2;1;1;4;5; ;4;4;1,266209787
21872;2;1;1; ;1;1;1;1;2;4;4;6;6;17;4;3;1,266209787
21878;2;1;1; ;2;1;2;1;1;1;1;7;2;13;4;4;1,266209787
21920;2;2; ;1;1;1;1;1;2;1;1;6;6;14; ;1;1,266209787
21927;2; ;1; ;1;2;2;1;2;1;1;7;7;15;4;4;1,266209787
22972;2;1;1; ;1;1;1;2;1;1;1;7;6;15;4;4;1,266209787
22986;2;1;1; ;1;1;1;1;2;1;1;4;7;16;4;2;1,266209787
22999;2;1;1; ;2;2;2;1;2;7;1;9;6; ;1;2;1,266209787
33138;2;1;1; ;1;1;1;1;2;1;1;6;5; ; ; ;1,266209787
33151;2;1;1; ;1;2;2;1;1;1;1;4;5;10;5;5;1,266209787
33153;2;1;1; ;1;1;1;2;2;1;1;2;6;15;4;2;1,266209787
33159;2;1;1; ;1;1;1;1;4;7;1;9;6; ; ;2;1,266209787
33164;2;1;1; ;1;1;1;1;1;1;1; ; ;16;4;4;1,266209787
3316;1; ;1; ;1;1;1;1;1;1;1;7;6; ;1;1;1,266410981
25793;1;1;2; ;1;2;3;1;2;1;1;6;6;15;4;3;1,266410981
3295;2;1;1; ;1;1;1;1;2;1;1;4;4;13;4;4;1,266750974
25780;2;1;1; ;1;1;1;1;1;1;1;2;5;14;4;4;1,266750974
25787;2; ;1; ;1;1;1;1;1;1;1;7;6; ;1;1;1,266750974
25801;2;1;1; ;2;1;2;1;2;1;1;6;6;15;4;4;1,266750974
25881;2; ;1; ;1;1;1;1;2;1;1;4;6;14;3;3;1,266750974
28884;2;1;1; ;1;1;1;1;1;1;1;4;4;16;1;1;1,266750974
41718;2;1;1; ;1;1;1;1; ;7;2;9;8;14;1;1;1,266750974
42247;2;1;2; ;2;1;1;4;2;1;1;6;5; ;1;1;1,266750974
44802;2;1;1; ;1;1;1;1;2;5;4;4;5;14;4;2;1,266750974
44813;2;1;1; ;1;1;1;1;1;1;1;5;5;15;4;3;1,266750974
36956;2;1;1; ;1;1;1;1;1;1;1;4;5;15;4;4;1,266909906
22595;2;2; ; ;2;1;1;1;2;1;3;2;8;19;1;1;1,267943427
25236;2;2; ;3;2;1;1;5;2;1;2;7;6;13;2;2;1,267943427
32152;1;1;1; ;2;2;2;1;1;1;1;7;6;13;4;3;1,268322074
32241;1;1;1; ;1;1;1;1;1;1;1; ;6;11;4;4;1,268322074
32264;1;1;1; ;1;1;1;1;2;1;1;7;5;14;4;1;1,268322074
32366;1;1;1; ;2;1;2;2;2;1;1;7;6;3;2;2;1,268322074
5134;2; ;1; ;1;1;1;2;1;1;1;7;6; ;1;2;1,269518048
5137;2;1;1; ;2;1;3;1;1;1;1;2;6;14;5;1;1,269518048
5139;2;1;1; ;1;1;1;1;1;1;1;7;6;17;4;4;1,269518048
5141;2;2; ;2;2;1;1;1;1;1;1;7;7; ;1;1;1,269518048
5144;2;1;1; ;1;1;1;1;2;2;1;8;6;15;4;2;1,269518048
5145;2;1;1; ;1;1;1;1;2;1;1;4;6;15;3;3;1,269518048
5148;2;1;1; ;1;1;1;1;2;1;1;6;6;14;2;2;1,269518048
5169;2;1;1; ;1;1;1;1;2;1;1;6;6;15;5;2;1,269518048
5282;2;1;1; ;2;1;1;1;1;1;1;2;6;16;3;3;1,269518048
5283;2;1;1; ;1;1;1;1;1;1;1;3;6;15;4;4;1,269518048
5290;2;1;1; ;1;1;1;1;1;1;2;2;6;15;4;4;1,269518048
23859;2;1;1; ;1;1;1;1;1;5;3;4;5;5;4;4;1,269518048
23862;2; ;1; ;1;1;1;1;2;1;1;4;4;7;5;4;1,269518048
23867;2;1;1; ;2;2;2;1;1;1; ;2;7;19;1;1;1,269518048
23885;2;1;1; ;1;1;2;1;2;6;1;9;2;15; ;2;1,269518048
23887;2;1;1; ;2;1;1;1;2;1;1;5;6;15;4;2;1,269518048
23892;2;1;1; ;1;1;1;1;4;1;7;4;9;16;4; ;1,269518048
23898;2;1;2; ;2;2;2;1;2; ; ;7;8;16;5;1;1,269518048
23905;2;1;1; ;1;1;1;1;1;1;1;6;6;17;2;1;1,269518048
23906;2;1;1; ;1;1;2;1;1;1;1;6;6;15;3;1;1,269518048
23910;2;1;1; ;1;1;1;2;1;1;1;6;4; ;2;2;1,269518048
23916;2;1;1; ;1;1;2;1;1;1;1;7;6;13;4;4;1,269518048
44868;2;1;1; ;2;1;1;1;1;1;1;2;6; ;5;4;1,269518048
535;1;1;3; ;1;1;1;4;2;1;1;4;4;15; ;1;1,271184561
27651;1;1;1; ;1;1;2;1;1;1;1;4;5;14;3;4;1,271184561
36828;1;1;1; ;1;1;2;1;2;1;3;7;8;10;4;3;1,271184561
36854;1;1;1; ;2;2;3;5;4;7;4;9;9;14;1;1;1,271184561
36888;1;1;1; ;1;1;2;1;1;1;3;2;8;10;5;4;1,271184561
25889;1;1;2; ;1;1;2;1;2;1;1;2;6;14;1;1;1,271402125
28888;1; ;2; ;1;2;2;1;2;1;1;6;6;16;3;2;1,271402125
35315;1;2; ;2;2;1;2;1;2;1;1;6;6;14;4;4;1,271402125
35319;1;1;1; ;2;1;1;1;2; ; ;6;6; ; ;2;1,271402125
171;2;1;1; ;1;1;1;1;1;1;1;2;4;15;3;3;1,271709786
9727;2;1;1; ;1;1;1;1;1;1;4;6;8;17; ; ;1,271709786
21902;2;1;1; ;1;2;3;2;1;1;1;4;4;16;4;1;1,271709786
21909;2;1;1; ;1;2;2;1;1; ;1; ;7;17;1;1;1,271709786
21913;2;1;1; ;1;1;1;1;2;1;1;3;2;13;5;5;1,271709786
21915;2;1;1; ;1;1;1;1;2;5;1; ;6;13; ;4;1,271709786
21919;2; ;1; ;2;2;2;1;2;2;1;8; ;16;2;2;1,271709786
878;1;1;1; ;1;1;1;1;2;1;1;2;6;14;2;3;1,272721251
989;1;1;1; ;1;1;2;1;1;1;1;7;7;4;1;1;1,272721251
32453;1;2; ;1;2;2;2;1;1;3;1; ;4;13;3;3;1,272721251
32492;1;1;1; ;2;1;1;2;4;1; ;6; ;12;2;1;1,272721251
32190;1;1;1; ;1;1;1;1;1;1;1;4;6;13;5;5;1,273831248
5291;2;1;1; ;1;1;1;1;2;1;1;5;6;14;5;2;1,275032417
5293;2;2; ;2;1;1;1;1;1;1;3;1;8;16;2;2;1,275032417
23834;2;1;1; ;1;1;1;1;1;1;1;6;6;14;5;1;1,275032417
23888;2;1;1; ;1;1;2;1;2;5;1;8;7;15;4;1;1,275032417
1719;1;1;2; ;2;1;1; ;2; ;1;8;7;16;1;4;1,276706169
1730;1;1;1; ;1;1;2;1;1;1;1;6;6;14;3;3;1,276706169
20586;1;1;1; ;2;1;1;1;1;1;1;6;6;12;4;4;1,276706169
27645;1;1;1; ;2;1;2;1;1;5;1; ;4;13;2;2;1,276706169
27661;1; ;2; ;1;1;2;1;1;1;1;5;5;13;4;2;1,276706169
36804;1; ;2; ;1;1;1;1;2;1;3;2;8;15;5;4;1,276706169
42479;1;1; ; ;2;1;1;1;2;1;1;7;7;15;2;2;1,276706169
32113;1;1;1; ;1;1;2;1;2;1;4;3;6;13;1;2;1,278249534
32479;1;1;1; ;2;1;1;1;2;1;1;2;2;14; ; ;1,278249534
30395;1;1;1; ;1;1;1;1;2;1;1;7;4;12;4;2;1,280628899
9817;2;1;1; ;1;1;1;1;1;1;1;3;6;15;5;4;1,281014177
21407;2;1;1; ;2;1;1;1;1;1;1;3;6;15;5;5;1,281014177
27853;2;1;1; ;1;1;1;1;1;1;5;4;4;13;5;3;1,281014177
44191;2; ;1; ;1;1;1;1;2;1;7; ;9;14;1; ;1,282673467
44254;2;1;1; ;1;1;1;1;1;1;1;7;6; ;5;3;1,282673467
1046;2; ;1; ;2;1;1;1;2;1;1;5;5;15;1;1;1,285467662
949;1; ;2; ;1;1;1;1;2;1;1;1;6;15;2;1;1,287337174
1102;1;1;1; ;2;1;2;1;2;7;4;9;6;16; ;1;1,287337174
23236;1;1;1; ;2;2;3;2;1;1;1;7;6;15; ; ;1,287337174
23242;1;1;1; ;1;1;1;1;2;1;4;7;6;15;1;1;1,287337174
23256;1;1;1; ;1;1;2;1;1;1;1;7;6; ;2;1;1,287337174
23270;1;1;2; ;2;2;2;1;2;2;1;8;6;16;1;1;1,287337174
27233;1;1;1; ;1;1;1;1;1;1;1;4;6;15;1;1;1,287337174
27249;1;1;1; ;1;1;1;4;1;1;1;4;4;8;5;3;1,287337174
27261;1;1;1; ;2;1;2;1;4;1; ;7; ;15;1; ;1,287337174
32162;1;2; ;4;1;1;2;1;1;1;2;7;8;17;1;1;1,287337174
32173;1;1;1; ;2;2;2;1;4; ;3; ; ;15; ;3;1,287337174
32177;1;1;1; ;1;1;1;1;2;1;1;7;6;15;3;3;1,287337174
32185;1;1;1; ;1;1;1;1;2;6;1;8;4;14;5;3;1,287337174
32193;1;1;1; ;1;1;1;1;2;1;1;6;6;15;4;2;1,287337174
32253;1;1;1; ;2;1;1;1;1;1; ; ;6;14;4;4;1,287337174
32261;1;1;1; ;1;1;2;1;2;1;1;2;5;15;3;3;1,287337174
32328;1;1;1; ;1;1;2;1;1;1;1; ;6; ;2;2;1,287337174
2868;2;1;1; ;2;1;1;1;1;1;1;4;4;15;1;2;1,289713465
10111;2;1;1; ;1;1;1;1;1;1;1;4;4;14; ; ;1,289713465
10117;2;1;1; ;1;1;1;1;2;1;1;6;6;16;4;1;1,289713465
10150;2;1;1; ;2;1;2;1;1;1;1;7;7; ;1;1;1,289713465
22693;2;1;1; ;1;1;2;1;1;1;1;4;5;15;3;3;1,289713465
22721;2;1;1; ;1;1;1;2;1;1;1;6;6; ;5;1;1,289713465
35571;2;1;1; ;1;1;1;1;1;1;2;7;6;14;4;4;1,289713465
500;1;1;1; ;1;1;2;1;1;1;1;6;2;16;2;2;1,290242576
508;1;1;1; ;1;1;1;1;1;1;1;4;4;16;5;5;1,290242576
531;1;1;1; ;1;1;1;1;1;1;3;6;8; ;1;1;1,290242576
542;1;1;1; ;1;1;1;1;1;1;1;4;6;12;4;4;1,290242576
1726;1;1;2; ;1;1;2;3;1;4;4;8;8;15;1;1;1,290242576
1747;1;1;1; ;1;2;1;1;1;1;1;7; ;16;4;4;1,290242576
1987;1;1;1; ;1;1;1;1;1;1;1;4;4; ;3;3;1,290242576
2000;1;1;1; ;2;1;2;2;4;7;1;9;3;13; ;1;1,290242576
2711;1;1;1; ;1;1;1;1;1;1;1;1;1;15;3;2;1,290242576
2714;1;1;1; ;1;1;1;1;1;5;3; ;8;10;5;4;1,290242576
2718;1;1;1; ;1;1;1;1;1;1;1;2;6;16;2;3;1,290242576
2725;1;1;1; ;1;1;1;1;2;1;1;4;4;14;4;2;1,290242576
2730;1;1;1; ;1;1;1;1;1;1;1;4;4;15;4;1;1,290242576
2735;1;1;1; ;2;1;1;1;1;1;3;1;8;15;5;3;1,290242576
5362;1;1;1; ;1;1;1;1;2;1;1;7; ; ;1;1;1,290242576
5390;1;1;2; ;1;1;1;1;1;1;1;7;6;15;4;4;1,290242576
5393;1;1;1; ;1;1;1;1;1;1;2;6; ;14;4;4;1,290242576
5404;1;1;1; ;2;1;1;1;1;1;1;6;4;6; ; ;1,290242576
5405;1; ;1; ;1;1;2;1;1;1;1;4;4;14; ; ;1,290242576
5410;1;1;1; ;1;1;2;1;1;1;1;2;2;16;3;2;1,290242576
5413;1;1;1; ;1;1;1;1;1;1;1; ; ;7;3;2;1,290242576
5417; ;1;1; ;1;1;1;1;2;1;2;7;8;15;4;1;1,290242576
5420;1;1;1; ;2;2;2; ;1;1;1;7;4; ;1; ;1,290242576
5423;1;1;2; ;1;2;1;1;1;1;3;7;8; ;1;1;1,290242576
5427;1;1;1; ;1;1;1;1;1;1;1;6;6;17;4;4;1,290242576
5428;1;1;1; ;1;1;1;1;2;1;1; ;6;16;1;2;1,290242576
5433;1;1;1; ;1;1;1;1;1;1;1;4;6;15;2;2;1,290242576
5437;1;1;1; ;1;1;1;1;1;1;1;4; ;16;3;3;1,290242576
5492;1;1;1; ;2;2;2;1;1;1;1; ; ; ;1;1;1,290242576
5504;1;1;1; ;1;1;1;1;2;7;1; ;7; ;1;1;1,290242576
5523;1;1;1; ;1;1;2;1;2;2;1;8;2;16;4;5;1,290242576
5532;1;1;1; ;1;2;3;1;1;1;1;7;5; ;3;3;1,290242576
14770;1;1;1; ;1;1;1;1;1;1;1;4;5;13;2;2;1,290242576
14790;1;1;1; ;1;1;1;1;1;1;1;4;2;16;2;2;1,290242576
20560; ;1;1; ;1;1;1;1;2;1;1;5;4; ;1;1;1,290242576
20579;1;1;1; ;2;1;1;1;1;1;1; ; ;16;2;2;1,290242576
20590;1;1;1; ;1;1;1;4;1;1;1;6;2; ;2;3;1,290242576
20591;1;1;1; ;2;2;2;1;1; ;1; ; ;16;1;1;1,290242576
20596;1;1;3; ;1;2;2;4;2;1;3;6;8; ;1;1;1,290242576
23534;1;1;1; ;1;1;1;1;1;1;1;4;6;15;4;2;1,290242576
23555;1;1;1; ;1;1;2;1;1;2;1;8;6;16;5;1;1,290242576
27671;1; ;1; ;1;1;1;1;1;5;1;8;6;15;5;4;1,290242576
36774;1;1;1; ;2;1;1;1;1;1;1;6;6;15;4;1;1,290242576
36777;1;1;1; ;2;1;2;1;1;1; ;8; ;17;1;1;1,290242576
36779;1;1;1; ;2;1;1;1;2;2;1;8;6;11;1;1;1,290242576
36789;1;1;1; ;1;1;1;1;1;1;1;3;5;16;1; ;1,290242576
36799;1;1;1; ;2;2;2;1;2;1;1;7;7;15;1;2;1,290242576
36802;1;1;1; ;1;1;1;1;2;7;1;9;7;13;4;1;1,290242576
36806;1;1;1; ;1;1;1;1;1;1;3;4;8;16;3;2;1,290242576
36815;1;2; ;4;1;2;2;1;1;1;1;2;6;16;2;1;1,290242576
36837;1; ;1; ;1;1;1;2;2;1;1;4;4; ;4;4;1,290242576
36850;1;1;1; ;2;1;2;1;1;1;3;6;8;13;2;2;1,290242576
36862;1;1;1; ;1;1;2;1;4;7;3;9;8; ;1;1;1,290242576
36864;1;1;1; ;1;1;1;1;2;1;3;7;8; ;3;2;1,290242576
36871;1;1;1; ;1; ;1;1;1;5;3;4;5; ;1;1;1,290242576
36875;1;2; ;1;2;1;1;1;2;1;3;2;8;17;2;1;1,290242576
36877;1; ;1; ;1;1;1;1;1;1;1;4;4;15;5;5;1,290242576
36881;1;1;1; ;1;1;2;1;1;1;1;4;5;16;3;3;1,290242576
36890;1;2; ;2;1;1;2;1;1;1;3;7; ;16;4; ;1,290242576
42158;1;1;3; ;1;3;3;1;1;1;1;7;6; ;3;3;1,290242576
42481;1;1;1; ;1;1;1;1;1;1;1;7;7;15;5;2;1,290242576
42484;1;1;1; ;2;1;2;1;2;1;1;4;7;17; ;4;1,290242576
42491;1; ;2; ;2;1;1;1;1;1;1;7;6;15;3;3;1,290242576
42506;1;2; ;2;1;1;1;1;1;1;3;7; ; ;1;1;1,290242576
42526;1;1;1; ;2;1;1;1;1;2;3;7;8; ;3;1;1,290242576
42527;1;1;2; ;1;1;1;1;1;1;1;7;6;14;5;2;1,290242576
42529;1;1;1; ;2;1;1;1;1;1;1;2;6;14;2;2;1,290242576
188;1;1;1; ;2;1;1;1;1;1;7;7;8; ;1;1;1,291802305
241;1;1;1; ;1;1;1;1;1;1;1;7;6;17;4;4;1,291802305
243;1;1;1; ;1;1;1;1;1;1;3;4;8;15;5;5;1,291802305
260;1;1;1; ;1;1;1;2;2;1;1;6;6;17;2;4;1,291802305
265;1;1;1; ;1;1;1;1;2;1;1;1;6;15;4;4;1,291802305
294;1;1;1; ;1;2;2;1;1;1;1;2;2;16;4;4;1,291802305
303;1;1;1; ;1;1;1;1;1;1;1; ; ;15;1;1;1,291802305
319;1;1;1; ;1;1;1;1;1;1;1;7;3;13;5;5;1,291802305
322;1; ;1; ;2;1;2;1;1;1;1;6;6;15;3;3;1,291802305
872;1;1;1; ;1;1;1;1;1;1;1;4;4;15;1;4;1,291802305
884;1;1;1; ;1;1;1;1;1;1;3;7;8; ;1;1;1,291802305
981;1;1;1; ;2;1;2;1;1;1;1;6;6;8;1;1;1,291802305
1032;1;1;1; ;1;1;1;1;1;1;1;5;4;16;3;3;1,291802305
1072;1; ;1; ;1;1;2;1;1;1;1;6;5;13;4;1;1,291802305
27182;1;1;1; ;2;1;2;1;1;1;1;7;7;15;3;2;1,291802305
27183;1;1;1; ;1;1;1;1;1;5;3;8;8; ;1;1;1,291802305
27189;1;1;1; ;1;1;2;1;1;1;1;7;4;14;5;5;1,291802305
27216;1;1;1; ;2;1;1;1;2;1;1;7;4; ;2;2;1,291802305
27223;1;1;1; ;1;2;1;1; ;1;1;7;7;16;3;1;1,291802305
27225;1;1;1; ;1;1;1;1;1;1;1;2;5;15;2;3;1,291802305
27236;1;1;1; ;1;1;1;1;1;1;1;6;6;13;1;1;1,291802305
27257;1;1;1; ;1;1;1;1;2;1;1;4;6;12;4;4;1,291802305
32016;1;1;1; ;1;2;2;1;1;1;1;7;6;13;3;3;1,291802305
32105;1;1;1; ;1;1;2;1;1;1;1;4;4;8;4;4;1,291802305
32111;1;1;1; ;1;1;1;1;2;1;1;4;4;15;4;2;1,291802305
32128;1;1;1; ;1;1;1;1;1;1;3;5;8;15;4;4;1,291802305
32135;1;1;1; ;1;2;3;1;2;1;2;3;8; ;1;1;1,291802305
32225;1;1;1; ;2;2;2;1;2;1;3;7;8; ;2;1;1,291802305
32314;1;1;1; ;1;1;1;1;2;1;3;6;9;17;5;1;1,291802305
32317;1;1;1; ;1;1;1;1;2;1;1;6;6;14;2;2;1,291802305
32344;1; ;1; ;1;1;1;1;1;1;1;6;6;11;2;1;1,291802305
32362;1;1;1; ;2;1;1;1;1;1;1;2;2;15;1;1;1,291802305
32372;1;1;1; ;1;1;1;1;1;1;1;6;6;11;5;5;1,291802305
32374;1;1;1; ;1;1;1;1;2;7;1;9;2;14;5;1;1,291802305
32382;1;1;1; ;2;1;1;1;2;7;1;9;6;16;1;2;1,291802305
32406;1; ;1; ;1;1;1;1;2;1;1;6;5;12;1;2;1,291802305
10806;1;1;1; ;1;1;1;1;1;1;1;7;7;15;3;3;1,292115122
1109;1;1;1; ;1;2;3;1;2;2;1; ; ;10;5;2;1,292928944
1123;1;1;2; ;2;2;2;1;5;4;1;8;6;16;4;4;1,292928944
1132;1;2; ;1;1;3;3;1;2;1;2;7;8;15; ; ;1,292928944
13575;1;1;2; ;2;1;1;1;1;1;1;7;7;14;4;4;1,292928944
23249;1;1;1; ;1;1;1;1;2;1;1;4;5;15;5;5;1,292928944
23260;1;1;1; ;2;2;2;1;2;1;6;2;8;16; ; ;1,292928944
36817;2;1;1; ;1;1;1;1;2;1;4;2;6;15;1;1;1,294204266
1395;2;1;1; ;1;1;1;1;1;1;1;7;5; ;1;1;1,294596261
1413;2;1;1; ;1;1;1;1;1;1;1;4;4;15;3;3;1,294596261
1428;2; ;1; ;1;1;2;1;1;1;1; ; ;15;4;2;1,294596261
5331;2; ;1; ;2;1;1;1;1;1;1;2;6;15;1;5;1,294596261
5333;2;1;1; ;2;2;1;1;1;1;1;7;6;16;3;3;1,294596261
5341;2;1;1; ;1;1;1;1;1;1;1;6;6; ;1;1;1,294596261
5348;2;1;1; ;1;1;1;1;1;1;1;2;4;15;5;2;1,294596261
8767;2;1;3; ;2;1;1;1;1;1;1;4;4;13;4;2;1,294596261
8786;2;1;1; ;1;1;1;1;1;1;1;4;6;25;3;3;1,294596261
9069;2;1;1; ;1;1;1;1;1;1;1;4;4;15;3;3;1,294596261
9071;2;1;1; ;2;1;1;1;2;1;1;6;6;16;5;3;1,294596261
9074;2;1;1; ;2;1;2;1;1;1;1;6;6;16;3;2;1,294596261
9076;2; ;1; ;2;1;1;1;4;7;4;9;5; ; ;5;1,294596261
9080;2;1;1; ;1;1;1;1;1;1;1;6;6; ;1;1;1,294596261
9099;2;1;1; ;1;1;1;1;1;1;1;4;5;16;2;2;1,294596261
9114;2;1;1; ;1;1;1;1;1;1;3;7;8; ;1;1;1,294596261
9134;2;1;1; ;1;1;1;1;1;1;1;4;6;14;5;5;1,294596261
9137;2; ;1; ;1;1;1;1;1;1;1;5;5;15;2;2;1,294596261
9145;2; ;1; ;2;1;1;1;1;3;1;8;6;15;5;5;1,294596261
9147;2; ;1; ;2;1;1;1;2;1;1;2;2;16;3;3;1,294596261
9790;2;1;1; ;2;2;1;1;2; ;6; ;6; ;1;1;1,294596261
12285;2;1;1; ;1;1;1;1;1;1;1;7;7;15;3;3;1,294596261
12289;2;1;1; ;1;1;1;1;1;1;1;4;6;14;5;1;1,294596261
12311;2;1;1; ;1;1;1;1;1;1;4;7;8; ;1;1;1,294596261
12323;2;1;1; ;2;1;1;1;1;1;1;6;6;16;4;4;1,294596261
13063;2;1;1; ;2;1;1;1;1;1;1;2;6;16;5;4;1,294596261
13076;2;1;1; ;1;1;2;1;2;1;1;5;5;13;2;2;1,294596261
14626;2;1;1; ;1;2;2;1;1;1;1;7;5;15;2;2;1,294596261
14633;2;1;1; ;1;1;1;1;1;1;1;4;4;17;2;2;1,294596261
14635;2;1;1; ;1;1;1;1;1;1;1;5;5;15;2;2;1,294596261
15151;2;1;1; ;1;1;1;1;1;1;1;6;6; ;1;1;1,294596261
15162;2;1;3; ;1;1;1;1;2;1;1;4;4;13;4;4;1,294596261
15176;2; ;1; ;2;2;3;1;4;1;7; ;9;17;2;1;1,294596261
15196;2;1;1; ;2;1;1;1;1;1;1;7;6;17;2;1;1,294596261
15221;2;1;1; ;1;1;1;1;1;1;1;3;6;16;4;1;1,294596261
15366;2;1;1; ;1;1;1;1;1;1;1;4;2;15;3;2;1,294596261
16336;2;1;1; ;1;1;1;1;1;1;1;7;7; ;4;3;1,294596261
16339;2;1;1; ;1;1;1;1;1;5;1;8;7; ;1;1;1,294596261
16454;2;1;1; ;1;1;2;1;1;1;1;2;5;15;2;2;1,294596261
16545;2; ;1; ;2;1;1;1;1;1;1;6;6;14;3;3;1,294596261
16556;2;1;1; ;1;1;1;1;1;1;1;2;4; ;1;1;1,294596261
16559;2; ;1; ;1;1;1;1;4;7;1;9;6;15; ;2;1,294596261
16565;2; ;1; ;1;1;1;1;1;1;1;2;4;15;3;3;1,294596261
16575;2;1;1; ;1;1;1;1;1;1;1;2;2;15;2;2;1,294596261
16582;2;1;1; ;2;1;1;1;2;2;1;8;6;15;5;3;1,294596261
17997;2;1;1; ;1;1;1;1;2;1;1;6; ; ; ; ;1,294596261
19593;2;1;1; ;2;1;1;1;1;1;3;4;4;13;1;1;1,294596261
19605;2;1;1; ;1;1;1;1;1;1;1; ; ;14;4;3;1,294596261
19608;2;1; ;4;2;1;2;1;1;1;1;2;4; ;1;1;1,294596261
19635;2;1;1; ;2;1;1;1;2;5;3;2;6; ;1;1;1,294596261
19838;2;1;1; ;1;1;2;1;2;1;1;2;6;14;5;1;1,294596261
19839;2;1;2; ;1;1;1;1;2;7;1;9;6;14; ;2;1,294596261
19843;2;1;1; ;1;1;1;1;1;5;1;8;6;16;5;5;1,294596261
19847;2;1;1; ;2;2;2;1;1;1;1;7;5;15;4;4;1,294596261
19931;2;1;1; ;1;1;1;1;2;1;1;6;6;17;4;3;1,294596261
19945;2; ; ;4;2;1;1;1;2;1;1;3; ; ;2;1;1,294596261
19949;2;1;1; ;1;1;1;1;1;1;2;4;8;10;3;3;1,294596261
19957;2;1;1; ;1;1;1;1;1;1;1;4;4;13;4;3;1,294596261
21389;2;1;1; ;1;1;1;1;1;1;1;5;5;14;2;2;1,294596261
21393;2;1;1; ;1;1;1;1;1;5;1;6;6;15;3;3;1,294596261
21404;2;1;2; ;2;1;2;1;2;1;1;4;5; ;1;1;1,294596261
24075;2;1;1; ;2;1;2;1;1;1;1;7;5;17; ; ;1,294596261
24079;2; ;1; ;2;1;1;1;1;1;1;6;6;15;4;4;1,294596261
24089;2;1;1; ;1;1;1;1;1;1;1;6;6;14;4;3;1,294596261
27839;2;1;1; ;1;1;2;1;1;1;1;4;6;14;2;1;1,294596261
27841;2;1;2; ;2;1;1;1;1;5;2;8;8; ;1;1;1,294596261
27845;2;1; ; ;1;1;2;1;1;1;1;7;7; ;1;1;1,294596261
27867;2;1;1; ;1;1;1;1;1;1;1;4;5;15;4;4;1,294596261
30993;2;1;1; ;1;1;1;1;2;1;1;6;2; ;1;1;1,294596261
31021;2; ;1; ;1;1;1;1;1;1;5;4;8;14;4;4;1,294596261
33261;2;1;1; ;1;1;1;1;2;1;1;5;5;12;4;3;1,294596261
33266;2;1;1; ;1;1;1;4;1;3;1;8;4;11;5;5;1,294596261
33280;2;1;1; ;1;1;1;1;1;1;3;2;8;15;3;2;1,294596261
33299;2;1;1; ;1;2;2;1;1;1;1;5;5;16;2;2;1,294596261
37385;2;1;1; ;1;1;1;1;1;1;1;6;2;15;3;1;1,294596261
37388;2;1;1; ;2;2;2;1;1;5;1;8;6; ;1;1;1,294596261
37394;2;1;1; ;1;1;1;1;2;1;1;2;6;12;2;4;1,294596261
37399;2;1;1; ;2;2;2;1;1;2;1;8; ; ;1; ;1,294596261
37453;2;1;1; ;1;1;1;1;1;1;1;4;5;15;3;3;1,294596261
37456;2; ;1; ;1;1;2;1;1;5;1;8;4;13;4;2;1,294596261
37461;2;1;1; ;1;1;1;1;2;1;1;5;2;16;1;4;1,294596261
37468;2;1;1; ;1;1;1;1;1;1;1;4;4;14;3;3;1,294596261
37477;2;1;3; ;1;1;1;4;2;6;1; ;5;8; ;4;1,294596261
37555;2;1;1; ;1;1;1;1;1;1;3;4;8;12;2;2;1,294596261
37558;2;1;1; ;1;1;1;1;1;1;1;4;4;14;5;4;1,294596261
37565;2;1;1; ;1;1;2;1;2;1;1;4;4;13;4;4;1,294596261
37577;2;1;1; ;1;1;1;1;1;1;1;7;6;15;3;3;1,294596261
37584;2;1;1; ;1;1;1;1;2;1;1;6;6;14;4;1;1,294596261
37586;2;1;1; ;1;1;1;1;2;1;1;6;6; ;4;3;1,294596261
42951;2;1;1; ;1;1;1;1;1;1;1; ;5;17;3;3;1,294596261
42962;2;1;1; ;1;1;1;1;1;1;2;4;4;16;3;3;1,294596261
42969;2;1;1; ;1;1;1;1;2;1;1;2;6;15;5;5;1,294596261
42986;2;1;1; ;2;1;1;1;1;1;1;4;4;16;1;1;1,294596261
43047;2;1;1; ;1;2; ;1;1;1;1;6;6;15;2;2;1,294596261
43050;2;1;1; ;1;2;2;1;1;1;1;2;4;10;3;2;1,294596261
43058;2;1;1; ;1;1;1;1;1;1;1;4;4;13;4;4;1,294596261
43066;2;1;3; ;1;1;1;1;2;1;1;7;2;16;4;4;1,294596261
43082;2;1;1; ;1;1;1;1;2;1;1;4;4;11;5;5;1,294596261
43105;2;1;1; ;1;1;1;1;2;1;1;7;5;14;4;4;1,294596261
43107;2;1;1; ;1;1;1;1;2;6;1;2;4;15;3;3;1,294596261
43114;2;1;1; ;1;1;1;1;1;1;3;3;8;14;5;4;1,294596261
43126;2;1;1; ;1;1;1;1;1;1;1;2;4;15;4;3;1,294596261
43140;2;1;1; ;1;1;1;1;1;1;1;4;4;15;3;2;1,294596261
44754;2;1;1; ;1;1;1;1;1;1;3;4;8; ;1;1;1,294596261
44778;2;1;1; ;1;1;1;1;1;1;3;6;8; ;1;1;1,294596261
44779;2;1;1; ;1;1;3;1;1;1;1;4;6;16;4;3;1,294596261
2880;2;1;2; ;1;1;2;1;1;2;2;8;8;15;4;4;1,295315557
10141;2;1;1; ;1;1;1;1;1;1;2; ; ;12; ; ;1,295315557
10146;2;1;1; ;2;1;1;1;1;1;1;2;2;15;4;2;1,295315557
22690;2;1;1; ;1;1;1;1;1;1;1;4;6;14;5;1;1,295315557
1720;1;1;1; ;1;1;1;1;1;1;1;5;4;15;2;2;1,295846966
1983;1;1;2; ;2;1;1;4;2;1;1;7;6; ;5;1;1,295846966
2724;1;1;1; ;2;1;1;1;4;7;7;9;9; ; ; ;1,295846966
2727;1;1;2; ;1;2;2;1;1;1;1;2;2;14;4;4;1,295846966
5387;1;1;1; ;1;1;1;1;2;2;4;8;7;16;1;2;1,295846966
5392;1; ;1; ;2;1;1;1;1;1;2;2;8;15;3; ;1,295846966
5400;1;1;1; ;2;1;1;1;1;1;1;3;6;12;5;5;1,295846966
5501;1;2; ;2;2;1;2;1;2;5;1;8;5;15;4;2;1,295846966
14783;1;1;1; ;1;2;1;2;1;1;1;7;6;15;4;4;1,295846966
14795;1;1;1; ;2;2;2;1;1;1;1;7;5;17;1;1;1,295846966
20592;1;1;1; ;1;1;1;2;1;1;1;2;6;15;4;4;1,295846966
23545;1;1;1; ;2;1;3;1;2;1;1;4;4;15;1;2;1,295846966
27668;1;1;1; ;1;1;1;1;2;1;1;7;6;14;4;4;1,295846966
36841;1;1;1; ;1;1;1;1;4;7;1;9;6;15; ;1;1,295846966
42465;1; ;1; ;2;3;2;1;2;1;2;7;8;12; ; ;1,295846966
42467;1; ;1; ;2;1;2;1;1;2;1;8;1;16;1;1;1,295846966
42482;1;1;1; ;2;2;1;1;1;1;1;2;6;8;5;4;1,295846966
42485;1;1;1; ;2;1;2;1;1;1;1;2;2;16;4;2;1,295846966
42495;1;1;1; ;2;1;1;1;2;1;3;3;8;15;1;1;1,295846966
275;1;1;1; ;2;1;2;1;1;1;1;4;4;17;3;3;1,29741347
982;1;1;1; ;1;1;1;1;1;1;1;7;7;14;3;3;1,29741347
23296;1;1;1; ;1;1;1;1;1;1;3;7;8;15;1;1;1,29741347
27207;1;1;1; ;1;1;1;1;1;2;1;8;6;10;5;1;1,29741347
32032;1;1;1; ;1;1;1;1;1;1;3;4;8;14;4;1;1,29741347
32218;1;1;2; ;1;1;1;1;2;1;4;7;8;13;4;4;1,29741347
32327;1;1;1; ;2;1;1;1;1;5;1; ; ;15;4;4;1,29741347
32347;1;1;1; ;1;1;1;4;1;1;1;7;6;16; ; ;1,29741347
32354;1;1;1; ;1;1;1;1;1;1;1;2;4;15;4;4;1,29741347
32381;1;1;2; ;2;1;2;1;1;1;1;7;7;14;5;1;1,29741347
32385;1;1;1; ;1;1;1;1;1;1;1;7;7;16;5;1;1,29741347
27653;2;1;1; ;1;1;1;1;1;1;1;6;6;13;1;1;1,299825864
1422;2;1;1; ;1;1;1;1;2;2;1;8;3;13;5;4;1,300219561
5338;2;1;1; ;2;1;1;1;2;1;1;5;4;15;4;4;1,300219561
9085;2;1;1; ;1;1;1;1;1;1;1;6;6;16;1;1;1,300219561
9100;2;1;1; ;1;1;1;1;2;1;1;5;4;13;5;5;1,300219561
9130;2;1;1; ;1;1;1;1;1;1;2;4;8;14;3;3;1,300219561
13041;2; ;1; ;1;1;1;1;1;1;1;7;6;15;3;1;1,300219561
13042;2;1;1; ;1;1;1;1;1;1;1;3;5;14;4;4;1,300219561
15382;2;1;1; ;1;1;1;1;1;1;1;2;5;14;4;3;1,300219561
16332;2;1;1; ;1;1;1;1;1;1;1;4;4;14;4;4;1,300219561
16566;2;1;1; ;1;1;1;1;2;1;1;4;6;15;4;2;1,300219561
19972;2;1;1; ;1;1;1;1;1;1;1;3;6;14;2;2;1,300219561
24053;2;1;1; ;1;1;1;1;1;1;1;4;4;15;2;2;1,300219561
27846;2;1;1; ;1;1;1;1;4;7;1;9;3;15; ;4;1,300219561
27851;2;1;1; ;1;1;1;1;1;1;1;4;5;16;4;4;1,300219561
28324;2;1;1; ;1;1;1;1;2;1;3;2;8;14;5;1;1,300219561
31015;2;1;1; ;1;1;1;1;1;1;3;3;8;14;5;1;1,300219561
37398;2;1;1; ;1;1;1;1;2;1;1;4;6;15;5;4;1,300219561
43119;2;1;1; ;1;1;1;1;1;1;1;4;4; ;2;2;1,300219561
43154;2;1;1; ;1;1;1;1;1;2;1;8;2;14;3;2;1,300219561
6047;2;1;1; ;1;1;1;1;4;1;7;7;9;6; ; ;1,300458453
36437;2;2; ;4;1;1;1;4;2;1;3;6;8;15;1;1;1,302770901
44142;2;1;1; ;1;1;1;1;2;2;1;8;6;13;3;4;1,302770901
3313;1;1;1; ;2;1;1;1;2;2;1;6;6;8;4;4;1,304005846
35340;1;1;2; ;1;1;1;1;1;1;1;4;4;14;1;3;1,304005846
36755;1;1;1; ;1;2;3; ;1;1;1;2;7;14;3; ;1,304005846
36737;1;1;1; ;1;2;2;1;1;1;1;7;6;15;3;2;1,309670018
13865;2;1;1; ;2;1;1;1;1;1;1; ; ; ;4;4;1,310097011
10204;1; ;1; ;1;1;1;1;1;1;1;7;5; ;1;1;1,311486935
10218;1;1;1; ;1;1;1;2;1;1;1;7;6;15;3;2;1,311486935
10219;1;1;2; ;1;1;2;1;1;1;1;4;6;15;2;2;1,311486935
10225;1;1;1; ;1;1;2;1;2;1;3;7;6;14;4;1;1,311486935
10232;1;1;1; ;1;2;2;2;1;1;1;6;6;16;3;3;1,311486935
10239;1;1;1; ;1;1;1;1;1;1;1;7;7;15;3;3;1,311486935
10789;1;1;1; ;2;2;1;4;2;4;1;9;2;16;1;1;1,311486935
10794;1;1;1; ;1;1;1;1;1;1;1;6;6;15;2;2;1,311486935
10805;1;1;1; ;1;1;1;1;2;1;4;7;8;15;1;1;1,311486935
40175;1;1;1; ;2;1;2;1;1;2;1;8;7;17;2;2;1,311486935
40375;1;1;1; ;1;1;1;1;2;1;1;1;6;14;4;3;1,311486935
507;2; ;1; ;1;1;1;1;1;1;1;5;5;14;2;2;1,3136074
521;2;1;1; ;1;1;1;1;1;1;1;7;5;15;4;4;1,3136074
524;2;1;2; ;2;2;1;1;2;1;2; ; ;16; ; ;1,3136074
528;2;1;1; ;1;1;1;1;1;1;1;4;6;15;4;4;1,3136074
544;2;1;1; ;1;1;1;1;1;1;3;6; ;15;2;2;1,3136074
1718;2;1;1; ;1;1;1;1;2;1;1;7;6;17;3;3;1,3136074
1731;2;1;1; ;1;1;1;1;1;1;1;3;6;10;5;5;1,3136074
1742;2;1;1; ;1;1;1;1;1;1;1;6;6;15;1;1;1,3136074
1745;2;1;1; ;1;1;1;1;1;2;1;8;5;15;4;3;1,3136074
1984;2;1;1; ;1;1;1;1;2;1;1;6;6;14;1;2;1,3136074
1994;2;1;1; ;1;1;1;1;2;1;1;5;6;14;4;4;1,3136074
1996;2;1;1; ;1;1;1;1;1;1;1;4;6;15;2;2;1,3136074
2005;2;1;1; ;1;1;1;1;2;1;1;4;6;15;4;5;1,3136074
2012;2; ;1; ;1;1;1;1;1;1;1;4;5;12;2;2;1,3136074
2712;2;1;1; ;1;1;2;1;1;1;1;4;5;13;5;5;1,3136074
2717;2; ;1; ;2;2;3;2;2;1;1; ; ; ;4;4;1,3136074
2732;2;1;1; ;2;1;2;1;2;1;4;6;8;14;2;1;1,3136074
2746;2;1;1; ;1;1;1;1;1;1;1;4;4; ;4;4;1,3136074
5361;2; ;1; ;2;1;1;1;1;1;1;6;6; ;2;2;1,3136074
5375;2;1;1; ;1;1;1;1;1;1;1; ; ;14;2;2;1,3136074
5379;2;1;1; ;1;1;1;1;1;1;1;7;4;15;4;4;1,3136074
5396;2;1;1; ;1;1;1;1;1;1;1;6;4;15;5;4;1,3136074
5403;2; ;1; ;1;2;2;1;5;1;1;5;4;16;2;2;1,3136074
5442;2;1;1; ;1;1;1;2;2;1;1;5;5;15;2;4;1,3136074
5494;2;1;1; ;1;2;2;1;1;3;1;8;6; ;1;1;1,3136074
5497;2;1;1; ;1;1;1;1;1;1;1;4;5;15;4;4;1,3136074
5509;2;1;1; ;1;1;1;1;2;1;2;7;5;13;5;5;1,3136074
5511;2;1;1; ;1;1;1;1;1;1;1;6;4;16;3;3;1,3136074
5521;2;1;1; ;1;1;1;1;2;1;1;2;6;17;2;2;1,3136074
14759;2;1;1; ;1;1;1;1;2;1;1;6;6;16;2;1;1,3136074
14762;2; ;1; ;2;2;1;1;4; ;2; ;8;15; ;4;1,3136074
14763;2;1;1; ;1;2;3;1;1;1;1;5;6;16;5;5;1,3136074
14769;2;1;1; ;1;2;1;1;4; ;1; ;6;16; ;2;1,3136074
14772;2;1;1; ;1;1;1;1;1;5;2; ; ; ;1;1;1,3136074
14787;2;1;1; ;1;2;1;1;2;1;1; ; ;11;2;2;1,3136074
14798;2;1;1; ;2;2;3;1;1;5;4;7;8; ;5;5;1,3136074
20563;2;1;1; ;1;1;1;1;2;1;1;7;7;16;5;2;1,3136074
20571;2;1;1; ;1;1;1;1;1;1;1;6;6;10;2;2;1,3136074
20580;2;1;1; ;1;1;1;1;1;1;1;5;6;15;3;3;1,3136074
20584;2;1;1; ;1;1;1;1;1;1;1;4;4;15;2;1;1,3136074
20597;2;1;1; ;1;1;1;1;1;4;1;6;5;16;1;1;1,3136074
23531;2;1;3; ;1;1;3;1;1;1;1;7; ;17;2;2;1,3136074
23542;2; ;1; ;1;1;1;1;5;6;3;9;8; ;5;2;1,3136074
23550;2; ;1; ;1;1;1;1;1;1;1;6;6;12;1;1;1,3136074
27667;2;1;1; ;1;1;1;1;1;1;1;5;5; ;3;3;1,3136074
27678;2;1;1; ;1;2;2;1;1;1;1;1;1; ;5;1;1,3136074
36090;2;1;2; ;1;1;1;4;2;1;3; ;8;15;4;4;1,3136074
36770;2;1;1; ;2;1;1;1;2; ;1; ; ;15; ;4;1,3136074
36810;2;1;1; ;1;1;1;1;1;1;3;4;8;17;2;2;1,3136074
36822;2;1;1; ;2;1;1;1;2;4;3;6; ; ;1;1;1,3136074
36836;2;1;1; ;1;1;1;1;1;1;3;4;8;15;4;3;1,3136074
36844;2;1;1; ;1;1;1;1;1;4;2;3;2;14;5;4;1,3136074
36855;2;1;1; ;1;1;1;1;2;1;1;4;5;15;3;3;1,3136074
36860;2;1;1; ;1;1;1;1;1;1; ; ;8; ;2;2;1,3136074
36887;2;1;1; ;1;1;1;1;1;1;1;5;5;15;4;3;1,3136074
36892;2;1;1; ;1;1;1;1;1;1;1;4;4;14;4;4;1,3136074
42475;2;1;1; ;1;1;1;1;1;1;1; ;5;15;4; ;1,3136074
42486;2;1;1; ;1;1;1;1;2;1;1;7;7;12;3;2;1,3136074
42492;2;1;1; ;1;1;1;1;1;1;1;6;6;14;3;3;1,3136074
42501;2;1;1; ;1;1;1;1;1;1;1;6;6;15;4;4;1,3136074
42525;2;1;1; ;1;1;1;1;1;1;3;7;8; ;1;1;1,3136074
42533;2;1;1; ;1;1;1;1;1;1;1;6;6;13;3;2;1,3136074
42536;2;1;1; ;2;1;1;1;1;1;1;4;4; ;1;1;1,3136074
44015;2;1;1; ;1;1;2;1;1;1;1;7;7; ;1;1;1,3136074
4067;2;1;1; ;2;1;1;1;1;4;4; ;8;14;1;1;1,315566229
12234;2; ;1; ;1;1;1;1;2;1;1;6;2;15;2;3;1,315787642
10208;1;1;2; ;2;1;2;1;1;1;1; ;6;17;1;1;1,317183603
10222;1;1;1; ;1;1;2;1;2;1;1;2;6;15;5;3;1,317183603
40169;1;2; ;4;1;2;2;1;1;1;3;6; ;16;2;1;1,317183603
517;2;1;1; ;1;1;1;1;1;1;1; ; ;14;1;1;1,319313279
1990;2;1;1; ;1;1;1;1;1;1;1;2;2;14;1;1;1,319313279
2016;2;1;1; ;1;1;1;1;1;1;1;5;5;14;4;4;1,319313279
2736;2;1;1; ;2;2;2;1;1;2;3;7;7;16;1;2;1,319313279
2748;2;1;1; ;1;1;1;1;1;1;1;7;6;15;5;5;1,319313279
5368;2; ;1; ;2;2;2;1;1;1;2;3;8;14;1;1;1,319313279
5370;2; ;1; ;1;1;1;1;2;1;1;6;4;13;2;1;1,319313279
5519;2;1;1; ;1;1;1;1;2;1;1;3;3;16;4;4;1,319313279
14793;2;1;1; ;1;1;1;1;1;1;4;2; ;17;3;3;1,319313279
20562;2; ;1; ;2;1;1;1;4;7;3;9;8;13;4;1;1,319313279
23547;2;1;1; ;1;1;1;1;1;1;1;4;4; ;4;4;1,319313279
27642;2;1;1; ;1;1;1;1;1;1;1;4;4;12;3;3;1,319313279
27657;2;1;1; ;2;1;1;1;1;1;1;2;6;15;2;2;1,319313279
27664;2;1;1; ;1;1;1;1;1;1;1;2;5;15;5;5;1,319313279
27676;2;1;1; ;2;2;2;1;2;1;1;9;6;16;5;4;1,319313279
36797;2;1;1; ;1;1;1;1;1;1;3;7;6;14;1;1;1,319313279
36827;2;1;1; ;1;1;1;1;2;1;1;6;7;15;5;3;1,319313279
36830;2;1;1; ;2;2;2;2;2;1;6;7;9;15;2; ;1,319313279
36839;2;1;1; ;1;2;2;1;2;1;1;7; ;12;5;4;1,319313279
36886;2;1;1; ;2;1;1;1;1;1;1; ; ;16;4;3;1,319313279
42480;2; ;2; ;2;2;3;1;1;2;1; ; ;15;2;1;1,319313279
42528;2;1;1; ;1;1;1;1;1;2;1;8;6;15;3;3;1,319313279
42539;2;1;2; ;2; ;1;1;4;7;1;9;2;17; ; ;1,319313279
4799;2; ;1; ;1;1;1;1;1;1;1;5;5; ;2;2;1,319955352
4816;2;1;1; ;1;1;1;1;1;1;1;7;6;15;3;2;1,319955352
4827;2;1;1; ;1;1;1;1;4;7;1;9;5;15;1;2;1,319955352
6031;2;1;1; ;1;1;1;1;1;1;1;7;5;15;4;4;1,319955352
6044;2;1;1; ;1;1;1;1;1;1; ;4;6;15;3;1;1,319955352
6046;2;1;1; ;1;1;1;1;1;1;1;7;6;15;1;1;1,319955352
6057;2; ;1; ;1;1;1;1;1;1;1;6;4;15;2;1;1,319955352
6069;2;1;1; ;1;1;1;1;1;1;1;4;4;15;3;3;1,319955352
6075;2;1;1; ;2;1;1;1;1;1;1;7;5; ;1;1;1,319955352
6078;2;1;1; ;1;1;1;1;2;2;2;8;8; ;1;1;1,319955352
7417;2;1;1; ;1;1;1;1;1;1;4;7;5; ;1;1;1,319955352
7442;2;1;1; ;2;1;1;1;1;1;1;2;6;15;4;4;1,319955352
7449;2;1;1; ;2;1;1;1;2;1;7; ;9; ;2; ;1,319955352
7451;2;1;1; ;1;1;1;1;1;1;1;5;6;15;1;2;1,319955352
7460;2;1;1; ;1;1;1;1;2;1;1;6;6;16;2;3;1,319955352
8146;2;1;1; ;2;1;1;1;2;1;1;4;5; ;2;1;1,319955352
8151;2;1;1; ;2;3;3;1;1;1;1;5;5;16;1;1;1,319955352
8158;2;1;1; ;1;1;2;1;1;1;1;6;6;16;1;1;1,319955352
8160;2; ;1; ;1;2;2;1;2;1;1;4;2;15;1;5;1,319955352
8171;2;1;1; ;1;1;1;1;1;1;1;4;5;15;5;5;1,319955352
8177;2;1;1; ;2;3;3;1;1;1;1;2;6;16;5;5;1,319955352
8307;2;1;2; ;2;1;1;1;1;4;1;8;6;18;3;1;1,319955352
8309;2;1;1; ;1;1;1;1;1;1;1;2;6;13;4;4;1,319955352
8318;2;1;1; ;1;1;2;1;1;1;1;7;7;16;3;1;1,319955352
14027;2;2; ;2;1;1;1;1;2;1;2;6;8; ;1;1;1,319955352
14033;2;1;1; ;1;1;1;1;1;1;1;2;4;12;4;4;1,319955352
14043;2;1;1; ;1;1;1;1;2;2;1;7;6; ;5;5;1,319955352
14060;2;1;2; ;1;2;2;1;2;6;1;9;6; ; ;1;1,319955352
20771;2;1;1; ;1;1;1;1;2;1;1;2; ;14;5;5;1,319955352
20775;2;1;1; ;2;1;1;1;2;1;1;7;7;13;1;4;1,319955352
20782;2;1;3; ;1;1;1;1;1;1;1;7;6;16;1;2;1,319955352
20784;2;1;1; ;1;1;1;1;1;2;1;8;2;15;2;5;1,319955352
22276;2;1;1; ;1;1;1;1;2;1;1;7;7;16;2;1;1,319955352
22279;2;1;1; ;1;1;1;1;1;5;1;7;5;13;3;3;1,319955352
22289;2;1;1; ;1;1;1;1;1;1;1;4;4;2;4;3;1,319955352
22292;2;1;1; ;1;1;1;1;1;1;1;4;4;15;5;4;1,319955352
22294;2;1;1; ;1;1;1;1;1;1;1;2;6;16;3;2;1,319955352
22306;2;1;1; ;2;1;1;1;2;1;1;6;6;16;5;3;1,319955352
22312;2;1;1; ;1;1;1;1;1;5;1; ;4;13;5;4;1,319955352
22593;2;1;1; ;1;1;1;1;2;1;1;6;6;12;5;3;1,319955352
22599;2;1;1; ;1;1;1;1;2;1;1;7;7;14;2;2;1,319955352
22627;2;1;1; ;1;1;1;1;1;1;1;4;5;16;5;4;1,319955352
22630;2;1;1; ;2;1;1;2;1;1;1;7;6;16;4;4;1,319955352
22733;2;1;1; ;1;1;1;1;1;1;1;4;4;14;4;4;1,319955352
22735;2;1;1; ;1;1;1;1;1;2;1;7;2; ;1;1;1,319955352
22749;2;1;1; ;1;1;1;1;2;1;1;6;6;13;3;4;1,319955352
22753;2;1;1; ;1;1;1;1;2;1;1;7;6;15;3;3;1,319955352
22754;2;1;1; ;1;1;1;1;1;1;1;4;5;12;4;4;1,319955352
22766;2;1;1; ;1;1;1;1;2;1;3;2;8;15;5;5;1,319955352
23201;2;1;1; ;1;1;1;1;1;1;3;7;8; ;1;1;1,319955352
25216;2; ;1; ;1;1;1;1;1;1;1;4;4;15;1;1;1,319955352
25218;2;1;1; ;1;2;2;1;4;1;7;7;9;16;2; ;1,319955352
25219;2;1;1; ;1;1;1;1;1;1;1;5;5;10;4;2;1,319955352
31253;2;1;1; ;2;2;2;1;1;1;1;7; ; ;1;1;1,319955352
31257;2; ;1; ;1;1;1;1;2;3;1;5;4;13;1;3;1,319955352
31264;2;1;1; ;2;2;3;1;1;5;1; ;7;16;1;1;1,319955352
31276;2; ;1; ;1;1;1;1;1;1;1;4;5; ;5;5;1,319955352
31281;2;1;1; ;1;1;2;1;1;1;1;1;7;10;5;1;1,319955352
43750;2;1;1; ;1;1;1;1;1;1;1;6;6;15;2;2;1,319955352
43763;2;1;2; ;1;2;2;1;1;1;3;6; ;13;2; ;1,319955352
43772;2;1;1; ;2;1;1;1;2;6;2;9;9; ;1;1;1,319955352
43777;2;1;1; ;1;1;1;1;1;1;1;6;6; ;5;2;1,319955352
43779;2;1;1; ;2;1;1;1;2;6;1;8;2; ; ;1;1,319955352
43781;2;1;1; ;1;1;1;1;1;5;1;8;6; ;1;1;1,319955352
3330;1;1;1; ;1;2;2;1;2;1;1;6;6; ;1;1;1,323555928
3331;1;1;2; ;2;1;1;1;2;1;1;2;6;16;1;1;1,323555928
25492;1;1;1; ;1;1;1;1;1;1;1;4;4;15;4;4;1,323555928
25738;1;1;1; ;1;1;1;1;1;1;1;6;6;16;4;3;1,323555928
25745;1; ;1; ;1;1;1;1;2;6;1; ;5; ; ;1;1,323555928
25752;1;1;1; ;1;3;2;1;1;1;1; ; ;16;3;4;1,323555928
25754;1; ;2; ;2;3;3;2;2;1;1;2;6;15; ; ;1,323555928
25756;1;1;1; ;2;1;1;1;1;1;1;6;6; ;1;1;1,323555928
25779;1;1;1; ;2;1;2;1;1;1;1;4;4;7;3;3;1,323555928
25802;1;1;1; ;1;1;1;1;1;1;3;4; ;14;2;2;1,323555928
25804;1;1;1; ;1;1;1;1;1;1;1;4;4;15;3;2;1,323555928
25827;1; ;1; ;1;1;2;1;1;1;2;7;8; ;2;2;1,323555928
25861;1;1;1; ;2;1;1;1;4; ;1; ;5;12; ;2;1,323555928
25887;1;1;2; ;2;2;2;1;2;1;1;7;6;13;3;1;1,323555928
25945;1;1;1; ;1;2;2;1;1;1; ;2;2; ;1;1;1,323555928
26482;1;1;1; ;1;1;1;1;1;1;1;6;6;16;1;3;1,323555928
26496;1;1;1; ;1;1;1;1;2;5;1;5;5;13;4;4;1,323555928
26497;1;1;1; ;2;2;1;1;1;1;1; ; ;16;4;4;1,323555928
26513;1;1;1; ;1;1;1;1;1;1;1;4;4;16;5;4;1,323555928
28650;1;1;1; ;1;1;1;1;1;1;1; ;6; ;4;1;1,323555928
28663;1;1;1; ;2;1;1;1;2; ;1;9;6;17;5;2;1,323555928
28676;1;1;1; ;1;1;1;1;4;1; ;4; ;17;1; ;1,323555928
28820;1; ;1; ;2;1;2;1;1;1;1;6;6; ;1;1;1,323555928
28824;1;1;1; ;1;1;1;1;1;1;1;4;4;13;5;5;1,323555928
28835;1;1;1; ;2;1;2;1;1;1;1; ; ;17;4;3;1,323555928
28838;1;1;1; ;1;1;1;1;1;1;1;2;5;15;1;1;1,323555928
28841;1;1;1; ;1; ; ;1;1;1;3;4;8; ; ; ;1,323555928
28845;1;1;1; ;2;1;1;1;1;1;3;7;8;11;2;2;1,323555928
28870;1;1;1; ;1;1;1;1;1;1;1;6;6; ;2;1;1,323555928
28873;1;1;1; ;1;1;1;1;1;1;4;5;8;16;4;4;1,323555928
28879;1;1;1; ;1;1;1;1;1;1;1;6;6;14;2;2;1,323555928
28902;1;1;1; ;2;1;1;1;1;1;1; ; ;14;2;2;1,323555928
32712;1;1;1; ;1;1;1;1;2;1;1;6;5;16;4;3;1,323555928
32718;1;1;1; ;1;1;1;1;1;1;1;4;4;16;2;2;1,323555928
32726;1;1;1; ;1;1;1;1;1;1;2;6;6; ;2;1;1,323555928
32734;1;1;1; ;2;1;1;1;1;1;1;6;5;16;4;5;1,323555928
32737;1;1;1; ;2;1;1;1;1;2;1;8;5; ;1;1;1,323555928
33974;1;1;1; ;1;1;1;1;1;1;3;4;6;14;2;2;1,323555928
34007;1;1;1; ;1;1;1;1;2;1;1; ;6;18;2;2;1,323555928
34071;1;1;1; ;1;1;1;1;2;1;1;4;4; ;1;1;1,323555928
34483;1;1;1; ;1;1;1;1;1;1;1; ; ; ;1;1;1,323555928
34968;1;1;1; ;2; ;2;1;1;1; ;4; ; ;1;1;1,323555928
34985;1;1;1; ;1;1;1;1;1;1;1;5; ; ;1;1;1,323555928
35003;1;2;2;4;2;2;1;1;1;1;1;6; ; ;1;1;1,323555928
35322;1;1;1; ;2;2;1;1;2;1;1;7;6; ;1;1;1,323555928
35325;1;1;1; ;1;1;1;1;2;1;1;7;4;17;1;1;1,323555928
35342;1;1;1; ;1;1;1;1;1;1;1;4;4;12;4;4;1,323555928
36738;1;1;1; ;1;2;2;1;2;1;1;5;4; ;1;1;1,323555928
36746;1;1;1; ;1;1;1;1;2;1;1; ; ;14; ;2;1,323555928
36767;1;1;1; ;1;1;1;1;1;1;1;4;6;7;5;1;1,323555928
38602;1;1;1; ;1;1;1;1;1;1;1;7;6; ;1;1;1,323555928
38612;1;1;1; ;1;1;1;1;1;1;1;7;6;10;5;2;1,323555928
38618;1;1;1; ;1;1;1;1;2;1;1;5;6;14;3;2;1,323555928
38632;1;1;1; ;2;2;1;1;1;1;1;3;6;15;2;2;1,323555928
38642;1; ;1; ;1;1;1;1;1;1;3;7;8; ;1;1;1,323555928
41713;1;1;1; ;2;1;1;1;2;1;1;7;6; ;2;1;1,323555928
41715;1;1;1; ;1;1;2;1;2;1;1;7;6; ;1;1;1,323555928
41720;1;1;1; ;2;1;1;1;1;1;1;2;6;14;2;2;1,323555928
41725;1;1;1; ;1;1;1;1;1;1;1; ; ;15; ; ;1,323555928
41735;1;1;1; ;1;1;2;1;1;1;1;2;6; ;1;1;1,323555928
41743;1;1;1; ;1;1;1;1;2;1;1;6;6;12;3;1;1,323555928
41746;1;1;1; ;1;2;1;1;1;1;2;7; ;16;5;4;1,323555928
41758;1;1;1; ;1;1;2;1;1;1;1;7;7;10; ;2;1,323555928
41761;1;1;1; ;1;1;1;1;2;1;1;6;5;10;4;3;1,323555928
41773;1;1;1; ;1;1;1;1;1;1;1; ;4; ; ; ;1,323555928
41777;1;1;2; ;2;2;2;1;1;2;1;8;6; ;2;1;1,323555928
41785;1;1;1; ;1;1;2;1;2;7;1; ;5; ; ;2;1,323555928
41788;1;1;1; ;1;1;1;1;1;1;1;4;4;16;2;2;1,323555928
41798;1;1;1; ;2;2;2;1;1;1;1;2;5;15;4;3;1,323555928
41801;1;1;1; ;2;1;1;1;4; ;1;9;6; ;1; ;1,323555928
44806;1;1;1; ;1;1;1;1;2;1;1;6;6;10;2;2;1,323555928
44808;1;1;1; ;2;3;1;1;2;1;1;2; ;16;2;2;1,323555928
44814;1;1;1; ;1;1;1;1;2;1;1;4;7;15;5;1;1,323555928
44828;1;1;1; ;1;1;2;1;1;1;1;2;6;5;3;3;1,323555928
45406;1;1;1; ;1;1;1;1;1;1;1;4;4;15;3;3;1,323555928
4822;2;1;1; ;1;1;2;1;1;1;1;6;6;15;4;4;1,325688804
6050;2;1;1; ;1;1;1;1;1;2;2;4;4;12;5;5;1,325688804
7426;2;1;1; ;1;1;2;1;2;1;1;7;6;13;2;1;1,325688804
7437;2;1; ; ;2;2;3; ;2;1;4; ; ;15;5;2;1,325688804
8156;2;1;1; ;1;1;1;1;1;1;3;4;9;14;1;1;1,325688804
8161;2;1;1; ;1;1;1;1;2;1;3;6;8; ;2;3;1,325688804
8317;2; ;1; ;2;1;2;1;1;1;1;2;2;15;1;1;1,325688804
8327;2;1;2; ;1;1;1;1;4;1;7;3;9;14;4; ;1,325688804
14016;2; ;1; ;1;1;1;1;1;1;3;7;8;15;2;2;1,325688804
14045;2;1;1; ;1;1;1;1;1;1;3; ; ;14;3;2;1,325688804
20780;2;1;1; ;1;1;1;1;1;1;1;6;6;16;3;1;1,325688804
22759;2;1;1; ;1;1;2;1;3;1;1;2;6;16;3;2;1,325688804
25215;2;1;1; ;2;1;1;1;2;1; ;4; ;14;4; ;1,325688804
25246;2;1;1; ;1;1;1;1;1;1;1;6;6;14;4;3;1,325688804
25253;2; ;1; ;2;3;3;1;1;1;1;7;7;14;4;3;1,325688804
31279;2;1;1; ;1;1;1;1;1;1;1; ; ;15;4;2;1,325688804
43791;2;1;1; ;1;1;1;1;1;1;1; ;6;14; ; ;1,325688804
25765;1;2; ;1;2;1;1;1;1;1;1;6;4; ;1;1;1,32930502
25772;1;1;1; ;1;1;1;1;2;6;1; ;4; ;1;1;1,32930502
25778;1;1;1; ;2;1;1;1;2;1;3; ;8; ;1;1;1,32930502
25934;1;1;1; ;1;1;2;1;1;1;1;6;6;12;1;1;1,32930502
28668;1;1;1; ;1;1;1;1;1;1;1; ; ;15;2;2;1,32930502
28832;1;1;1; ;1;1;1;1;1;1;1;6;6;14;1;1;1,32930502
28887;1;1;1; ;2;1;1;1;2;1;1;5;5;13;5;4;1,32930502
32713;1;1;1; ;2;1;1;1;2; ;1;9;6;16;4;4;1,32930502
34010;1;1;1; ;2;1;2;1;1;5;1;8;6;15;4;4;1,32930502
35328;1;1;1; ;1;1;1;1;2;1;1;3;3;14;2;2;1,32930502
36731;1; ;1; ;1;2;1;1;1;1;3;2; ; ;1;1;1,32930502
36750;1; ;1; ;1;2;2;1;1;1;1;2;6;16;3;2;1,32930502
38597;1;1;1; ;1;1;1;2;1;1;1;7;6;15;2;1;1,32930502
41731;1;1;1; ;1;1;1;1;1;1;3;6; ; ;1;1;1,32930502
41741;1;1;1; ;1;1;1;1;4;7;1;9;5;15; ;4;1,32930502
41750;1;1;1; ;1;1;1;1;2;1;1;4;6;14;1;5;1,32930502
3877;2;1;1; ;1;1;1;1;1;1;1;2;1;12;4;4;1,335289629
3882;2;1;1; ;2;2;2;1;1;1;1;6;5;11;4;1;1,335289629
4037;2;1;1; ;1;1;1;1;2;1;1;2;6;15; ;4;1,335289629
4043;2;1;1; ;1;1;2;1;2;1;3;6;8;16;1;1;1,335289629
4055;2;1;1; ;2;2;2;1;1;1;1;7;7;12;5;5;1,335289629
4056;2;1;1; ;2;1;1;1;1;1;1;7;6; ;1;1;1,335289629
4061;2;1;1; ;1;1;1;1;2;1;1;6;4;15;3;2;1,335289629
4071;2;1;1; ;2;1;1;1;2;1;3;7;8;16;4;1;1,335289629
21707;2; ;1; ;1;1;1;1;1;1;1;7;6;16;3;3;1,335289629
21708;2;1;1; ;2;2;3;1;2;1;1;7;6;13;2;1;1,335289629
21711;2;1;1; ;1;1;2;1;1;1;1;6;6; ;4;4;1,335289629
21732;2;1;1; ;1;1;2;1;2;1;1;7;6;15;2;2;1,335289629
44196;2;1;1; ;2;2;2;1;1;1;1;3;6;13;4;3;1,335289629
44255;2; ;1; ;1;1;1;1;1;1;1;7;6;14;3;2;1,335289629
36475;2; ;1; ;1;1;1;1;1;1;1;4;4;15;5;5;1,336179039
12715;1;1;1; ;1;2;3;1;1;1;1;4;2;12;4;4;1,336490451
12738;1;1;1; ;2;2;2;1;1;1;1;7;7;14;2;2;1,336490451
44949;1;1;1; ;1;1;1;1;1;1;1;4;6;14;3;2;1,336490451
4053;2;1;1; ;2;2;2;1;1;1;1;7;6; ;5;3;1,341089688
44240;2;1;1; ;1;1;1;1;1;1;1;6;6;16;4;3;1,341089688
44091;2;1;1; ;1;1;2;1;2;1;1;3;6;14;4;2;1,341982962
23202;2;1;1; ;1;1;1;1;1;1;4; ;8;15;1;4;1,344011137
27177;2;1;1; ;1;1;1;2;1;5;1;8;6; ;5;3;1,344011137
29047;2; ;1; ;1;1;1;1;2;1;1;7;6;13;5;4;1,349442745
32019;2;1;1; ;1;1;1;1;2;1;1;6;4;14; ; ;1,34984908
32037;2;1;1; ;1;2;1;1;2;1;1;2;5;8;2;3;1,34984908
15941;1;1;2; ;2;1;2;5;2;1;1;7;6;15; ; ;1,351318055
23365;1;1;1; ;1;1;1;1;1;1;1;5;2; ;3;2;1,354715838
36401;2;1;1; ;1;1;1;2;1;1;4;6;5;15;5;4;1,356211473
36404;2;1;1; ;1;1;1;2;1;1;1;1; ;16;1;1;1,356211473
36405;2; ;1; ;1;1;1;1;1;1;1;2;6;15;4;4;1,356211473
36411;2;1;1; ;1;1;1;1;1;1;1;4;6;15;5;5;1,356211473
36414;2;1;1; ;1;1;1;1;2;1;1;9;6;13; ;3;1,356211473
36454;2;1;1; ;2;1;1;1;1;2;1; ; ; ;1;1;1,356211473
36458;2;1;1; ;1;1;1;1;1;1;1;5;4;16;2;3;1,356211473
44106;2;1;1; ;2;1;1;1;1;5;1;8;6; ;5;5;1,356211473
44132;2;1;1; ;1;1;2;1;2;1;2;2;8;16;5;3;1,356211473
44136;2;1;1; ;1;1;2;1;4;7;3;9;8;16;1;2;1,356211473
44144;2;1;1; ;1;1;1;2;1;1;1;7;7;16;5;4;1,356211473
44149;2;1;1; ;1;1;2;1;1;1;1;6;7;15;4;4;1,356211473
44165;2;1;1; ;1;1;1;1;1;1;1;2;7;16;2;2;1,356211473
44178;2;1;2; ;1;2;2;1;1;1;1;7;6;16;3;2;1,356211473
44182;2;1;1; ;1;1;1;1;1;1;3;4;8;15;5;2;1,356211473
12714;1;1;1; ;2;1;1;1;1;1;1;5;5;14;4;4;1,356527553
12723;1;1;1; ;1;1;2;1;1;1;1;2;6;16;5;1;1,356527553
12731;1;1;1; ;1;1;1;1;2;1;1;5;2;12;5;5;1,356527553
12741;1;1;1; ;1;1;1;1;1;1;1;6;6;14;2;1;1,356527553
12745;1;1;1; ;1;1;1;1;1;1;1;1;1;14;5;5;1,356527553
12746;1;1;1; ;1;1;1;2;2;1;1;7;3;15;3;1;1,356527553
12752;1;1;1; ;1;2;1;1;1;1;1;7;4; ;5;5;1,356527553
12754;1;1;1; ;1;1;1;1;1;1;1;2;5;14;3;2;1,356527553
44930;1; ;1; ;1;1;1;1;1;1;1;4;6;15;4;4;1,356527553
44932;1;1;1; ;1;2;2;1;1;1;1;6;7;16;4;4;1,356527553
44943;1;1;1; ;1;1;1;1;1;1; ;2; ; ;1;1;1,356527553
44948;1;1;1; ;1;1;1;1;1;1;1;6;6;16;4;3;1,356527553
45506;1;1;1; ;2;2;2;2;1;1;1;7;6;14;4;4;1,356527553
45508;1;1;1; ;1;1;1;1;2;1;1;6;6;13;2;2;1,356527553
45513;1;1;1; ;1;1;1;1;1;1;1;6;6;14;3;3;1,356527553
45515;1;1;1; ;1;1;1;1;1;5;1;6;6;15;2;2;1,356527553
45518;1;1;1; ;1;1;1;1;1;1;1;6; ;14;2;1;1,356527553
45521;1;1;1; ;1;1;2;1;1;1;1;1;1;16;5;1;1,356527553
45526;1;1;1; ;1;1;1;1;1;1;1;2;4;10;4;4;1,356527553
45536;1;1;1; ;2;2;1;1;1;1;3;7;8;15;2;2;1,356527553
45538;1;1;1; ;1;1;1;2;1;1;1;6;6;14;5;1;1,356527553
21930;1;1;2; ;2;1;1;1;2;1;1;3;4;13;2;1;1,358132473
33142;1; ;2; ;1;1;1;1;1;1;1;2;6;14;4;2;1,358132473
36476;2;1;1; ;1;1;1;1;2;6;1;9;7;14; ;2;1,36210241
12718;1; ;2; ;2;1;2;1;2; ;1; ; ;13;1;1;1,362419863
12757;1;1;1; ;1;1;1;1;2;6;1; ;6;13;4;5;1,362419863
192;2;1;1; ;2;3;2;1;1;6;1;9;7;16;5;5;1,364160992
194;2; ;1; ;2;1;1;1;1; ;1; ; ; ;1;1;1,364160992
208;2;1;1; ;1;1;1;1;1;1;1;2;6;15;3;3;1,364160992
213;2;1;1; ;1;1;1;1;1;1;1;2;5;16;2;2;1,364160992
220;2; ;1; ;2;1;2;1;1;1;3; ; ; ;1;1;1,364160992
228;2;1;1; ;1;1;1;1;1;3;1;8;7;16;2;2;1,364160992
230;2;1;1; ;2;1;1;1;2;1;1;6;6;14;1;1;1,364160992
915;2;1;1; ;1;1;1;1;1;1;1;7;7; ;1;1;1,364160992
920;2;1;1; ;1;1;1;1;2;1;1;6;5;14;5;3;1,364160992
995;2;1;1; ;1;1;2;1;1;1;1;7;2; ;3;3;1,364160992
1011;2;1;1; ;1;1;2;1;1;5;1; ;6; ;2;1;1,364160992
1027;2;1;1; ;1;1;1;1;2;7;2;9;8; ;1;1;1,364160992
1037;2; ;1; ;1;1;1;1;2;1;1;7; ;16; ; ;1,364160992
1038;2; ;1; ;1;1;1;1;1;1;1;2;6;16;5;5;1,364160992
1040;2;1;1; ;2;1;2;1;1;1;1;4;4; ;1;1;1,364160992
1042;2;1;1; ;1;1;1;1;1;1;2;3;8;8;4;4;1,364160992
1050;2;1;1; ;2;1;2;1;1;1;1;3;2;13; ; ;1,364160992
1063;2;1;2; ;2;1;2;1;1;1;1;3;8; ;1;1;1,364160992
1068;2;1;1; ;1;1;1;1;2;1;1;7;6;15;4;1;1,364160992
1081;2;2; ;1;1;2;2;1;2;6;1;9;5;14; ;4;1,364160992
23190;2;1;1; ;1;1;1;1;1;1;3;7;8;16;1;1;1,364160992
23221;2;1;1; ;1;1;1;1;1;1;3; ; ;16;2;2;1,364160992
23223;2;1;1; ;1;1;1;1;1;1;1;4; ; ;2;2;1,364160992
23227;2;1;1; ;2;1;1;1;1;1;1;6;6; ;1;1;1,364160992
23284;2; ;1; ;1;1;1;1;2;1;1;2;6; ;2;2;1,364160992
23300;2; ;1; ;2;1;2; ;1;1;1;6;6;16;1;1;1,364160992
23303;2;1;1; ;1;1;1;1;1;1;3;7;8;16;2;2;1,364160992
23306;2;1;1; ;1;1;1;1;2;1;1;7;6;16;3;3;1,364160992
23310;2;1;1; ;1;1;1;1;1;1;1;6;6;15;4;4;1,364160992
23316;2;1;1; ;2;1;1;1;1;1;3;7;8;16;1;1;1,364160992
27135;2;1;1; ;1;1;1;1;2;7;1;9;2; ; ;5;1,364160992
27141;2;1;1; ;1;1;1;1;1;1;1;7;6;15;4;3;1,364160992
27148;2;1;1; ;1;1;1;1;1;1;1;2;2; ;2;1;1,364160992
27152;2;1;1; ;1;1;2;1;1;1;1;2;6;15;4;4;1,364160992
27162;2;1;1; ;2;1;1;1;1;4;1; ;6; ;5;5;1,364160992
27176;2;1;1; ;2;1;2;1;2;1;1;7;6;15;5;5;1,364160992
32021;2;1;2; ;2;3;3;1;1;1;1; ; ; ; ; ;1,364160992
32027;2; ;1; ;2;1;1;1;1;1;1;3;6;14;3;3;1,364160992
32204;2;1;1; ;1;1;1;1;2;1;1; ; ; ;1;1;1,364160992
32211;2;1;1; ;2;1;1;1;1;1; ;7;8; ;1;1;1,364160992
32217;2;1;1; ;1;1;1;1;1;1;1;5;7;16;2;1;1,364160992
32234;2;1;1; ;1;1;1;1;1;1;1;4;6;15; ; ;1,364160992
32272;2;1;1; ;2;1;3;1;1;1;4;1; ;10; ; ;1,364160992
32280;2;1;1; ;1;1;1;1;2;1;1;7;6;14;1;2;1,364160992
32285;2;1;1; ;1;2;2;1;1;1;1;5;5;7;4;2;1,364160992
32286;2;1;1; ;1;1;1;1;1;1;2;4;8; ;4;4;1,364160992
32289;2;1;1; ;1;2;2;1;1;5;3; ; ;12;5;2;1,364160992
32290;2; ;1; ;2;2;1;1;1;1;2; ; ; ;1;1;1,364160992
32295;2;1;1; ;1;1;1;1;2;1;1;2;6;15;3;5;1,364160992
32302;2;1;1; ;1;1;1;1;4;7;3;9; ;16; ;2;1,364160992
32307;2; ;1; ;1;1;1;1;1;5;3;7;6;14;5;1;1,364160992
32412;2; ;1; ;1;1;2;1;2;1;1;7;6;15;5;4;1,364160992
32415;2;1;1; ;1;1;1;1;1;1;2;5;8; ;2;2;1,364160992
32434;2;1;1; ;1;1;1;1;2;1;1;6;6;17;2;1;1,364160992
32438;2;1;1; ;1;1;1;1;1;1;1;6;6;14;2;1;1,364160992
258;1;1;2; ;1;1;1;1;2;1;1;2;6;13;1;1;1,365468846
5871;2;1;3; ;1;1;1;4;1;1;1;4;4;10;4;5;1,36926767
28792;2;1;2; ;1;1;1;4;5;1;1;3;2;14;4;4;1,36926767
30131;2; ;1; ;1;1;1;1;1;1;2;4;4;14;5;5;1,36926767
30461;2;1;1; ;1;1;1;1;2;1;1;5;5; ;2;1;1,36926767
1001;2;1;1; ;1;1;1;2;1;1;1;7;7;12;2;2;1,370086459
23281;2; ;1;4;2;1;1;1;1;1;1;5;5;15;5;1;1,370086459
23289;2;1;1; ;2;1;1;1;2;1;1;7;6;14;4;4;1,370086459
32034;2; ;1; ;1;1;1;1;1;1;3;7;8; ;1;1;1,370086459
32054;2; ;1; ;1;2;2;1;1;1;1; ;2;15;3;3;1,370086459
32309;2;1;1; ;1;1;1;1;2;1;2;2;8;16;1;1;1,370086459
32425;2;1;1; ;1;1;1;1;1;1;1; ; ;15;2;2;1,370086459
15935;1;1;1; ;2;2;1;1;2;1;2;2;8;13;4;1;1,371577458
43809;1;1;1; ;2;1;1;1;1;1;1;3;6;13;4;1;1,371577458
43825;1; ;2; ;2;1;1;1;2;1;1;7;4;15;2;2;1,371577458
3066;1; ;1; ;1;1;1;1;2;1;1;7;6; ;2;1;1,374299037
23351;1; ;1; ;2;1;1;1;1;5;3;8;8; ; ; ;1,375026181
21884;1;2; ;1;2;1;1;1;1;1;4;6;6;15; ; ;1,37849404
21897;1;1;1; ;1;1;1;1;2;1;3;7;8;13;2;2;1,37849404
21933;1;1;1; ;2;1;1;1;2;1;1;4;6;13;1;1;1,37849404
23000;1; ;2; ;1;1;1;1;1; ; ; ; ;15;2;2;1,379046704
27353;2; ;1; ;1;1;1;1;1;1;1;6;6; ;3;3;1,379702998
23325;1;1;1; ;2;1;1;1;2;1;1;4;6;13;1;1;1,380445397
25114;2;1;1; ;1;1;1;2;2;1;1;2;2;14; ; ;1,383869485
9984;2;1;3; ;1;1;1;1;1;1;1;4;5;16;2;1;1,384340256
21674;2;1;1; ;2;2;1;1;1;1; ; ; ; ;1;1;1,384340256
26611;2;1;1; ;1;1;1;1;1;1;1;3;3;15;2;2;1,384340256
13603;2;1;1; ;1;1;1;1;1;1;3;7; ;14;4;4;1,389232518
4603;2;1;1; ;2;1;1;4;2;3;1;8;6;14;3;4;1,38979618
6911;2;1;1; ;1;1;1;1;1;1;1;5;5;14;5;4;1,38979618
8629;2;1;1; ;1;1;1;1;1;5;1; ;4;12;5;5;1,38979618
21695;2;1;1; ;1;1;1;1;1;1;1;4;4;15;2;2;1,38979618
22524;1; ;2; ; ;2;2;1;1; ; ;2;6;15;3;2;1,393523953
44615;1;2; ;2;1;1;1;1;1;1;1; ; ; ;1;1;1,398579169
21703;1;1;2; ;1;1;2;1;1;1;1;2;2;15; ; ;1,399016071
44206; ;1;1; ;2;1;1;3;2;1;1;6;6;14;4;1;1,399016071
15954;1;1;1; ;1;1;2;1;2;1;1;6;7;12;4;4;1,406750065
15975;1;1;1; ;1;1;1;2;1;1;3;2;8;12;5;4;1,406750065
43876;1;1;1; ;1;1;1;1;1;1;1;1;4;10;5;5;1,406750065
22970;1;1;1; ;1;1;1;1;1;1;1;6;6;14;4;4;1,413844016
10210;2;1;1; ;1;2;1;1;1;1;1;7;7;16;2;1;1,41420148
10212;2;1;1; ;1;1;1;2;1;1;1;4;4;14;3;3;1,41420148
10223;2;1;1; ;1;1;1;1;1;1;1;2;6;15;5;4;1,41420148
10224;2;1;1; ;1;1;1;1;1;1;1;1;5;16;2;2;1,41420148
10236;2;1;1; ;1;1;1;1;1;1;1;4;4; ;4;4;1,41420148
10245;2;1;1; ;1;1;2;1;1;1;1;7;6;10;4;1;1,41420148
10777;2;1;1; ;2;1;2;1;1;1;3;6;8;17;4;4;1,41420148
10778;2;1;1; ;1;1;1;1;2;1;1;2;4;15;5;4;1,41420148
10781;2;1;1; ;1;1;1;1;1;1;1;6;7;15;2;2;1,41420148
10785;2;1;1; ;1;1;1;1;4;7;1;9;6;16;1;1;1,41420148
10792;2;1;1; ;1;1;1;1;2;6;3;9;8;15;1;1;1,41420148
10797;2;1;1; ;1; ;2;1;1;1;1;6;6;15;5;4;1,41420148
10803;2;1;1; ;1;1;1;1;2;2;1;8;5;17;4;4;1,41420148
10814;2;1;1; ;1;2;1;1;1;1;1;6;6;15;2;2;1,41420148
40384;2;2; ;2;2;1;1;1;4;1;7;7;9;14;2; ;1,41420148
1653;1;1;1; ;1;2;2;2;1;1;5;7;5;14;4;4;1,419978926
174;1;1;1; ;2;1;1;1;1;4;1;7;6;14;5;5;1,419985289
9724;1; ;2; ;2;2;2; ;2;1;1; ; ;14;1;1;1,419985289
21903;1;1;1; ;2;2;2;1;1;1;1;4;7; ; ; ;1,419985289
10215;2;1;1; ;1;1;1;1;4;7;1;9;5;14; ;3;1,420344306
10782;2;1;1; ;1;1;1;1;1;1;1;6;6;16;2;2;1,420344306
10809;2;1;1; ;1;1;1;1;1;2;1;8;6;14;4;3;1,420344306
284;1;1;1; ;1;1;1;1;2;7;1;9;7;13; ;3;1,421481331
23337;1;1;2; ;1;1;2;1; ;7;1;9;6;10; ;2;1,42199538
8914;2;1;1; ;1;1;1;1;1;1;1;5;6; ; ; ;1,422902356
4568;2;1;1; ;1;1;1;1;1;1;1;4;4;6;2;2;1,425435986
15856;2;1;1; ;1;1;1;1;1;1;1; ; ;12;5;2;1,425435986
15905;1;1;1; ;1;1;1;1;1;1;4;2;6;15;1;1;1,427840523
15958;1;1;1; ;2;1;2;1;1;1;4;6; ;14;3;2;1,427840523
15963;1;1;1; ;1;1;1;1;1;1;1;6;6;13;3;3;1,427840523
15992;1;1;1; ;1;2;2;1;1; ; ;7;6;2; ; ;1,427840523
40986;1;1;1;1;2;1;1;1;2;1;2;3;8;15;2;2;1,427840523
43808;1;1;2; ;1;1;1;1;2;1;4;6;9;16;3;1;1,427840523
43814;1;1;1; ;1;1;1;1;1;1;3;6;8;6;3;3;1,427840523
43837;1;1;1; ;2;1;2;1;2;1;1;7;6;17;4;4;1,427840523
43838;1;1;1; ;1;1;1;1;2;1;1;7;5;13;3;2;1,427840523
43840;1;1;2; ;2;2;2;1;2;1;1;2;7;15; ; ;1,427840523
43842;1;1;1; ;1;1;2;2;1;1;1;7;7;16;4;4;1,427840523
43846;1;1;1; ;2;2;2;2;1;1;1;4;5;11;5;5;1,427840523
43858;1;1;1; ;1;1;1;1;1;1;1;1;4;12;4;3;1,427840523
43869;1;1;1; ;1;1;1;1;4;7;1;9;6;15;1;1;1,427840523
41818;2;1;1; ;2;1;1;1;1;1;2; ;8;8;1;1;1,43149035
5875;2;1;1; ;1;1;1;1;2;1;1; ;5; ;4;2;1,431627611
9342;2;1;1; ;2;1;2;1;1;1;1;6;4;13; ; ;1,431627611
19191;2;1;1; ;1;1;1;1;2;1;1;4;4;14;5;5;1,431627611
26619;2;1;1; ;1;1;1;1;1;1;1;4;4;15;5;5;1,431627611
30197;2;1;1; ;1;1;1;1;1;1;1;3;4;15;2;2;1,431627611
15915;1;1;1; ;1;1;1;1;1;1;1;2;6;15;2;1;1,434042593
15985;1;1;1; ;2;1;2;1;1;1;1; ; ;15;5;3;1,434042593
43845;1;1;1; ;1;1;1;1;1;1;1;7;6;12;5;4;1,434042593
44184;1;1;1; ;1;1;1;2;1;1;3;3;8;19;4;1;1,434892311
153;1;1;1; ;1;1;2;1;1;1;1;4;4;16;4;4;1,435040828
167;1;1;1; ;1;1;2;1;1;2;4; ; ; ;1;1;1,435040828
9707;1;1;1; ;1;1;2;1;1;1;1;7;7;16;2;2;1,435040828
9713;1;1;1; ;1;2;3;1;2;1;1;7;6;17;5;5;1,435040828
9718;1;1;1; ;1;1;1;1;1;1;1;7;5;11;3;3;1,435040828
9728;1;1;1; ;1;1;1;1;1;1;1;4;5;15;3;3;1,435040828
21846;1;1;1; ;2;1;1;1;1;1;1;6;6;15;3;3;1,435040828
21847;1;1;2; ;2;1;1;1;2;1;1;7;7;17;2;2;1,435040828
21856;1;1;2; ;2;2;3;1;1;1;1; ; ;16;2;2;1,435040828
21863;1;1;1; ;1;1;1;1;2;1;1;7;6;11;4;5;1,435040828
21874;1;1;1; ;1;1;1;1;1;1;1;4;6;15;2;1;1,435040828
21886;1; ;2; ;1;1;1;1;1;1;1;6;2;15;3;2;1,435040828
21907;1;1;1; ;1;1;2;2;1;1;1;7;5;14;4;4;1,435040828
21931;1;1;1; ;1;1;1;1;1;5;1;7;6; ;1;1;1,435040828
22849;1;1;1; ;1;1;1;1;1;1;1;6;6; ;3;3;1,435040828
22976;1;1;1; ;1;1;1;1;2;1;1;4;2; ;1;2;1,435040828
22979;1;1;1; ;1;1;1;1;2;1;1;7;6;12; ;2;1,435040828
22980;1;1;1; ;1;1;1;1;2;1;1;6;5;15;2;2;1,435040828
22985;1;1;1; ;1;1;1;1;1;6;1; ; ; ;1;1;1,435040828
22990;1;1;1; ;2;1;1;1;2;1;1;6;6;14;2;2;1,435040828
33121;1;1;1; ;2;1;1;1;1;1;1;1;1; ;1;1;1,435040828
33125;1;1;1; ;1;1;1;1;1;1;1;1;1;15;5;4;1,435040828
33130;1;1;1; ;1;1;1;1;2;1;1;3;2;15;3;1;1,435040828
33131;1;1;1; ;1;1;1;1;2;1;1;5;9;14;2;2;1,435040828
33135;1;1;1; ;1;1;1;1;5;4;1; ; ;15; ;3;1,435040828
33145;1;1;1; ;1;1;1;1;1;1;1;5;6;15;2;1;1,435040828
33152;1;1;1; ;1;1;2;1;1;1; ;1;1;12;3;1;1,435040828
4286;1;1;1; ;1;1;1;1;2;1;1;4;4; ; ; ;1,437072231
4296;1;1;1; ;1;1;1;1;1;1;1;4;6;10;4;4;1,437072231
4304;1;1;1; ;2;1;2;1;1;4;1;3;5;14;4;4;1,437072231
4324;1;1;1; ;1;1;2;1;1;1;1;7;6;15;5;4;1,437072231
10730;1;1;1; ;1;1;1;1;1;1;1;4;4;15;4;4;1,437072231
10742;1;1;1; ;1;1;1;1;1;1;1;5;6;10;4;4;1,437072231
10762;1;1;1; ;1;1;1;1;1;1;1;4;6; ;3;3;1,437072231
23345;1;1;1; ;1;1;1;1;1;1;1;6;6;14;3;2;1,437072231
23362;1;1;1; ;2;2;1;1;2;7;1;9;3;16; ;5;1,437072231
23372;1;1;1; ;2;1;2;1;1;1;1;7;6;16;1;1;1,437072231
23376;1;1;1; ;1;1;1;1;2;1;1;4;4;12;5;5;1,437072231
23384;1;1;1; ;2;1;2;1;1;1;1;6;4;16;5;4;1,437072231
23398;1;1;2; ;2;1;2;1;1;1;1;6;6;16;2;2;1,437072231
23403;1;1;1; ;1;1;1;1;1;1;4;6;6;15;5;5;1,437072231
7202;2;1;1; ;1;1;1;1; ; ;1; ;1;16; ; ;1,437644585
4052;1;1;2; ;2;2;2;1;2;1;1;3;6;14; ; ;1,441125012
180;1;1;1; ;1;2;2;1;2;1;1;6;4;10;4;2;1,441274174
185;1;1;2; ;1;1;1;1;1;1;1;7;7;14;2;2;1,441274174
21881;1;1;1; ;2;1;1;1;1;1;1;7;6;16;1;1;1,441274174
22987;1;1;1; ;1;1;1;1;2;1;1; ; ;14;4;1;1,441274174
321;1;1;1; ;1;1;1;1;1;1;1;7;5; ;1;1;1,442792645
905;1; ;1; ;1;1;1;1;2;1;1;6;7;15;4;4;1,442792645
10382;1;1;1; ;2;1;2;1;1;4;2;4;6; ;5;5;1,442792645
10410;1;1;1; ;1;1;1;1;2;1;1;6;6;15;5;4;1,442792645
32061;1;2; ;2;1;1;1;1;2;7;4;9;6;13; ;1;1,442792645
32075;1;1;2; ;2;2;3;1;1;1;4;7;8;14;2;1;1,442792645
32085;1;1;1; ;1;1;1;1;1;1;1;6;6;15;2;2;1,442792645
32088;1; ;1; ;1;1;1;2;1;1;1;7; ;16;2;2;1,442792645
32096;1;1;1; ;1;1;2;1;1;1;1;7;6;14;4;4;1,442792645
32129;1;1;1; ;1;1;1;1;1;1;1;4;4;16;2;2;1,442792645
32470;1;1;1; ;1;1;1;1;2;1;1;7;4;15;5;5;1,442792645
4291;1;2; ;1;2;1;1;1;2;2;1;8;6;14;1;2;1,4433144
4302;1;1;1; ;2;1;1;1;2;1;2;7;6;13;2;3;1,4433144
4311;1; ;1; ;2;1;1;1;1;1;1;3; ;14;3;2;1,4433144
4319;1;1;1; ;2;1;2;2;2;1;1; ;5;16;3;3;1,4433144
23367;1;1;1; ;2;1;2;2;1;1;1;6;2;16;4;3;1,4433144
746;2; ;1; ;1;1;1;1;1;1;1;6; ; ;1;1;1,446806589
759;2; ;1; ;1;1;1;1;1;1;1;7;7;16;2;2;1,446806589
1310;2;1;1; ;1;1;1;1;1;1;1;2;2;14;1;2;1,446806589
1317;2;1;1; ;1;1;1;1;1;1;1;2;5; ;2;2;1,446806589
1334;2;1;1; ;1;1;1;1;2;1;1;4;4;14;2;4;1,446806589
1342;2;1;1; ;1;1;1;1;1;1;1;4;4;13;5;4;1,446806589
1565;2;1;1; ;1;1;1;1;1;1;1;4;4; ;4;4;1,446806589
1581;2;1;1; ;1;1;1;1;4;5;5;2;4;12;2;2;1,446806589
1814;2;1;1; ;1;1;1;1;1;1;4;6;6;10;5;4;1,446806589
1822;2; ;1; ;1;1;1;1;2; ;1; ;6;8;5;5;1,446806589
1865;2;1;1; ;1;1;1;1;1;1;3;7;8; ;1;1;1,446806589
1866;2;1;1; ;1;1;1;1;2;1;1;6;6; ;1;1;1,446806589
3039;2;1;1; ;1;2;2;1;1;1;1; ;6;14;5;4;1,446806589
3527;2;1;1; ;1;1;1;1;1;1;1;4;4;14;4;4;1,446806589
3528;2;1;1; ;1;1;1;1;2;2;1;8; ; ;1;1;1,446806589
3633;2;1;1; ;1;1;1;1;2;1;1;4;4;10;2;1;1,446806589
4588;2;1;1; ;1;1;1;1;1;1;1;2;2;16;4;1;1,446806589
4593;2;1;1; ;2;1;1;1;1;1;1;6;5;15;2;2;1,446806589
5859;2;1;1; ;1;1;1;1;1;1;1;4;4;8;4;4;1,446806589
5862;2;1;1; ;1;1;1;1;2;1;1;3;4;16;5;5;1,446806589
5864;2;1;1; ;2;2;2;1;2;1;1;6;6;16; ;1;1,446806589
5867;2; ;1; ;1;1;1;1;2;5;1; ; ;16; ;1;1,446806589
5885;2;1;1; ;1;1;1;1;1;1;1;4;6; ;1;1;1,446806589
5887;2;1;1; ;1;1;1;1;1;1;3;4;8;16;2;1;1,446806589
6701;2; ;1; ;1;1;1;1;2;1;1;6;6;14;2;2;1,446806589
6739;2;1;1; ;1;1;1;1;1;1;1;4;4;15;3;3;1,446806589
6744;2;1;1; ;2;1;2;1;1;1;1;2;2; ;1;1;1,446806589
6763;2;1;1; ;1;1;1;1;1;1;1;6;6; ;4;3;1,446806589
6827;2;1;1; ;1;1;2;1;1;1;1;4;4;14;5;5;1,446806589
6839;2;1;1; ;1;1;1;1;1;1;1;4;4;15;1;1;1,446806589
7498;2;1;1; ;1;1;1;1;1;1;1;7; ;17;5;2;1,446806589
7517;2;1;1; ;1;1;1;1;1;1;3;4;8;14;4;4;1,446806589
7519;2;1;1; ;1;1;1;1;1;1;1;4;4; ;5;5;1,446806589
7523;2;1;1; ;1;1;1;1;1;1;1;2;4;14;4;4;1,446806589
7536;2;1;1; ;2;2;2;1;1;1; ;3;4;10;4;1;1,446806589
8623;2;1;1; ;1;1;1;1;2;1;1;2;6;10;5;1;1,446806589
8634;2; ;1; ;1;1;1;1;1;1;1; ; ;16;2;2;1,446806589
8988;2;1;1; ;1;1;1;1;1;1;1;6;6;15;4;3;1,446806589
8994;2;1;1; ;1;1;1;1;1;1;1;6;6;14;1;3;1,446806589
9252;2; ;1; ;1;1;1;1;2;1;1;3;4;15;4;4;1,446806589
9328;2;1;1; ;1;1;1;1;4;7;1;6;6;10; ;2;1,446806589
9359;2;1;1; ;1;1;1;1;1;1;1;4;4; ;4;4;1,446806589
9990;2;1;1; ;2;1;2;1;1;1;4;2;8;15;4;4;1,446806589
10324;2; ;1; ;1;1;1;2;1;1;1;4;4; ;4;4;1,446806589
12527;2;1;1; ;1;1;1;1;1;1;3;3;8; ;1;1;1,446806589
12533;2;1;1; ;1;1;1;1;2;1;1;4;2;13;4;4;1,446806589
13933;2;1;1; ;1;1;1;5;1;1;1;6;6;17;4;2;1,446806589
13948;2;1;1; ;1;1;1;1;2;1;1;2;2;16;3;2;1,446806589
15885;2;1;1; ;1;1;1;1;1;1;1;4;4;14;3;3;1,446806589
15898;2;1;1; ;1;1;1;1;1;1;1;4;4; ; ; ;1,446806589
16232;2;1;1; ;1;1;1;1;1;1;1;6; ;16;5;2;1,446806589
16240;2;1;1; ;2;1;1;1;1;1;3;4;6;10;5;5;1,446806589
16250;2;1;1; ;1;1;1;1;1;1;3;7;8;15;4;1;1,446806589
19180;2;1;1; ;1;1;1;1;1;1;1;4;4;15;5;5;1,446806589
19187;2;1;1; ;2;1;1;1;1;5;1;8;6; ;3;1;1,446806589
19190;2;1;1; ;1;1;1;1;1;1;3;3;8;14;3;3;1,446806589
19198;2;1;1; ;1;1;1;1;1;1;1;4;4; ;4;3;1,446806589
19199;2;1;1; ;1;1;1;1;1;1;1;4;6;15;5;1;1,446806589
19216;2;1;1; ;1;1;1;1;1;1;1;4;4;12;1;1;1,446806589
19793;2;1;1; ;2;1;1;1;1;1;1;2;6; ;2;1;1,446806589
19984;2;1;1; ;1;1;1;1;1;1;1;7;2;14;4;2;1,446806589
19985;2;1;1; ;1;2;3;1;1;1;1; ;6; ;4;1;1,446806589
20009;2;1;1; ;1;1;1;1;2;1;1;4;4;14;1;2;1,446806589
20012;2;1;1; ;1;1;1;1;1;1;1;4;6; ;4;1;1,446806589
20892;2;1;1; ;1; ;1;1;2;5;1;8;6; ;1; ;1,446806589
20909;2;1;1; ;1;1;1;1;1;1;3;3;8;12;4;3;1,446806589
20985;2;1;1; ;1;1;1;1;2;1;3;4;8;10;4;4;1,446806589
20992;2;1;1; ;1;1;1;1;2;1;1;4;3; ;2;2;1,446806589
21018; ; ;1; ;1;1;1;1;1;1;1;4;4;9;4;2;1,446806589
21033;2;1;1; ;1;1;1;1;2;1;1;4;4;15;2;1;1,446806589
21044;2; ;1; ;1;1;1;1;1;1;1;6;3;16;5;2;1,446806589
21184;2;1;1; ;1;1;1;3;2; ;1; ; ;16;1;1;1,446806589
21681;2;1;1; ;1;1;1;1;1;1;4; ;6;13;1;1;1,446806589
26011;2;1;1; ;1;1;1;1;1;1;1;4;6;15;1;1;1,446806589
26014;2;1;1; ;1;1;1;1;1;1;1;4;4;12;5;5;1,446806589
26031;2;1;1; ;1;1;1;1;1;5;3;7;8; ;1;1;1,446806589
26039;2;1;1; ;1;1;1;1;1;2;1;9;6;14;4;2;1,446806589
26477;2;1;1; ;1;1;1;1;1;1;1;4;5;8;1;1;1,446806589
26626;2;1;1; ;1;1;1;1;5;1;1; ;5;15;4;2;1,446806589
26628;2;1;1; ;1;1;1;1;2;1;3;4;8;15;5;4;1,446806589
26653;2;1;3; ;1;1;1;4;1;1;2;2;8;15;3;3;1,446806589
28743;2;1;1; ;1;1;2;1;2;1;1;6;4;13;3;3;1,446806589
30121;2;1;1; ;1;1;1;1;1;1;1;4;4;16;4;4;1,446806589
30166;2; ;1; ;1;1;1;1;2;1;1;4;4;15;1;1;1,446806589
30453;2;1;1; ;1;1;1;1;2;1;1;2;2;14;5;4;1,446806589
30471;2;1;1; ;1;1;1;1;1;1;1;2;6;15;2;1;1,446806589
30817;2;1;1; ;1;1;1;1;1;1;1;2;4;14;4;4;1,446806589
30822;2;1;1; ;1;1;1;1;1;1;1;4;6;14;5;5;1,446806589
30849;2;1;1; ;1;1;1;1;2;1;1; ; ;15;2;2;1,446806589
30861;2;1;1; ;1;1;1;1;2;1;1;4;6;12;2;2;1,446806589
30987;2;1;1; ;1;1;1;1;1;1;3;6;8;15;2;2;1,446806589
32790;2;1;3; ;1;1;1;4;1;1;1;4;5;10;5;5;1,446806589
39732;2;1;1; ;1;1;1;2;2;1;1;7;7;15;4;3;1,446806589
40856;2;1;1; ;1;1;1;1;5;1;1;3;4;15;2;1;1,446806589
40857;2; ;1; ;1;1;2;1;2;1;1;6;6;16;5;4;1,446806589
40865;2;1;1; ;2;1;1;1;2;1;1;6;6; ;1;1;1,446806589
40883;2;1;1; ;1;1;1;1;2;1;1;6;4;13;3;1;1,446806589
40886;2;1;1; ;2;1;1;2;1;1;5;4;8;12;4;3;1,446806589
40890;2;1;1; ;1;1;1;1;1;4;1;7;7;15;4;1;1,446806589
40142;1;1;1; ;2;1;2;1;2;1;1;7; ;15;5; ;1,448999845
903;1;2; ;4;1;1;1;1;2;2;3; ; ;16;1;1;1,449059662
32059;1;2; ;2;1;1;2;1;2; ;1; ; ;15; ;1;1,449059662
32099;1;1;1; ;2;1;1;1;1;1;1;7;4;17;5;5;1,449059662
742;2;1;1; ;1;1;1;1;1;1;1;4;2;15;2;2;1,453091041
750;2; ;1; ;1;1;1;1;2;1;1;6;5;16;4;4;1,453091041
1590;2; ;1; ;2;1;1;2;2;1;1;4;4;15;4;2;1,453091041
1860;2;1;1; ;2;1;1;2;1;5;1;8;6;15;1;1;1,453091041
3357;2;1;1; ;1;1;1;1;1;1;1;3;2;15;5;5;1,453091041
5879;2; ;1; ;1;1;1;1;2;1;1; ;6;12;4;1;1,453091041
6688;2;1;1; ;1;1;1;1;5;7;1;9;4;15; ;1;1,453091041
6705;2;2; ;2;2;2;2;1;2;5;2;8;8;16;1;1;1,453091041
7511;2;1;1; ;1;1;1;1;1;1;1;4;6;15;5;5;1,453091041
7525;2; ;1; ;1;1;1;1;1;1;2;3;2;14;5;3;1,453091041
7576; ;1;1; ;2;1;1;1;2;1;7;3;9;15;4; ;1,453091041
9409;2;2; ;2;2;1;2;1;1;4;1;8; ; ;1;1;1,453091041
9422;2;1;1; ;2;1;1;1;1;1; ;7;8; ;1;1;1,453091041
13969;2; ;1; ;1;1;1;1;1;1;1;6;6;16;4;4;1,453091041
19210;2;1;1; ;1;1;1;1;2;1;1;2;6;17;4;2;1,453091041
19782;2;1;1; ;1;2;1;1;2;1;1;3;6;15;2;2;1,453091041
19983;2;1;1; ;1;1;1;1;1;1;1;4;4;13;2;1;1,453091041
21210;2;1;1; ;2;1;1;1;4;7;1;9; ;17; ; ;1,453091041
23080;2;1;3; ;1;1;1;4;2;1;1;4;5;13;3;2;1,453091041
26629;2;1;1; ;1;2;2;1;1;1;1;4;4;15;1;1;1,453091041
26633;2;1;1; ;2;1;2;1;1;1;1;3;6;19;2;1;1,453091041
28858;2;1;1; ;1;2;1;3;1;4;6; ;8;14;1;1;1,453091041
30477;2; ;3; ;1;1;1;4;2;7;1;9;5;13; ;1;1,453091041
30490;2;1;1; ;1;1;1;1;1;1;1;3;4;14;3;3;1,453091041
30516;2;1;1; ;1;1;1;1;1;1;3;5;8;16;3;3;1,453091041
30543;2;1;1; ;1;1;1;1;1;1;1;4;6;11;1;4;1,453091041
30836;2;1;3; ;1;1;1;4;2;1;2;2;8;16;1;1;1,453091041
39687;2;1;1; ;2;1;1;1;1;1;3;2; ;16;3; ;1,453091041
39712;2;1;1; ;1;1;1;1;2;1;1;3;3;14;2;2;1,453091041
40878;2;1;1; ;1;1;1;1;1;1;1;5;2; ; ; ;1,453091041
43383;2;1;1; ;1;1;1;1;2;1;1; ; ;15;5;4;1,453091041
43439;2; ;1; ;1;1;1;1;2;1;1;4;4;12;5;3;1,453091041
3874;1; ;2; ;2;3;3;4;3;1;1; ; ;16;3;3;1,456404687
3906;1;1;1; ;1;1;2;1;2;1;1;6;6;9;5;2;1,456404687
4066;1;1;1; ;1;1;1;1;1;1;1;7;6;15;4;2;1,456404687
21722;1;1;1; ;1;1;1;1;1;1;1;2;1;16;3;2;1,456404687
21727;1;1;1; ;1;1;1;1;2;1;1;4;4;16;1;1;1,456404687
21734;1;1;1; ;2;2;1;1;2;5;3;2;2;15;2;2;1,456404687
22506;1;1;2; ;2;2;2;1;2;1;1;1;6;11;2;2;1,456404687
22533;1;1;1; ;2;1;1;2;1;1;1;6;6;16;4;4;1,456404687
22537;1;1;1; ;1;1;1;2;1;1;1;1;1;15;2;2;1,456404687
44211;1;1;1; ;1;1;1;1;1;1;1;6;4;15;2;1;1,456404687
44213;1;1;1; ;1;1;1;1;1;1;1;7;7;15;1;2;1,456404687
44214;1;1;1; ;1;1;1;1;1;1;1;4;6;14; ; ;1,456404687
44220;1;1;1; ;2;1;1;2;1;1;1;6;5; ;1;1;1,456404687
44249;1;1;1; ;1;1;1;1;1;1;1;7;7;15;4;1;1,456404687
44250;1;1;1; ;1;1;2;1;1;1;1;3;4;14;1;1;1,456404687
44258;1;1;1; ;1;2;2;1;1;1;1;2;2;15;4;4;1,456404687
18370;1;2; ;2;2;2;2;1;1;1;3;7;8;13; ; ;1,458579729
12879;1;1;1; ;1;1;2; ;2;1;1;5;4;14;3;2;1,462284381
44192;1;1;2; ;2;2;2;1;2;1;1;1;6;14;4;2;1,46273083
44195;1;1;1; ;2;1;2;1;4;5;7;8; ;16;2;1;1,46273083
44197;1;1;1; ;2;1;1;2;2;1;1; ; ;15;3;3;1,46273083
12849;1;2; ;3;1;1;1;1;5;6; ; ;8;14; ;2;1,462870639
40408;1; ;2; ;1;2;2;1;1;1;1;6;6; ;2;1;1,467430036
38636;2;1;2; ;2;2;2;1;1;1;1;7;6;15;5;1;1,474925095
5178;2;1;1; ;1;1;1;1;1;2;1;8;4;10;3;3;1,496017988
5205;2;1;1; ;1;1;1;1;1;1;1;6;6;16;2;2;1,496017988
5210;2;1;1; ;2;2;2;1;2;1;1;6;6;15; ; ;1,496017988
7186;2;1;1; ;1;1;1;1;2;1;1;6;5;15;3;3;1,496017988
7196;2;1;1; ;2;2;1;1;2;1;6;7; ;14;1; ;1,502516198
3461;1;1;1; ;2;1;1;2;2;1;4;5; ;14; ; ;1,518841708
12890;1;2; ;2;1;1;1;1;1;1;1;2;2; ;3;3;1,522268308
12888;1;1;1; ;2;1;1;1;1;1;2;2;8;15;4;2;1,528880541
24480;1;1;2; ;2;1;3;1;1;2;4;3;2;15;1;1;1,537704234
12854;1;1;1; ;1;1;1;1;2;1;1;2;6;14;4;1;1,545090653
12856;1;1;1; ;2;1;1;3;4;7;3;7;5;15; ;2;1,545090653
12858;1;1;1; ;1;1;1;2;2;1;1;5;5;15;1;2;1,545090653
12859;1;1;1; ;2;1;1;2;1;4;1;4;5;14;5;1;1,545090653
12867;1;1;1; ;1;1;1;1;1;5;1;9;4;14;5;5;1,545090653
42441;1;1;1; ;2;2;2;1;1;1;1;5;2;15;4;4;1,545090653
9143;1; ;2; ;2;1;2;1;1;1;1;7;6;15;2;1;1,551802019
12242;2;1;1; ;2;2;2; ;1;1;1;2;6;13;4;4;1,584755253
36451;2;1;1; ;1;1;2;2;2;2;1;8; ;16;1;1;1,585946305
8293;2;1;1; ;1;1;2;1;1;1; ;4;7; ;4;1;1,588343189
4598;2;1;1; ;1;1; ;1;1;1;1;2;5;16;5;4;1,590069318
5168;1;1;2; ;1;2;2;1;1;1;1;1;1;15;3;1;1,59378874
7679;1;1;1; ;1;1;1; ;1;1;1;3;3; ;4;3;1,604640795
12894;2; ;1; ;1;2;1;1;2;1;1;4;6;13;4;3;1,610736004
23854;1;1;2; ;1;1;1;2;1;1;1;6;6;15;1;1;1,611332802
23836;1;2; ;4;2;1;1;3;4;7;3;9;8;16; ; ;1,618331902
5856;1;1;1; ;1;1;1;1;4;7;3;4;6;11;5;5;1,64066923
7534;1;1;1; ;2;1;1;1;2;2;1;4;6;5;5;5;1,64066923
30837;1;1;1; ;1;1;1;1; ;1;3;6;8;13;5;5;1,64066923
37673;1;1;2; ;2;1;1;1;1;1;1;7;5;15;2;2;1,653986835
30128;1; ;1; ;2;1;2;1;2;2;1;3;3;14;1;2;1,658064593
1336;1;1;1; ;1;1;1;1;1;1;1;3;6;19;3;3;1,658729342
30148;1;1;1; ;1;1;1;1;1;2;1;8;6; ;3;1;1,658729342
5162;1;1;1; ;1;1;1;1;2;1;1;2;6;15;3;2;1,659167067
23882;1; ;2; ;2;1;2;1;2;1;1; ; ;14; ; ;1,659167067
38571;2;1;2; ;2; ;1;5;1;1;1; ;7;15;4;4;1,661055251
30582;1; ; ;2;1;2;2;5;1;1; ; ; ; ; ; ;1,662333591
9406;1;1;3; ;1;1;1;1;1;1;1;4;4;8; ; ;1,665266681
9441;1;1;1; ;2;1;1;1;1;1;3;6; ;17;1;1;1,665266681
19977;1;2; ;2;1;1;1;1;2;1;1;5;6; ; ;1;1,665266681
30445;1;1;1; ;1;1;2;1;2;1;1;4;4;15;1;1;1,665266681
39699;1;1;1; ;1;1;1;1;1;1;1;6;6; ;1;1;1,665266681
5276;1;1;1; ;2;1;1;1;1;1;1;7;7; ;3;3;1,666373943
23832;1;1;1; ;1;1;1;1;1;1;1;7;7;15;3;3;1,666373943
7952;2;1;1; ;2;1;2; ; ;1;3; ; ; ;4;2;1,668371441
31225;1;1;2; ;2;2;2;1;2;1;1;1;7; ; ; ;1,671752526
12853;2;1;1; ;1;1;1;4;1;1;1;6;5;14;4;3;1,67680952
12877;2;1;1; ;1;1; ;1;1;1;1; ;4;14;4;4;1,67680952
12882;2; ;1; ;1;1;1;1;1;2;1;6;6;15;3;2;1,67680952
12887;2;1;1; ;1;1;2;2;2;1;1;6;6;8;5;1;1,67680952
41125;2;1;1; ;1;2;3;2;1;1;1;2;6;14;5;5;1,67680952
41135;2;1;1; ;1;1;2;1;1;1;1;6; ;14;4;4;1,67680952
5271;1;1;1; ;2;1;1;1;1;1;1;2;4;15;4;3;1,684041843
5278;1; ;1; ;1;1;1;1;1;1;1;4;4;15;1;1;1,684041843
5303;1;1;2; ;1;1;2;1;2;6;1; ;6;16; ;3;1,684041843
23846;1;1;1; ;1;1;1;1;1;1;1;7;5;12;3;3;1,684041843
23856;1;1;1; ;1;1;1;1;1; ; ; ; ;6;3;2;1,684041843
23866;1;1;2; ;1;1;2;1;2;1;1;6;6;14;5;3;1,684041843
23873;1;1;1; ;1;1;2;1;2; ;1; ;6; ;1;4;1,684041843
23890;1; ;1; ;2;2;3;1;1;1;3;1;8; ;4;4;1,684041843
23900;1;1;1; ;1;1;1;1;1;1;1;1;2;17;5;5;1,684041843
23911;1;1;1; ;1;1;1;1;1;1;1;7;6; ;2;2;1,684041843
12891;2;1;1; ;1;1;1;1;1;4;1;8;6;13;3;2;1,684093029
41026;2;1;1; ;1;1;1;1;1;1;1;4;4;12;4;4;1,684093029
25552;2;1;1; ;1;2;1;1;1;1;1;6;6;16;4;4;1,687249884
5159;1;1;1; ;2;1;2;1;2;3;1;8;6;15;4;1;1,691356767
5292;1;1;1; ;2;1;1;1;1;2;3;7;8;16;3;3;1,691356767
23831;1;1;1; ;2;1;2;1;2;1;1; ; ; ;2;2;1,691356767
12611;1;2; ;1;2;1;2;1;1;1;3;7;8;16; ; ;1,699080467
22528;1; ;1; ;1;2;1;2;4;1;7;7;9;14;2;1;1,703111703
19774;1;1;1; ;2;1;1;1;2; ;1; ; ; ; ; ;1,705997002
3547;1;1;1; ;1;1;1;1;1;1;1;3;4;6;4;3;1,707970628
5880;1;1;1; ;1;1;1;1;1;1;1;4;8;11;5;5;1,707970628
7529;1;1;1; ;1;1;1;1;1;1;1;4;4; ;5;5;1,707970628
8599;1;1;1; ;1;1;1;1;1;1;1;4;6;13;4;4;1,707970628
19186;1;1;1; ;1;1;1;1;1;1;1;4;2;8;4;4;1,707970628
19778;1;1;1; ;2;1;2;1;1;1;1;4;6;11;5;5;1,707970628
26616;1;1;1; ;1;1;1;1;2;7;1;9;4;16;1;1;1,707970628
99;2;1;2; ;2;1;1;1;2;1;1; ;6;15;2;2;1,70930056
20967;1;1;1; ;1;1;1;1;4;7;1;9;6;12; ;4;1,71538949
26635;1;1;1; ;1;1;1;1;1;1;1;4;4;14;5;2;1,71538949
35792;1;1;2; ; ;1;1;4;2;1;1;3;4;14; ; ;1,71538949
737;1;1;1; ;1;1;1;1;1;1;1;4;4;10;3;3;1,733577083
772;1;1;1; ;1;1;1;1;1;1;1;4;4;16;4;4;1,733577083
1313;1;1;1; ;1;1;1;1;1;1;1;2;2;16;1;2;1,733577083
1547;1;1;1; ;2;1;1;1;1;1;1;4;4;3;4; ;1,733577083
1549;1;1;1; ;1;1;1;1;2;1;1;4;4;14;5;1;1,733577083
1556;1;1;1; ;1;1;1;1;2;1;1;4;6;13;4;4;1,733577083
3540;1;1;1; ;2;1;1;1;1;1;1;6;4;18;2;2;1,733577083
3545;1;1;1; ;1;1;1;1;1;1;1;7;4; ;2;2;1,733577083
3565;1;1;1; ;1;1;1;1;2;1;1;6;4;14;1;4;1,733577083
3612;1;1;1; ;1;1;1;1;1;1;1;3; ;16;3;3;1,733577083
4596;1;1;1; ;2;1;1;1;1;1;3;5;8;14;4;2;1,733577083
5848;1; ;1; ;1;1;3;1;1;6;1; ;6;13;2;1;1,733577083
5852;1;1;1; ;1;2;2;1;2;1;1; ;6;18;1; ;1,733577083
5858;1;1;1; ;1;1;1;1;1;1;1;4;3;11;4;3;1,733577083
5860;1;1;1; ;2;1;1;1;1;1;1;4;4;15;4;2;1,733577083
6691;1;1;1; ;1;1;2;1;1;1;3;7;8; ;2;2;1,733577083
6693;1;1;1; ;1;1;1;1;2;1;1;3;4; ;2;1;1,733577083
6702;1;1;3; ;1;1;1;1;1;1;1;3;4;16;3;3;1,733577083
6706;1;1;1; ;1;1;1;1;1;1;3;4;5;15; ; ;1,733577083
6732;1;1;1; ;1;1;1;1;1;5;1; ;5;13;5;5;1,733577083
6776;1;1;1; ;1;1;1;1;2;6; ; ; ; ;1;1;1,733577083
7295;1;1;1; ;2;1;1;1;1;1; ;5; ; ; ; ;1,733577083
7503;1;1;1; ;1;1;1;1;2;1;2;2;8;14;1;2;1,733577083
7520;1;1;1; ;1;1;1;1;1;1;1;4;4;8;3;3;1,733577083
7527;1; ;1; ;1;1;1;1;1;1;3;4;8;11;3;1;1,733577083
7531;1;1;1; ;1;1;1;1;1;1;1;4;5;16;3;4;1,733577083
8990;1;1;1; ;1;1;1;1;1;1;1;4;6;16;2;1;1,733577083
9001;1;1;1; ;1;1;1;1;1;1;1;3;4;16;3;3;1,733577083
9243;1;1;1; ;1;1;1;1;1;1;1;4;4;12;5;4;1,733577083
9260;1;1;3; ;1;1;1;1;1;1;3;4;8;16;4;1;1,733577083
9284;1;1;1; ;2;1;2;1;1;1;3;4;8;10;2;2;1,733577083
9425;1;1;2; ;1;1;2;1;1;1;1;6;6;9;5;4;1,733577083
9439;1;1;1; ;2;2;3;1;2;1;1;7;6;12;2;2;1,733577083
10014;1;1;1; ;1;1;1;1;1;1;1; ;6;11;3;3;1,733577083
10021;1; ;1; ;1;1;1;1;2;1;4;6;8;15;5; ;1,733577083
10315;1;1;1; ;2;1;1;1;1;1;4;6;6; ;1;1;1,733577083
14061;1;1;1; ;1;1;1;2;2;1;1;3;4;12;5;5;1,733577083
15894;1;1;1; ;1;1;1;1;1;1;1;2;4;15;4;1;1,733577083
16265;1;1;1; ;2;1;1;1;1;1;1;2;5; ;1;1;1,733577083
19176;1;1;1; ;1;1;2;1;2;5;1;4;6;13;4;3;1,733577083
19177;1;1;1; ;1;1;1;1;1;1;2;2;8;7;4;4;1,733577083
19200;1;1;1; ;2;1;1;1;2;1;1;3;3;10;5;4;1,733577083
19206;1;1;1; ;1;1;1;1;1;1;1;4;4;14;2;2;1,733577083
19765;1;1;1; ;1;1;2;1;2;1;1;2;3;16; ; ;1,733577083
19994;1;1;1; ;2;1;1;1;1;1;1;2;2;14;5;4;1,733577083
20901;1;1;1; ;1;1;1;1;5;5;1;5;6;15;2;2;1,733577083
21021;1;1;1; ;2;1;1;1;2;1;1;5;5;14;3;2;1,733577083
21023;1;1;1; ;1;2;2;1;2;1;1;7;5;16;5;5;1,733577083
21028;1;1;1; ;2;1;2;1;2;1;1;2;3; ;2;1;1,733577083
21175;1;1;1; ;1;1;1;1;1;1;1;5;6;15;2;2;1,733577083
21183;1;1;1; ;2;1;1;1;1;1;1;6;6;16;1;1;1,733577083
21194;1;1;1; ;2;1;1;1;2;3;1;8; ;15; ;1;1,733577083
21206;1;1;1; ;1;1;1;1;1;1;3;3;8; ;1;1;1,733577083
21677;1;1;1; ;1;1;1;1;2;6;1;7;5;14;5;1;1,733577083
26607;1;1;3; ;1;1;1;1;1;1;3;4; ; ;1;2;1,733577083
26608;1;1;1; ;1;1;1;1;2;1;1;4;4;8;3;2;1,733577083
26617;1;1;1; ;1;1;1;1;1;1;1;4;4;15;4;4;1,733577083
26646;1;1;1; ;1;1;1;1;1;1;1;4;6;14;1;1;1,733577083
26650;1;1;2; ;2;1;1;1;1;1;1;6;6; ;1;1;1,733577083
30208;1;1;1; ;2;1;1;1;2;1;2; ; ; ;4;1;1,733577083
30227;1;1;1; ;1;1;1;1;2;1;1;2;4;10;3;3;1,733577083
30459;1;1;1; ;1;1;1;1;1;1;1;4;4;14;2;2;1,733577083
30460;1;1;1; ;1;1;1;1;1;1;1;4;2;12;4;4;1,733577083
30463;1;1;1; ;1;1;1;1;2;2;1;8;6;15;5;5;1,733577083
30481;1;1;1; ;2;1;1;1;2;1;1;6;6; ;1;1;1,733577083
30496;1;1;1; ;1;1;1;1;1;1;1;4;4;15;5;1;1,733577083
30519;1;1;1; ;1;1;1;1;2;6;1; ; ; ; ;1;1,733577083
30520;1;1;1; ;2;1;1;1;1;1;1;6;6; ;1;1;1,733577083
30524;1;1;1; ;2;1;1;1;2;1;1;4;4;17;2;4;1,733577083
38348;1;1;1; ;1;1;1;1;1;1;1;2;6;13;4;4;1,733577083
38677;1;1;1; ;1;1;1;1;2;1;1;2;6;15;2;1;1,733577083
39672;1;1;1; ;1;1;1;1;2;1;3;4;8;10;5;5;1,733577083
39691;1;1;1; ;1;1;2;1;1;1;3;4;8;14;4;3;1,733577083
39696;1;1;3; ;1;1;1;1;2;6;1; ; ;16;1;1;1,733577083
39719;1;1;1; ;1;1;1;1;1;1;1;4;4;14;4;3;1,733577083
39728;1; ;3; ;1;1;1;1;1;1;1; ; ; ;1;1;1,733577083
39729;1;1;1; ;1;2;1;1;1;1;3;7; ; ;1;1;1,733577083
40872;1;1;1; ;1;1;1;1;1;1;1;2;2;16;2;2;1,733577083
1338;1;1;1; ;2;1;1;1;1;1;1;6;6;14;1;1;1,741107172
3669;1;1;1; ;2;1;1;1;2;1;2;2;8;15;5;4;1,741107172
4576;1;1;1; ;1;1;1;1;1;1;1;7;6;14;3;3;1,741107172
5843;1;1;1; ;1;1;1;1;1;1;1;4;6;15;4;4;1,741107172
7074;1;1;1; ;1;1;1;1;1;1;1;4;4;14;4;4;1,741107172
7535;1;1;1; ;2;1;1;1;1;1;2;2;9;10;2; ;1,741107172
10017;1;1;1; ;1;1;1;1;2;1;2;4;4;13;5;4;1,741107172
40889;1;1;1; ;1;1;1;1;2;1;1;3;4;12;4;4;1,741107172
43380;1;1;1; ;2;1;1;1;2;4;1; ;6;14; ; ;1,741107172
4119;2;1;1; ;1;1;1;1;1;1;1;3;3;15;5;5;1,747264536
7210;2;1;1; ;1;2;1;1;4;1;7;4;9;12;5;1;1,747264536
20968;2;1;1; ;1;1;1;1;1;1;1; ; ; ;5;2;1,77144285
41241;2; ;1; ;2;1;1;1;2;4;1; ; ;9; ;1;1,785052185
1187;1;1;1; ;2;1;1;1;1;1;2;4;8; ; ; ;1,799271786
1189;1;1;1; ;1;1;1;1;1;1;1; ;4; ; ; ;1,799271786
29858;1;1;1; ;2;1;1;1;2;1;1;3;2;15; ; ;1,803383277
31634;2;1;1; ;2;2;1;1;1;1;1;7;6; ; ; ;1,850525896
14716;2;1;1; ;1;2;2;1;1;1;2;7;8;16;4;1;1,858950399
23852;1;1;1; ;1;1;1;1;2;1;1;6;6;15;3;3;1,884283797
36182;2; ;2; ;2;1;1;4;2;1;1;2;6; ;4;4;1,952933879
6863;2;1;1; ;1;1;1;1;2;1;1;2;6;16;4;4;1,953804244
6880;2;1;1; ;1;1;1;1;2;2;4;8;8;15;5;2;1,953804244
6883;2;1;1; ;1;1;1;1;1;1;1;4;4; ;3;3;1,953804244
6887;2;1;1; ;2;1;1;3;2;5;5;8;8;15;2;2;1,953804244
6893;2;1;1; ;2;1;1;1;1;1;4;3;3;15;2;2;1,953804244
6897;2;1;1; ;1;1;1;1;1;1;1;2;5; ;2;2;1,953804244
6902;2;1;1; ;1;1;1;1;1;1;2;7;8;12;4;4;1,953804244
6906;2;1;1; ;1;1;1;1;1;5;5;4;4; ;2;2;1,953804244
32427;1;1;1; ;1;1;1;1;1;5;1;7;6;16; ; ;1,964940942
32432;1;1;1; ;2;1;2;2;2; ;1; ;6;14; ;1;1,964940942
13011;1;1;1; ;1;1;1;2;2;1;2;4;8;10;3;3;2,009054597
23199;1;1;1; ;1;1;2;1;1;1;1;7;6;7;5;1;2,015329708
23215;1;1;1; ;1;1;1;1;1;1;1;7;6;6;2;2;2,015329708
23287;1;1;1; ;1;1;1;1;1;1;1;6;6;15;4;3;2,015329708
9977;1;1;2; ;2;1;1;1;2;7;1; ;4;15;1;1;2,029946779
196;1;1;1; ;1;1;1;1;1;1;1;2;6;15;2;1;2,045544191
206;1;1;3; ;1;1;1;1;2;1;1;4;4;16;4;4;2,045544191
919;1;1;1; ;1;1;1;1;1;1;1;5;6;15;4;3;2,045544191
1000;1;1;1; ;2;2;2;1;1;5;1;8;2;16;1;1;2,045544191
1007;1;1;1; ;1;1;1;1;2; ;1; ;6; ; ;1;2,045544191
1013;1;1;1; ;1;1;1;1;2;1;1;5;5;14;4;2;2,045544191
1019;1;1;1; ;1;1;1;1;1;1;1;4;6; ;3;1;2,045544191
1024;1;1;2; ;2;1;1;1;2;1;1;6;6; ;4;4;2,045544191
1048;1;1;1; ;2;1;1;1;2;1;1;7;4;16;1;3;2,045544191
1053;1;1;1; ;1;1;1;1;2;6;1; ; ;16; ;1;2,045544191
1057;1;1;1; ;1;1;1;1;1;1;2;7;8;14;2;2;2,045544191
1060;1;1;1; ;2;1;1;1;1;1;3;3;8;17;1;1;2,045544191
1077;1;1;1; ;1;1;1;1;1;1;1;4;4;16; ; ;2,045544191
1079;1;1;1; ;1;1;1;1;1;1;1;4;5; ;3;2;2,045544191
23188;1;1;1; ;1;2;2;1;1;1;1;4;4; ;4;4;2,045544191
23207;1;1;1; ;1;1;1;2;1;1;1;5;6;12;3;2;2,045544191
23212;1;1;1; ;1;1;1;1;2;1;1;7;7;15;1;1;2,045544191
27132;1;1;2; ;1;1;1;1;1;1;1;6;6;14;4;4;2,045544191
27138;1;1;1; ;1;1;1;1;2;1;1;7;6;15;1;2;2,045544191
27150;1;1; ; ;1;1;1;1;1;1;1;2;4;12;5;5;2,045544191
27156;1; ;1; ;2;1;2;1;1;1;1;4;6; ;1;1;2,045544191
27158;1;1;1; ;2;1;2;1;1;1;1;6;5;15;3;3;2,045544191
27163;1;1;1; ;1;1;2;1;2;1;1; ; ;14;5;1;2,045544191
27213;1;1;1; ;1;2;1;3;2;1;3; ;8;12;1;1;2,045544191
32023;1; ;2; ;2;2;2;1;1;1;1; ;4;16;3;3;2,045544191
32046;1;1;3; ;1;1;1;4;2;7;1;9;5; ; ;1;2,045544191
32055;1;1;1; ;1;1;1;1;1;2;1;4;4;13; ; ;2,045544191
32202;1;1;1; ;1;1;1;1;2;1;1;7;6;16;4;3;2,045544191
32213;1;1;1; ;1;1;1;1;1;1;1; ; ;12;4;4;2,045544191
32231;1;1;1; ;1;1;1;1;1;1;1;5;6;15;3;3;2,045544191
32271;1;1;1; ;1;1;1;1;1;1;1;4;4;15;3;1;2,045544191
32275;1;1;1; ;1;1;1;1;1;5;3;7;8; ;1;1;2,045544191
32407;1;1;1; ;1;1;1;1;1;1;1;7;6;14;2;2;2,045544191
32431;1;1;1; ;1;1;1;1;1;1;3;6;8;16;3;3;2,045544191
32433;1;1;1; ;1;1;1;1;4; ;1;9; ;10;2;2;2,045544191
32441;1;1;1; ;2;1;1;1;1;1;3;7;8; ;1;1;2,045544191
1086;1;1;1; ;1;1;1;1;1;1;1;6;6;15;4;1;2,054429363
23180;1;1;1; ;1;1;1;1;1;2;1;8;5;16;1;1;2,054429363
23282;1;1;1; ;1;1;1;1;1;1;1;6;4;15;2;2;2,054429363
27147;1; ;1; ;1;3;3;2;1;1;1;1;7;16;2;4;2,054429363
27167;1; ;1; ;2;1;1;1;1;5;1;7;7;15;1;1;2,054429363
27170;1;1;2; ;2;1;1;1;2;1;1;7;4;15;2;2;2,054429363
43813;2;1;1; ;1;1;2;1;1;1;1;6;6;15;4;3;2,138674412
41809;2;1;1; ;2;1;2;1;2;1;1; ; ; ; ;2;2,177808024
20576;1;1;1; ;1;1;1;1;2;1;2; ;8;16;4;1;2,227830078
32421;2;1;1; ;2;1;2;1;1;2;1;8; ; ;5;5;2,252862101
218;2;1;1; ;2;1;1;2;2;1;1;6;6; ;1;1;2,253765316
23539;2;1;1; ;2;1;1;1;1;1;1;7;6;16;2;2;2,268173544
23184;1;1;1; ;1;2;2;1;2;1;1;7;7; ; ; ;2,288770788
21730;2;2; ;2;1;1;3;1;2; ; ; ; ;18; ; ;2,305611714
1004;1;1;1; ;1;1;2;1;2;1;1;6;6;16;5;2;2,392048229
19178;2; ;1; ;1;1;1;1;2;1;1;6;6;13;3;5;2,498165303
6865;1;1;1; ;1;1;2;1;1;1;1;7;1;14;5;5;2,640086221
6872;1;1;1; ;1;1;1;1;1;1;1;5;6;17;3;2;2,640086221
6891;1;1;1; ;1;1;1;2;1;1;1;5;6;16;3;3;2,640086221
6878;1;1;1; ;1;2;1;1;2;1;2;3;6;15;1;1;2,651553887
6907;1;1;1; ;2;2;3;1;2;2;1; ; ;16;1;1;2,651553887
30231;1;1;1; ;2;1;2;1;2;1;1;4;4; ; ; ;3,334762733
